"id","producto","tienda","categorias","variantes_origen","variantes_presentadas","duplicados_agrupados","etiquetas_genericas_origen","estado","controles","valores"
"ss-es-05d6c8edda81","Chaleco Q36.5 L1 Essential Negro","365Rider","Deporte | Ciclismo","2","2","0","0","configurador","Talla (buttons)","Talla: S / XL"
"fam-37945b94d1af","Samsung Galaxy Tab A11 Cuádruples","Amazon ES","Tecnología","2","1","1","0","duplicados_agrupados","",""
"fam-5e2e60618029","361 MIRO NUDE","BIKILA ES","Deporte | Running","3","3","0","0","configurador","Talla (buttons)","Talla: 8.5 / 9.5 / 10"
"fam-28dff81cff27","ADI365 CLIMACOOL+ 2 POCKET SHORTS","BIKILA ES","Deporte | Running","2","2","0","0","configurador","Talla (buttons)","Talla: M / L"
"fam-47b06304156f","ADIDAS ADI365 CLIMACOOL TEE","BIKILA ES","Deporte | Running","3","3","0","0","configurador","Talla (buttons)","Talla: S / M / L"
"fam-de8209a5f9e9","ADIDAS ADI365 FORMOTION 2IN1 SHORT","BIKILA ES","Deporte | Textil deportivo","2","2","0","0","configurador","Talla (buttons)","Talla: M / L"
"fam-36f70c5db932","ADIDAS ADI365 FORMOTION SHORT","BIKILA ES","Deporte | Textil deportivo","6","6","0","0","configurador","Color o diseño (visual) | Talla (buttons)","Color o diseño: Diseño 1 / Diseño 2 | Talla: S / M / L"
"fam-94ebdc378fb1","ADIDAS ADISTAR 5","BIKILA ES","Deporte | Running","10","10","0","0","configurador","Color o diseño (visual) | Talla (buttons)","Color o diseño: Diseño 1 / Diseño 2 | Talla: 9 / 9.5 / 10 / 10.5 / 11"
"fam-a03ceac70d57","ADIDAS ADISTAR 5 MUJER","BIKILA ES","Deporte | Running","5","5","0","0","configurador","Talla (buttons)","Talla: 7 / 7.5 / 8 / 8.5 / 9"
"fam-d4e409946110","ADIDAS ADISTAR BYD 2","BIKILA ES","Deporte | Running","35","35","0","0","configurador","Color o diseño (visual) | Talla (buttons)","Color o diseño: Diseño 1 / Diseño 2 / Diseño 3 | Talla: 7 / 7.5 / 8 / 8.5 / 9 / 9.5 / 10 / 10.5 / 11 / 11.5 / 12 / 12.5 / 13"
"fam-f23040f0f55f","ADIDAS ADISTAR BYD 2 MUJER","BIKILA ES","Deporte | Running","9","9","0","0","configurador","Color o diseño (visual) | Talla (buttons)","Color o diseño: Diseño 1 / Diseño 2 | Talla: 6 / 7 / 7.5 / 8 / 8.5"
"fam-5cacfa1208a5","ADIDAS ADIZERO ADIOS 9","BIKILA ES","Deporte | Running","13","13","0","0","configurador","Color o diseño (visual) | Talla (buttons)","Color o diseño: Diseño 1 / Diseño 2 | Talla: 8.5 / 9 / 9.5 / 10 / 10.5 / 11 / 11.5"
"fam-15c11db180cf","ADIDAS ADIZERO ADIOS 9 MUJER","BIKILA ES","Deporte | Running","16","16","0","0","configurador","Color o diseño (visual) | Talla (buttons)","Color o diseño: Diseño 1 / Diseño 2 | Talla: 6 / 6.5 / 7 / 7.5 / 8 / 8.5 / 9 / 9.5"
"fam-4c63431b1a99","ADIDAS ADIZERO AMBITION 2","BIKILA ES","Deporte | Running","9","9","0","0","configurador","Talla (buttons)","Talla: 6 / 6.5 / 7 / 7.5 / 8 / 8.5 / 9 / 9.5 / 10"
"fam-e1e79a494e66","ADIDAS ADIZERO AVANTI 2","BIKILA ES","Deporte | Running","11","11","0","0","configurador","Color o diseño (visual) | Talla (buttons)","Color o diseño: Diseño 1 / Diseño 2 | Talla: 7.5 / 8.5 / 9 / 9.5 / 10 / 10.5 / 11"
"fam-5a1d2a4f2bda","ADIDAS ADIZERO BOSTON 13","BIKILA ES","Deporte | Running","37","37","0","0","configurador","Color o diseño (visual) | Talla (buttons)","Color o diseño: Diseño 1 / Diseño 2 / Diseño 3 | Talla: 7 / 7.5 / 8 / 8.5 / 9 / 9.5 / 10 / 10.5 / 11 / 11.5 / 12 / 12.5 / 13"
"fam-d74f8967e996","ADIDAS ADIZERO BOSTON 13 MUJER","BIKILA ES","Deporte | Running","8","8","0","0","configurador","Talla (buttons)","Talla: 6 / 6.5 / 7 / 7.5 / 8 / 8.5 / 9 / 9.5"
"fam-ba34ea69d241","ADIDAS ADIZERO CAP","BIKILA ES","Deporte | Running","3","3","0","1","configurador","Color o diseño (visual)","Color o diseño: Diseño 1 / Diseño 2 / Diseño 3"
"fam-e385d550851a","ADIDAS ADIZERO DROPSET PRO","BIKILA ES","Deporte | Running","6","6","0","0","configurador","Talla (buttons)","Talla: 8 / 9 / 9.5 / 10 / 10.5 / 12"
"fam-9e49f88a6357","ADIDAS ADIZERO DROPSET PRO MUJER","BIKILA ES","Deporte | Running","5","5","0","0","configurador","Talla (buttons)","Talla: 7 / 7.5 / 8 / 8.5 / 9"
"fam-a66c8f5123fd","ADIDAS ADIZERO EVO SL ATR","BIKILA ES","Deporte | Running","18","18","0","0","configurador","Color o diseño (visual) | Talla (buttons)","Color o diseño: Diseño 1 / Diseño 2 | Talla: 7.5 / 8 / 8.5 / 9 / 9.5 / 10 / 10.5 / 11 / 11.5 / 12"
"fam-2290b5397bb6","ADIDAS ADIZERO EVO SL ATR MUJER","BIKILA ES","Deporte | Running","8","8","0","0","configurador","Talla (buttons)","Talla: 6 / 6.5 / 7 / 7.5 / 8 / 8.5 / 9 / 9.5"
"fam-6cb3e8e7f00b","ADIDAS ADIZERO EVO SL MUJER","BIKILA ES","Deporte | Running","7","7","0","0","configurador","Talla (buttons)","Talla: 6 / 6.5 / 7 / 7.5 / 8 / 8.5 / 9"
"fam-64eafdbd35e1","ADIDAS ADIZERO EVO SL WOVEN","BIKILA ES","Deporte | Running","50","50","0","0","configurador","Color o diseño (visual) | Talla (buttons)","Color o diseño: Diseño 1 / Diseño 2 / Diseño 3 / Diseño 4 | Talla: 7 / 7.5 / 8 / 8.5 / 9 / 9.5 / 10 / 10.5 / 11 / 11.5 / 12 / 12.5 / 13"
"fam-f3bf707fdac2","ADIDAS ADIZERO EVO SL WOVEN MUJER","BIKILA ES","Deporte | Running","10","10","0","0","configurador","Color o diseño (visual) | Talla (buttons)","Color o diseño: Diseño 1 / Diseño 2 | Talla: 6 / 6.5 / 7 / 7.5 / 8 / 8.5"
"fam-5e79bc875a7a","ADIDAS ADIZERO FINESSE","BIKILA ES","Deporte | Running","9","9","0","0","configurador","Talla (buttons)","Talla: 7 / 7.5 / 8 / 8.5 / 9 / 9.5 / 10 / 11 / 11.5"
"fam-fc013f2a5537","ADIDAS ADIZERO HJ","BIKILA ES","Deporte | Running","10","10","0","0","configurador","Talla (buttons)","Talla: 7 / 7.5 / 8 / 8.5 / 9 / 9.5 / 10 / 10.5 / 11 / 11.5"
"fam-6d2b0510e7d8","ADIDAS ADIZERO JAVELIN","BIKILA ES","Deporte | Running","6","6","0","0","configurador","Talla (buttons)","Talla: 8.5 / 9 / 9.5 / 10 / 10.5 / 11.5"
"fam-4c313c53cda6","ADIDAS ADIZERO LJ","BIKILA ES","Deporte | Running","13","13","0","0","configurador","Talla (buttons)","Talla: 6 / 6.5 / 7 / 7.5 / 8 / 8.5 / 9 / 9.5 / 10 / 10.5 / 11 / 11.5 / 12"
"fam-45117236fb7a","ADIDAS ADIZERO PRIME SP 4","BIKILA ES","Deporte | Running","13","13","0","0","configurador","Talla (buttons)","Talla: 5 / 5.5 / 6 / 6.5 / 7 / 7.5 / 8 / 8.5 / 9 / 9.5 / 10 / 10.5 / 11"
"fam-d017e10e1e39","ADIDAS ADIZERO PRIME X 3 STRUNG","BIKILA ES","Deporte | Running","5","5","0","0","configurador","Talla (buttons)","Talla: 9 / 9.5 / 10 / 10.5 / 11"
"fam-09ac378bc4c7","ADIDAS ADIZERO TAKUMI 11","BIKILA ES","Deporte | Running","5","5","0","0","configurador","Talla (buttons)","Talla: 9 / 9.5 / 10 / 10.5 / 11"
"fam-96cab5942f3d","ADIDAS ADIZERO THROWS","BIKILA ES","Deporte | Running","9","9","0","0","configurador","Talla (buttons)","Talla: 8 / 8.5 / 9 / 9.5 / 10 / 10.5 / 11 / 12 / 13"
"fam-a7d826fc4aff","ADIDAS ADIZERO TJ PV","BIKILA ES","Deporte | Running","10","10","0","0","configurador","Talla (buttons)","Talla: 6 / 6.5 / 7 / 8 / 8.5 / 9 / 10 / 10.5 / 11 / 11.5"
"fam-decd68af94e6","ADIDAS ADIZERO XCS","BIKILA ES","Deporte | Running","7","7","0","0","configurador","Talla (buttons)","Talla: 8.5 / 9 / 9.5 / 10 / 10.5 / 11 / 11.5"
"fam-9d8430dc30d8","ADIDAS AEROREADY RUN GLOVES","BIKILA ES","Deporte | Running","3","3","0","0","configurador","Talla (buttons)","Talla: S / M / L"
"fam-cd3e0ab28879","ADIDAS ALLROUNDSTAR J","BIKILA ES","Deporte | Running","29","29","0","0","configurador","Color o diseño (visual) | Talla (buttons)","Color o diseño: Diseño 1 / Diseño 2 / Diseño 3 | Talla: 1.5 / 2 / 2.5 / 3 / 3.5 / 4 / 4.5 / 5 / 5.5 / 6 / 6.5"
"fam-b904c46b2ac4","ADIDAS BIKILA RUN BOOTY SHORT MUJER","BIKILA ES","Deporte | Textil deportivo","2","2","0","0","configurador","Talla (buttons)","Talla: XS / M"
"fam-2a271e3d0757","ADIDAS BIKILA RUN SHORT TIGHT","BIKILA ES","Deporte | Textil deportivo","3","3","0","0","configurador","Talla (buttons)","Talla: S / L / XL"
"fam-36b3ecd17ea4","ADIDAS BIKILA TEAM JACKET","BIKILA ES","Deporte | Textil deportivo","7","7","0","0","configurador","Color o diseño (visual) | Talla (buttons)","Color o diseño: Diseño 1 / Diseño 2 | Talla: S / M / L / XL"
"fam-444d2eb6e7d1","ADIDAS BIKILA TEAM JACKET MUJER","BIKILA ES","Deporte | Textil deportivo","7","7","0","0","configurador","Color o diseño (visual) | Talla (buttons)","Color o diseño: Diseño 1 / Diseño 2 | Talla: XS / S / M / L"
"fam-769032c999cf","ADIDAS BIKILA TEAM LONG TIGHT","BIKILA ES","Deporte | Textil deportivo","2","2","0","0","configurador","Talla (buttons)","Talla: S / M"
"fam-f17931e8b858","ADIDAS BIKILA TEAM LONG TIGHT MUJER","BIKILA ES","Deporte | Textil deportivo","4","4","0","0","configurador","Talla (buttons)","Talla: XS / S / M / L"
"fam-9c4c926d9328","ADIDAS BIKILA TEAM SHORT","BIKILA ES","Deporte | Textil deportivo","4","4","0","0","configurador","Talla (buttons)","Talla: S / M / L / XL"
"fam-62393a6f9f25","ADIDAS BIKILA TEAM SHORT TIGHT","BIKILA ES","Deporte | Textil deportivo","8","8","0","0","configurador","Color o diseño (visual) | Talla (buttons)","Color o diseño: Diseño 1 / Diseño 2 | Talla: S / M / L / XL"
"fam-bb33df2c9944","ADIDAS BIKILA TEAM SHORT TIGHT MUJER","BIKILA ES","Deporte | Textil deportivo","8","8","0","0","configurador","Color o diseño (visual) | Talla (buttons)","Color o diseño: Diseño 1 / Diseño 2 | Talla: XS / S / M / L"
"fam-4be78b226b0b","ADIDAS BIKILA TEAM SINGLET","BIKILA ES","Deporte | Running","13","13","0","0","configurador","Color o diseño (visual) | Talla (buttons)","Color o diseño: Diseño 1 / Diseño 2 / Diseño 3 | Talla: XS / S / M / L / XL"
"fam-387ad3f75f79","ADIDAS BIKILA TEAM SINGLET MUJER","BIKILA ES","Deporte | Running","12","12","0","0","configurador","Color o diseño (visual) | Talla (buttons)","Color o diseño: Diseño 1 / Diseño 2 / Diseño 3 | Talla: XS / S / M / L"
"fam-5c050fbee12a","ADIDAS BIKILA TEAM SPLIT SHORT","BIKILA ES","Deporte | Textil deportivo","5","5","0","0","configurador","Color o diseño (visual) | Talla (buttons)","Color o diseño: Diseño 1 / Diseño 2 | Talla: S / M / L / XL"
"fam-0c7df0f4c984","ADIDAS BIKILA TEAM SPLIT SHORT MUJER","BIKILA ES","Deporte | Textil deportivo","6","6","0","0","configurador","Color o diseño (visual) | Talla (buttons)","Color o diseño: Diseño 1 / Diseño 2 | Talla: XS / S / M / L"
"fam-195e2e34882e","ADIDAS BIKILA TEAM SS","BIKILA ES","Deporte | Running","13","13","0","0","configurador","Color o diseño (visual) | Talla (buttons)","Color o diseño: Diseño 1 / Diseño 2 / Diseño 3 | Talla: XS / S / M / L / XL"
"fam-25d7082a9077","ADIDAS BIKILA TEAM SS MUJER","BIKILA ES","Deporte | Running","12","12","0","0","configurador","Color o diseño (visual) | Talla (buttons)","Color o diseño: Diseño 1 / Diseño 2 / Diseño 3 | Talla: XS / S / M / L"
"fam-962a332d0565","ADIDAS BIKILA TEAM TOP MUJER","BIKILA ES","Deporte | Textil deportivo","12","12","0","0","configurador","Color o diseño (visual) | Talla (buttons)","Color o diseño: Diseño 1 / Diseño 2 / Diseño 3 | Talla: XS / S / M / L"
"fam-54b97f7d6b6c","ADIDAS DISTANCESTAR","BIKILA ES","Deporte | Running","11","11","0","0","configurador","Talla (buttons)","Talla: 6.5 / 7 / 7.5 / 8 / 8.5 / 9 / 9.5 / 10 / 10.5 / 11 / 11.5"
"fam-2478c3a39b04","ADIDAS HYPERBOOST EDGE","BIKILA ES","Deporte | Running","15","15","0","0","configurador","Color o diseño (visual) | Talla (buttons)","Color o diseño: Diseño 1 / Diseño 2 / Diseño 3 | Talla: 7.5 / 8.5 / 9 / 9.5 / 10 / 10.5 / 11 / 11.5 / 12"
"fam-b1c313f38e2a","ADIDAS HYPERBOOST EDGE MUJER","BIKILA ES","Deporte | Running","12","12","0","0","configurador","Color o diseño (visual) | Talla (buttons)","Color o diseño: Diseño 1 / Diseño 2 / Diseño 3 | Talla: 6.5 / 7 / 7.5 / 8 / 8.5 / 9"
"fam-b1c63b9eeb7c","ADIDAS RUN LIGHT ANKLE SOCKS","BIKILA ES","Deporte | Calcetines deportivos","7","7","0","0","configurador","Color o diseño (visual) | Talla (buttons)","Color o diseño: Diseño 1 / Diseño 2 | Talla: S / M / L / XL"
"fam-b8b04587d5b6","ADIDAS RUN LIGHT CREW SOCKS","BIKILA ES","Deporte | Calcetines deportivos","3","3","0","0","configurador","Talla (buttons)","Talla: S / M / L"
"fam-7e115108f282","ADIDAS RUN MESH CAP","BIKILA ES","Deporte | Running","4","4","0","4","configurador","Color o diseño (visual)","Color o diseño: Diseño 1 / Diseño 2 / Diseño 3 / Diseño 4"
"fam-97d6b97d64bc","ADIDAS RUN MSG CREW SOCKS","BIKILA ES","Deporte | Calcetines deportivos","6","6","0","0","configurador","Color o diseño (visual) | Talla (buttons)","Color o diseño: Diseño 1 / Diseño 2 | Talla: S / M / L / XL"
"fam-576394e77a68","ADIDAS RUNNING CATEGORY GRAPHIC T-SHIRT","BIKILA ES","Deporte | Textil deportivo","3","3","0","0","configurador","Talla (buttons)","Talla: S / M / L"
"fam-db0ccc1b4413","ADIDAS SPRINTSTAR","BIKILA ES","Deporte | Running","15","15","0","0","configurador","Talla (select)","Talla: 4 / 4.5 / 5 / 5.5 / 6 / 6.5 / 7 / 7.5 / 8 / 8.5 / 9 / 9.5 / 10 / 10.5 / 11"
"fam-dd36bb26aeb1","ADIDAS SUB-2 MARATHON CELEBRATION 1:59:30","BIKILA ES","Deporte | Running","4","4","0","0","configurador","Talla (buttons)","Talla: S / M / L / XL"
"fam-35b0532f4b54","ADIDAS SUB-2 MARATHON CELEBRATION TIMES","BIKILA ES","Deporte | Running","4","4","0","0","configurador","Talla (buttons)","Talla: S / M / L / XL"
"fam-faee3039a7fb","ADIDAS SUPERNOVA RISE 3","BIKILA ES","Deporte | Running","28","28","0","0","configurador","Color o diseño (visual) | Talla (buttons)","Color o diseño: Diseño 1 / Diseño 2 / Diseño 3 | Talla: 7.5 / 8 / 8.5 / 9 / 9.5 / 10 / 10.5 / 11 / 11.5 / 12"
"fam-c52ebf328838","ADIDAS SUPERNOVA RISE 3 MUJER","BIKILA ES","Deporte | Running","10","10","0","0","configurador","Color o diseño (visual) | Talla (buttons)","Color o diseño: Diseño 1 / Diseño 2 | Talla: 6.5 / 7 / 7.5 / 8 / 8.5 / 9"
"fam-22c8dd080ef9","ADIDAS SUPERNOVA SOLUTION 3","BIKILA ES","Deporte | Running","14","14","0","0","configurador","Talla (buttons)","Talla: 7 / 7.5 / 8 / 8.5 / 9 / 9.5 / 10 / 10.5 / 11 / 11.5 / 12 / 12.5 / 13 / 14"
"fam-eea2af214a61","ADIDAS TERREX AGRAVIC SL","BIKILA ES","Deporte | Running","6","6","0","0","configurador","Talla (buttons)","Talla: 8.5 / 9 / 9.5 / 10 / 10.5 / 11"
"fam-9e3ed73ca4bd","ADIDAS TERREX AGRAVIC SPEED ULTRA 2","BIKILA ES","Deporte | Running","4","4","0","0","configurador","Talla (buttons)","Talla: 9 / 9.5 / 10 / 10.5"
"fam-ec7d5317b738","ALTRA ESCALANTE 5","BIKILA ES","Deporte | Running","6","6","0","0","configurador","Talla (buttons)","Talla: 8.5 / 9 / 9.5 / 10 / 10.5 / 11"
"fam-bc539594cec2","ALTRA ESCALANTE 5 MUJER","BIKILA ES","Deporte | Running","4","4","0","0","configurador","Talla (buttons)","Talla: 7 / 7.5 / 8 / 8.5"
"fam-eeefa0bbed31","ALTRA EXPERIENCE FLOW 3","BIKILA ES","Deporte | Running","7","7","0","0","configurador","Talla (buttons)","Talla: 8.5 / 9 / 9.5 / 10 / 10.5 / 11 / 11.5"
"fam-64bc9c04ef59","ALTRA EXPERIENCE FLOW 3 MUJER","BIKILA ES","Deporte | Running","8","8","0","0","configurador","Color o diseño (visual) | Talla (buttons)","Color o diseño: Diseño 1 / Diseño 2 | Talla: 7 / 7.5 / 8 / 8.5 / 9"
"fam-6228f4d97067","ALTRA EXPERIENCE WILD 3+","BIKILA ES","Deporte | Running","7","7","0","0","configurador","Talla (buttons)","Talla: 8.5 / 9 / 9.5 / 10 / 10.5 / 11 / 11.5"
"fam-bd20675a8c90","ALTRA EXPERIENCE WILD 3+ MUJER","BIKILA ES","Deporte | Running","3","3","0","0","configurador","Talla (buttons)","Talla: 7 / 8 / 9"
"fam-499d8c5ca7e0","ALTRA LONE PEAK 9+","BIKILA ES","Deporte | Running","6","6","0","0","configurador","Talla (buttons)","Talla: 8.5 / 9 / 9.5 / 10 / 11 / 11.5"
"fam-6a5307f92c1d","ALTRA LONE PEAK 9+ MUJER","BIKILA ES","Deporte | Running","4","4","0","0","configurador","Talla (buttons)","Talla: 7.5 / 8 / 8.5 / 9"
"fam-bb1c58fad45d","ALTRA MOTIV FLX","BIKILA ES","Deporte | Running","7","7","0","0","configurador","Talla (buttons)","Talla: 8.5 / 9 / 9.5 / 10 / 10.5 / 11 / 11.5"
"fam-4e07771bb7bc","ALTRA MOTIV FLX MUJER","BIKILA ES","Deporte | Running","4","4","0","0","configurador","Talla (buttons)","Talla: 7 / 7.5 / 8 / 8.5"
"fam-7b6eee9c2086","ALTRA OLYMPUS 275 HILO","BIKILA ES","Deporte | Running","4","4","0","0","configurador","Talla (buttons)","Talla: 8.5 / 9 / 10 / 10.5"
"fam-8aa59495aa74","ALTRA TORIN 9","BIKILA ES","Deporte | Running","16","16","0","0","configurador","Color o diseño (visual) | Talla (buttons)","Color o diseño: Diseño 1 / Diseño 2 | Talla: 8 / 8.5 / 9 / 9.5 / 10 / 10.5 / 11 / 11.5 / 12"
"fam-850071eaee2e","ALTRA TORIN 9 ANCHO EXTRA","BIKILA ES","Deporte | Running","6","6","0","0","configurador","Talla (buttons)","Talla: 8.5 / 9 / 9.5 / 10 / 10.5 / 11.5"
"fam-75fb6dea4726","ALTRA TORIN 9 MUJER","BIKILA ES","Deporte | Running","4","4","0","0","configurador","Talla (buttons)","Talla: 7 / 7.5 / 8 / 8.5"
"fam-47288b7e1338","ALTRA TORIN 9 MUJER ANCHO EXTRA","BIKILA ES","Deporte | Running","4","4","0","0","configurador","Talla (buttons)","Talla: 7 / 7.5 / 8 / 8.5"
"fam-005cfcb46fb7","ASICS 2PACK LIGHT RUN ANKLE SOCK","BIKILA ES","Deporte | Calcetines deportivos","3","3","0","0","configurador","Talla (buttons)","Talla: S / M / L"
"fam-3b2f3e32963c","ASICS 2PPK CUSHION RUN QRTR SOCK","BIKILA ES","Deporte | Calcetines deportivos","3","3","0","0","configurador","Talla (buttons)","Talla: S / M / L"
"fam-5789ff8a5de9","ASICS 5 PANEL CAP","BIKILA ES","Deporte | Running","2","2","0","0","configurador","Talla (buttons)","Talla: M/L / S/M"
"fam-7db41b26c7e3","ASICS CORE SPLIT","BIKILA ES","Deporte | Running","3","3","0","0","configurador","Talla (buttons)","Talla: S / M / L"
"fam-23065c66ed64","ASICS CUMULUS 28","BIKILA ES","Deporte | Running","38","38","0","0","configurador","Color o diseño (visual) | Talla (buttons)","Color o diseño: Diseño 1 / Diseño 2 / Diseño 3 / Diseño 4 | Talla: 7.5 / 8 / 8.5 / 9 / 9.5 / 10 / 10.5 / 11 / 11.5 / 12"
"fam-98437f9af5a6","ASICS CUMULUS 28 MUJER","BIKILA ES","Deporte | Running","17","17","0","0","configurador","Color o diseño (visual) | Talla (buttons)","Color o diseño: Diseño 1 / Diseño 2 / Diseño 3 | Talla: 6.5 / 7 / 7.5 / 8 / 8.5 / 9 / 9.5"
"fam-b16cc8ceb337","ASICS FUJI LITE 7","BIKILA ES","Deporte | Running","6","6","0","0","configurador","Talla (buttons)","Talla: 8.5 / 9 / 9.5 / 10 / 10.5 / 11"
"fam-907f964700e3","ASICS GEL NIMBUS 28","BIKILA ES","Deporte | Running","15","15","0","0","configurador","Color o diseño (visual) | Talla (buttons)","Color o diseño: Diseño 1 / Diseño 2 | Talla: 8 / 8.5 / 9 / 9.5 / 10 / 10.5 / 11 / 11.5 / 12 / 12.5"
"fam-ac3d4f3780c8","ASICS GEL-KAYANO 33","BIKILA ES","Deporte | Running","17","17","0","0","configurador","Color o diseño (visual) | Talla (buttons)","Color o diseño: Diseño 1 / Diseño 2 | Talla: 8 / 8.5 / 9 / 9.5 / 10 / 10.5 / 11 / 11.5 / 12 / 13 / 14"
"fam-1bbea4450d95","ASICS GEL-KAYANO 33 MUJER","BIKILA ES","Deporte | Running","4","4","0","0","configurador","Talla (buttons)","Talla: 7 / 7.5 / 8 / 8.5"
"fam-b429c1cc7587","ASICS MEGABLAST","BIKILA ES","Deporte | Running","8","8","0","0","configurador","Talla (buttons)","Talla: 8 / 8.5 / 9 / 9.5 / 10 / 10.5 / 11 / 12"
"fam-122e86ee7c92","ASICS METASPEED EDGE 4 TOKYO","BIKILA ES","Deporte | Running","11","11","0","0","configurador","Talla (buttons)","Talla: 7 / 7.5 / 8 / 8.5 / 9 / 9.5 / 10 / 10.5 / 11 / 11.5 / 12"
"fam-6ca778833f00","ASICS METASPEED SKY 4 TOKYO","BIKILA ES","Deporte | Running","9","9","0","0","configurador","Talla (buttons)","Talla: 8 / 8.5 / 9 / 9.5 / 10 / 10.5 / 11 / 11.5 / 12"
"fam-9a9e20904375","ASICS NOVABLAST 6","BIKILA ES","Deporte | Running","49","49","0","0","configurador","Color o diseño (visual) | Talla (buttons)","Color o diseño: Diseño 1 / Diseño 2 / Diseño 3 / Diseño 4 | Talla: 7 / 7.5 / 8 / 8.5 / 9 / 9.5 / 10 / 10.5 / 11 / 11.5 / 12 / 12.5 / 13"
"fam-8ce46c8a57a8","ASICS NOVABLAST 6 MUJER","BIKILA ES","Deporte | Running","22","22","0","0","configurador","Color o diseño (visual) | Talla (buttons)","Color o diseño: Diseño 1 / Diseño 2 / Diseño 3 | Talla: 6 / 6.5 / 7 / 7.5 / 8 / 8.5 / 9 / 9.5 / 10"
"fam-fe9291f84613","Asics PRFM VISOR","BIKILA ES","Deporte | Running","2","2","0","2","configurador","Color o diseño (visual)","Color o diseño: Diseño 1 / Diseño 2"
"fam-15619346ce50","ASICS SUPERBLAST 3","BIKILA ES","Deporte | Running","15","15","0","0","configurador","Color o diseño (visual) | Talla (buttons)","Color o diseño: Diseño 1 / Diseño 2 / Diseño 3 / Diseño 4 | Talla: 7.5 / 8.5 / 9 / 9.5 / 10 / 10.5 / 11 / 12 / 13"
"fam-08f7cad62f6f","ASICS TRABUCO 14","BIKILA ES","Deporte | Running","28","28","0","0","configurador","Color o diseño (visual) | Talla (buttons)","Color o diseño: Diseño 1 / Diseño 2 / Diseño 3 | Talla: 7.5 / 8 / 8.5 / 9 / 9.5 / 10 / 10.5 / 11 / 11.5 / 12 / 12.5 / 13"
"fam-a7e4b77e4707","ASICS TRABUCO 14 MUJER","BIKILA ES","Deporte | Running","14","14","0","0","configurador","Color o diseño (visual) | Talla (buttons)","Color o diseño: Diseño 1 / Diseño 2 / Diseño 3 | Talla: 6.5 / 7 / 7.5 / 8 / 8.5 / 9"
"fam-1a8773a11a42","ASICS TRABUCO MAX 5","BIKILA ES","Deporte | Running","15","15","0","0","configurador","Color o diseño (visual) | Talla (buttons)","Color o diseño: Diseño 1 / Diseño 2 | Talla: 8.5 / 9 / 9.5 / 10 / 10.5 / 11 / 11.5 / 12 / 12.5"
"fam-a87328334bba","ASICS TRABUCO MAX 5 MUJER","BIKILA ES","Deporte | Running","4","4","0","0","configurador","Talla (buttons)","Talla: 7 / 7.5 / 8 / 9"
"fam-8d61dcc2dbf6","ASICS ULTRA LIGHTWEIGHT CAP","BIKILA ES","Deporte | Running","2","2","0","0","configurador","Color o diseño (visual)","Color o diseño: Diseño 1 / Diseño 2"
"fam-01645cf18045","Bikila BOLSA 20 CLAVOS","BIKILA ES","Deporte | Zapatillas de clavos","4","4","0","0","configurador","Talla (buttons)","Talla: 3 / 6 / 9 / 12"
"fam-a7b5b308884c","Bikila GUANTES DE LANZAMIENTO DE MARTILLO","BIKILA ES","Deporte | Running","5","5","0","0","configurador","Talla (buttons) | Orientación (buttons)","Talla: S / M / L | Orientación: derecha / izquierda"
"fam-e23c085817ed","BROOKS ADRENALINE GTS 25","BIKILA ES","Deporte | Running","43","43","0","0","configurador","Color o diseño (visual) | Talla (buttons)","Color o diseño: Diseño 1 / Diseño 2 / Diseño 3 / Diseño 4 | Talla: 7 / 7.5 / 8 / 8.5 / 9 / 9.5 / 10 / 10.5 / 11 / 11.5 / 12 / 12.5 / 13"
"fam-286d07f58b5e","BROOKS ADRENALINE GTS 25 MUJER","BIKILA ES","Deporte | Running","27","27","0","0","configurador","Color o diseño (visual) | Talla (buttons)","Color o diseño: Diseño 1 / Diseño 2 / Diseño 3 / Diseño 4 | Talla: 6 / 6.5 / 7 / 7.5 / 8 / 8.5 / 9 / 9.5 / 10"
"fam-1a2aeabc7115","BROOKS CASCADIA 20","BIKILA ES","Deporte | Running","37","37","0","0","configurador","Color o diseño (visual) | Talla (buttons)","Color o diseño: Diseño 1 / Diseño 2 / Diseño 3 / Diseño 4 | Talla: 7.5 / 8 / 8.5 / 9 / 9.5 / 10 / 10.5 / 11 / 11.5 / 12 / 12.5 / 13"
"fam-11f85df89bba","BROOKS CASCADIA 20 MUJER","BIKILA ES","Deporte | Running","13","13","0","0","configurador","Color o diseño (visual) | Talla (buttons)","Color o diseño: Diseño 1 / Diseño 2 | Talla: 7 / 7.5 / 8 / 8.5 / 9 / 9.5 / 10"
"fam-45c4c674f676","BROOKS GHOST 18","BIKILA ES","Deporte | Running","72","72","0","0","configurador","Color o diseño (visual) | Talla (buttons)","Color o diseño: Diseño 1 / Diseño 2 / Diseño 3 / Diseño 4 / Diseño 5 / Diseño 6 / Diseño 7 / Diseño 8 | Talla: 7 / 7.5 / 8 / 8.5 / 9 / 9.5 / 10 / 10.5 / 11 / 11.5 / 12 / 12.5 / 13"
"fam-2a162923a5e9","BROOKS GHOST 18 MUJER","BIKILA ES","Deporte | Running","44","44","0","0","configurador","Color o diseño (visual) | Talla (buttons)","Color o diseño: Diseño 1 / Diseño 2 / Diseño 3 / Diseño 4 / Diseño 5 | Talla: 5 / 5.5 / 6 / 6.5 / 7 / 7.5 / 8 / 8.5 / 9 / 9.5 / 10"
"fam-7c021e983ddd","BROOKS GHOST MAX 3","BIKILA ES","Deporte | Running","2","2","0","0","configurador","Talla (buttons)","Talla: 8.5 / 9"
"fam-cf078c4718f4","BROOKS GHOST MAX 4","BIKILA ES","Deporte | Running","20","20","0","0","configurador","Color o diseño (visual) | Talla (buttons)","Color o diseño: Diseño 1 / Diseño 2 | Talla: 7.5 / 8 / 8.5 / 9 / 9.5 / 10 / 10.5 / 11 / 11.5 / 12 / 12.5 / 13"
"fam-38724a4054da","BROOKS GHOST MAX 4 MUJER","BIKILA ES","Deporte | Running","8","8","0","0","configurador","Talla (buttons)","Talla: 6.5 / 7 / 7.5 / 8 / 8.5 / 9 / 9.5 / 10"
"fam-a5589cc62e91","BROOKS GHOST TRAIL","BIKILA ES","Deporte | Zapatillas de trail","16","16","0","0","configurador","Color o diseño (visual) | Talla (buttons)","Color o diseño: Diseño 1 / Diseño 2 | Talla: 8 / 8.5 / 9 / 9.5 / 10 / 10.5 / 11 / 11.5 / 12"
"fam-d0666db1ba3f","BROOKS GLYCERIN 23","BIKILA ES","Deporte | Running","45","45","0","0","configurador","Color o diseño (visual) | Talla (buttons)","Color o diseño: Diseño 1 / Diseño 2 / Diseño 3 / Diseño 4 | Talla: 7 / 7.5 / 8 / 8.5 / 9 / 9.5 / 10 / 10.5 / 11 / 11.5 / 12 / 12.5 / 13"
"fam-8b1a40ea2ccc","BROOKS GLYCERIN 23 MUJER","BIKILA ES","Deporte | Running","18","18","0","0","configurador","Color o diseño (visual) | Talla (buttons)","Color o diseño: Diseño 1 / Diseño 2 / Diseño 3 / Diseño 4 | Talla: 7 / 7.5 / 8 / 8.5 / 9 / 10.5"
"fam-cda876a93d0d","BROOKS GLYCERIN GTS 23","BIKILA ES","Deporte | Running","20","20","0","0","configurador","Color o diseño (visual) | Talla (buttons)","Color o diseño: Diseño 1 / Diseño 2 | Talla: 8 / 8.5 / 9 / 9.5 / 10 / 10.5 / 11 / 11.5 / 12 / 12.5 / 13"
"fam-01e2db4a8f16","BROOKS GLYCERIN GTS 23 MUJER","BIKILA ES","Deporte | Running","16","16","0","0","configurador","Color o diseño (visual) | Talla (buttons)","Color o diseño: Diseño 1 / Diseño 2 | Talla: 6.5 / 7 / 7.5 / 8 / 8.5 / 9 / 9.5 / 10"
"fam-01dc7151f23f","BROOKS GLYCERIN MAX 2","BIKILA ES","Deporte | Running","16","16","0","0","configurador","Color o diseño (visual) | Talla (buttons)","Color o diseño: Diseño 1 / Diseño 2 / Diseño 3 | Talla: 8.5 / 9 / 9.5 / 10 / 10.5 / 11 / 11.5"
"fam-7c88e627fa8c","BROOKS GLYCERIN MAX 2 MUJER","BIKILA ES","Deporte | Running","5","5","0","0","configurador","Talla (buttons)","Talla: 7 / 7.5 / 8 / 8.5 / 9"
"fam-0961161c893b","BROOKS HYPERION MAX 4","BIKILA ES","Deporte | Running","16","16","0","0","configurador","Color o diseño (visual) | Talla (buttons)","Color o diseño: Diseño 1 / Diseño 2 | Talla: 8.5 / 9 / 9.5 / 10 / 10.5 / 11 / 11.5 / 12"
"fam-f410899b0b3f","BROOKS HYPERION MAX 4 MUJER","BIKILA ES","Deporte | Running","5","5","0","0","configurador","Talla (buttons)","Talla: 7 / 7.5 / 8 / 8.5 / 9"
"fam-b93e0a97ca33","Brooks NIGHTLIFE REFLECTIVE VEST","BIKILA ES","Deporte | Running","2","2","0","0","configurador","Talla (buttons)","Talla: L/XL / S/M"
"fam-bb2df8c9d4ce","BROOKS REVEL MAX","BIKILA ES","Deporte | Running","7","7","0","0","configurador","Talla (buttons)","Talla: 8 / 8.5 / 9 / 9.5 / 10 / 10.5 / 11"
"fam-412282bb51cb","BROOKS REVEL MAX MUJER","BIKILA ES","Deporte | Running","7","7","0","0","configurador","Talla (buttons)","Talla: 6.5 / 7 / 7.5 / 8 / 8.5 / 9 / 9.5"
"fam-f142485e4f18","BUFF ORIGINAL ECOSTRETCH","BIKILA ES","Deporte | Running","2","2","0","2","configurador","Color o diseño (visual)","Color o diseño: Diseño 1 / Diseño 2"
"fam-050e62f724e5","BUFF ORIGINAL ECOSTRETCH XMAS","BIKILA ES","Deporte | Running","2","2","0","2","configurador","Color o diseño (visual)","Color o diseño: Diseño 1 / Diseño 2"
"fam-85f4fd9ed636","CLOUDMONSTER 3 HYPER LIGHTSPRAY","BIKILA ES","Deporte | Running","3","3","0","0","configurador","Talla (buttons)","Talla: 9 / 9.5 / 10"
"fam-63dca83fceeb","COMPRESSPORT FULL SOCKS RUN","BIKILA ES","Deporte | Calcetines deportivos","2","2","0","0","configurador","Talla (buttons)","Talla: 39–41 / 42–44"
"fam-05050791f3c0","COMPRESSPORT PANTORRILLERA R1","BIKILA ES","Deporte | Running","4","4","0","0","configurador","Talla (buttons)","Talla: 1 / 2 / 3 / 4"
"fam-aa4c3b6dc3d7","COMPRESSPORT PANTORRILLERA R2 3.0","BIKILA ES","Deporte | Running","14","14","0","0","configurador","Color o diseño (visual) | Talla (buttons)","Color o diseño: Diseño 1 / Diseño 2 / Diseño 3 / Diseño 4 / Diseño 5 | Talla: 1 / 2 / 3 / 4"
"fam-4d4eb5b31456","Currex RUNPRO HIGH SOLE CUR2011","BIKILA ES","Deporte | Running","6","6","0","0","configurador","Talla (buttons)","Talla: XS / S / M / L / XL / XXL"
"fam-43448a6709ef","Currex RUNPRO LOW SOLE CUR2013","BIKILA ES","Deporte | Running","5","5","0","0","configurador","Talla (buttons)","Talla: XS / S / M / L / XL"
"fam-393a73be585c","Currex RUNPRO MEDIUM SOLE CUR2012","BIKILA ES","Deporte | Running","5","5","0","0","configurador","Talla (buttons)","Talla: XS / S / M / L / XL"
"fam-a05c76b761f3","EASSUN ARMOUR","BIKILA ES","Deporte | Running","3","3","0","3","configurador","Color o diseño (visual)","Color o diseño: Diseño 1 / Diseño 2 / Diseño 3"
"fam-b5e5ee0f4611","EASSUN SHADOW","BIKILA ES","Deporte | Running","4","4","0","4","configurador","Color o diseño (visual)","Color o diseño: Diseño 1 / Diseño 2 / Diseño 3 / Diseño 4"
"fam-267cb5485221","EASSUN SPRINT","BIKILA ES","Deporte | Running","4","4","0","4","configurador","Color o diseño (visual)","Color o diseño: Diseño 1 / Diseño 2 / Diseño 3 / Diseño 4"
"fam-110881556920","EASSUN VULCANO","BIKILA ES","Deporte | Running","2","2","0","2","configurador","Color o diseño (visual)","Color o diseño: Diseño 1 / Diseño 2"
"fam-f1c012b4790b","GOODR CIRCLE G","BIKILA ES","Deporte | Running","3","3","0","3","configurador","Color o diseño (visual)","Color o diseño: Diseño 1 / Diseño 2 / Diseño 3"
"fam-b7b1648b84b0","GOODR FLEX G","BIKILA ES","Deporte | Running","3","3","0","3","configurador","Color o diseño (visual)","Color o diseño: Diseño 1 / Diseño 2 / Diseño 3"
"fam-9f4f1ed68d75","GOODR LFG","BIKILA ES","Deporte | Running","2","2","0","2","configurador","Color o diseño (visual)","Color o diseño: Diseño 1 / Diseño 2"
"fam-eeab998a8f30","GOODR OG","BIKILA ES","Deporte | Running","10","10","0","10","configurador","Color o diseño (visual)","Color o diseño: Diseño 1 / Diseño 2 / Diseño 3 / Diseño 4 / Diseño 5 / Diseño 6 / Diseño 7 / Diseño 8 / Diseño 9 / Diseño 10"
"fam-5b2d71ab5f37","Hanker CHI HEADBAND","BIKILA ES","Deporte | Running","2","2","0","2","configurador","Color o diseño (visual)","Color o diseño: Diseño 1 / Diseño 2"
"fam-f328e033a2ff","Hanker KERA BELT","BIKILA ES","Deporte | Running","4","4","0","0","configurador","Color o diseño (visual) | Talla (buttons)","Color o diseño: Diseño 1 / Diseño 2 | Talla: L/XL / S/M"
"fam-ef23aed14762","Hanker LAG","BIKILA ES","Deporte | Running","5","5","0","0","configurador","Color o diseño (visual) | Talla (buttons)","Color o diseño: Diseño 1 / Diseño 2 / Diseño 3 | Talla: L/XL / S/M"
"fam-b50aef9152a1","Hanker TOPE BELT","BIKILA ES","Deporte | Running","2","2","0","0","configurador","Talla (buttons)","Talla: L/XL / S/M"
"fam-f81d6de5e47b","Hanker YUGPA BELT","BIKILA ES","Deporte | Running","2","2","0","0","configurador","Talla (buttons)","Talla: L/XL / S/M"
"fam-ab27f9257c6d","HOKA ARAHI 9","BIKILA ES","Deporte | Running","19","19","0","0","configurador","Color o diseño (visual) | Talla (buttons)","Color o diseño: Diseño 1 / Diseño 2 | Talla: 7.5 / 8 / 8.5 / 9 / 9.5 / 10 / 10.5 / 11 / 11.5 / 12 / 13"
"fam-90e279a2342a","HOKA ARAHI 9 MUJER","BIKILA ES","Deporte | Running","8","8","0","0","configurador","Talla (buttons)","Talla: 6 / 6.5 / 7 / 7.5 / 8 / 8.5 / 9.5 / 10"
"fam-16ee7eb299aa","HOKA BONDI 9","BIKILA ES","Deporte | Running","10","10","0","0","configurador","Talla (buttons)","Talla: 8.5 / 9 / 9.5 / 10 / 10.5 / 11 / 11.5 / 12 / 12.5 / 13"
"fam-941d28aa4b01","HOKA BONDI 9 MUJER","BIKILA ES","Deporte | Running","7","7","0","0","configurador","Color o diseño (visual) | Talla (buttons)","Color o diseño: Diseño 1 / Diseño 2 | Talla: 7 / 7.5 / 8 / 8.5 / 9"
"fam-fae7c2c7334e","HOKA CHALLENGER 8","BIKILA ES","Deporte | Running","7","7","0","0","configurador","Talla (buttons)","Talla: 8.5 / 9 / 9.5 / 10 / 10.5 / 11 / 11.5"
"fam-0ca2057de052","HOKA CIELO X1 3.0","BIKILA ES","Deporte | Running","5","5","0","0","configurador","Talla (buttons)","Talla: 9 / 9.5 / 10 / 10.5 / 11"
"fam-01d4c4f21e5e","HOKA CLIFTON 11","BIKILA ES","Deporte | Running","35","35","0","0","configurador","Color o diseño (visual) | Talla (buttons)","Color o diseño: Diseño 1 / Diseño 2 / Diseño 3 | Talla: 7 / 7.5 / 8 / 8.5 / 9 / 9.5 / 10 / 10.5 / 11 / 11.5 / 12 / 12.5 / 13"
"fam-c65e4b5cbe23","HOKA CLIFTON 11 MUJER","BIKILA ES","Deporte | Running","17","17","0","0","configurador","Color o diseño (visual) | Talla (buttons)","Color o diseño: Diseño 1 / Diseño 2 | Talla: 6 / 6.5 / 7 / 7.5 / 8 / 8.5 / 9 / 9.5 / 10"
"fam-e5534ea8e334","HOKA CLIFTON PRO","BIKILA ES","Deporte | Running","9","9","0","0","configurador","Talla (buttons)","Talla: 8 / 8.5 / 9 / 9.5 / 10 / 10.5 / 11 / 11.5 / 12"
"fam-07b007bf6106","HOKA CLIFTON PRO MUJER","BIKILA ES","Deporte | Running","5","5","0","0","configurador","Talla (buttons)","Talla: 7 / 7.5 / 8 / 8.5 / 9"
"fam-8b6f68b8e628","HOKA MACH 7","BIKILA ES","Deporte | Running","8","8","0","0","configurador","Color o diseño (visual) | Talla (buttons)","Color o diseño: Diseño 1 / Diseño 2 | Talla: 9 / 9.5 / 10 / 10.5"
"fam-6b91bed0acf0","HOKA MACH X 3","BIKILA ES","Deporte | Running","8","8","0","0","configurador","Talla (buttons)","Talla: 8.5 / 9 / 9.5 / 10 / 10.5 / 11 / 11.5 / 12"
"fam-45348c0bc084","HOKA MAFATE 5","BIKILA ES","Deporte | Running","7","7","0","0","configurador","Talla (buttons)","Talla: 9 / 9.5 / 10 / 10.5 / 11 / 11.5 / 12"
"fam-311f0dd9c9fa","HOKA RINCON 5","BIKILA ES","Deporte | Running","16","16","0","0","configurador","Color o diseño (visual) | Talla (buttons)","Color o diseño: Diseño 1 / Diseño 2 | Talla: 8.5 / 9 / 9.5 / 10 / 10.5 / 11 / 11.5 / 12 / 12.5 / 13"
"fam-baf62e918d50","HOKA RINCON 5 MUJER","BIKILA ES","Deporte | Running","5","5","0","0","configurador","Talla (buttons)","Talla: 7 / 7.5 / 8 / 8.5 / 9"
"fam-7b533c6a2418","HOKA ROCKET X 3","BIKILA ES","Deporte | Running","4","4","0","0","configurador","Talla (buttons)","Talla: 9 / 9.5 / 10 / 10.5"
"fam-2569f10acb1d","HOKA SKYWARD X 2","BIKILA ES","Deporte | Running","3","3","0","0","configurador","Talla (buttons)","Talla: 9 / 11 / 11.5"
"fam-ac3ffacf9b6d","HOKA SPEEDGOAT 7","BIKILA ES","Deporte | Running","30","30","0","0","configurador","Color o diseño (visual) | Talla (buttons)","Color o diseño: Diseño 1 / Diseño 2 / Diseño 3 / Diseño 4 / Diseño 5 | Talla: 8 / 8.5 / 9 / 9.5 / 10 / 10.5 / 11 / 11.5"
"fam-3c7028f34a36","HOKA SPEEDGOAT 7 MUJER","BIKILA ES","Deporte | Running","17","17","0","0","configurador","Color o diseño (visual) | Talla (buttons)","Color o diseño: Diseño 1 / Diseño 2 / Diseño 3 / Diseño 4 | Talla: 6.5 / 7 / 7.5 / 8 / 8.5 / 9"
"fam-a23bbeb90992","KAILAS FUGA EX330","BIKILA ES","Deporte | Running","4","4","0","0","configurador","Color o diseño (visual) | Talla (buttons)","Color o diseño: Diseño 1 / Diseño 2 | Talla: 8.5 / 9.5"
"fam-b838528baef4","LEKI NEOTRAIL PRO FX.ONE SL","BIKILA ES","Deporte | Running","3","1","2","3","duplicados_agrupados","",""
"fam-08371184d1e7","LEKI ULTRATRAIL FX.ONE SL","BIKILA ES","Deporte | Running","2","1","1","2","duplicados_agrupados","",""
"fam-2947c92ed14c","Lurbel RACE","BIKILA ES","Deporte | Running","2","2","0","0","configurador","Talla (buttons)","Talla: S / M"
"fam-587737232bde","Lurbel RACE THREE","BIKILA ES","Deporte | Running","2","2","0","0","configurador","Talla (buttons)","Talla: S / M"
"fam-954987a30db1","Lurbel TIWAR TWO","BIKILA ES","Deporte | Running","2","2","0","0","configurador","Talla (buttons)","Talla: M / L"
"fam-437489cfd159","MIZUNO NEO VISTA 3","BIKILA ES","Deporte | Running","16","16","0","0","configurador","Color o diseño (visual) | Talla (buttons)","Color o diseño: Diseño 1 / Diseño 2 | Talla: 8 / 8.5 / 9 / 9.5 / 10 / 10.5 / 11 / 11.5 / 12"
"fam-d06e0d96f8a5","MIZUNO NEO ZEN 2","BIKILA ES","Deporte | Running","9","9","0","0","configurador","Talla (buttons)","Talla: 8 / 8.5 / 9 / 9.5 / 10 / 10.5 / 11 / 11.5 / 12"
"fam-072e965aa01f","MIZUNO WAVE INSPIRE 22","BIKILA ES","Deporte | Running","14","14","0","0","configurador","Color o diseño (visual) | Talla (buttons)","Color o diseño: Diseño 1 / Diseño 2 | Talla: 8.5 / 9 / 9.5 / 10 / 10.5 / 11 / 11.5"
"fam-4c9599c2415f","MIZUNO WAVE MUJIN 11","BIKILA ES","Deporte | Running","3","3","0","0","configurador","Talla (buttons)","Talla: 9 / 9.5 / 10"
"fam-c17b9c1a69a4","MIZUNO WAVE RIDER 30","BIKILA ES","Deporte | Running","24","24","0","0","configurador","Color o diseño (visual) | Talla (buttons)","Color o diseño: Diseño 1 / Diseño 2 / Diseño 3 | Talla: 8 / 8.5 / 9 / 9.5 / 10 / 10.5 / 11 / 11.5 / 12"
"fam-de2c2426fa9a","MIZUNO WAVE RIDER 30 MUJER","BIKILA ES","Deporte | Running","3","3","0","0","configurador","Talla (buttons)","Talla: 7 / 8 / 8.5"
"fam-876b70a58d67","MIZUNO WAVE SKY 9","BIKILA ES","Deporte | Running","5","5","0","0","configurador","Talla (buttons)","Talla: 8.5 / 9 / 9.5 / 10 / 10.5"
"fam-d0a728e3e958","MIZUNO WAVE SKYRISE 7","BIKILA ES","Deporte | Running","9","9","0","0","configurador","Talla (buttons)","Talla: 8 / 8.5 / 9 / 9.5 / 10 / 10.5 / 11 / 11.5 / 12"
"fam-cac0d0bc1d4e","MIZUNO WAVE SKYRISE 7 MUJER","BIKILA ES","Deporte | Running","5","5","0","0","configurador","Talla (buttons)","Talla: 7 / 7.5 / 8 / 8.5 / 9"
"fam-69536039c1b8","MIZUNO WAVE ULTIMA 17","BIKILA ES","Deporte | Running","6","6","0","0","configurador","Talla (buttons)","Talla: 9 / 9.5 / 10 / 10.5 / 11 / 11.5"
"fam-b97374ebd0f5","MIZUNO WAVE ULTIMA 17 MUJER","BIKILA ES","Deporte | Running","4","4","0","0","configurador","Talla (buttons)","Talla: 7 / 7.5 / 8 / 8.5"
"fam-689502caf6f7","NEW BALANCE 1080v15","BIKILA ES","Deporte | Running","15","15","0","0","configurador","Color o diseño (visual) | Talla (buttons)","Color o diseño: Diseño 1 / Diseño 2 | Talla: 8 / 8.5 / 9 / 9.5 / 10 / 10.5 / 11 / 11.5 / 12"
"fam-12ab1b2b69bd","NEW BALANCE 1080v15 MUJER","BIKILA ES","Deporte | Running","7","7","0","0","configurador","Talla (buttons)","Talla: 6.5 / 7 / 7.5 / 8 / 8.5 / 9 / 9.5"
"fam-e0556f6da18b","NEW BALANCE 860 V15","BIKILA ES","Deporte | Running","15","15","0","0","configurador","Color o diseño (visual) | Talla (buttons)","Color o diseño: Diseño 1 / Diseño 2 | Talla: 8.5 / 9 / 9.5 / 10 / 10.5 / 11 / 11.5 / 12"
"fam-a7562c5de1c6","NEW BALANCE 860 V15 MUJER","BIKILA ES","Deporte | Running","12","12","0","0","configurador","Color o diseño (visual) | Talla (buttons)","Color o diseño: Diseño 1 / Diseño 2 | Talla: 6.5 / 7 / 7.5 / 8 / 8.5 / 9 / 9.5"
"fam-7ea9a0afb3bb","NEW BALANCE ELLIPSE V1","BIKILA ES","Deporte | Running","18","18","0","0","configurador","Color o diseño (visual) | Talla (buttons)","Color o diseño: Diseño 1 / Diseño 2 | Talla: 7.5 / 8 / 8.5 / 9 / 9.5 / 10 / 10.5 / 11 / 11.5 / 12"
"fam-f1ef2d357675","NEW BALANCE ELLIPSE V1 MUJER","BIKILA ES","Deporte | Running","13","13","0","0","configurador","Color o diseño (visual) | Talla (buttons)","Color o diseño: Diseño 1 / Diseño 2 | Talla: 6.5 / 7 / 7.5 / 8 / 8.5 / 9 / 9.5"
"fam-eeee78190852","NEW BALANCE FRESH FOAM X 880V15","BIKILA ES","Deporte | Running","22","22","0","0","configurador","Color o diseño (visual) | Talla (buttons)","Color o diseño: Diseño 1 / Diseño 2 | Talla: 7 / 7.5 / 8 / 8.5 / 9 / 9.5 / 10 / 10.5 / 11 / 11.5 / 12 / 12.5 / 13"
"fam-aef13ca3b407","NEW BALANCE FRESH FOAM X 880V15 MUJER","BIKILA ES","Deporte | Running","16","16","0","0","configurador","Color o diseño (visual) | Talla (buttons)","Color o diseño: Diseño 1 / Diseño 2 | Talla: 6 / 6.5 / 7 / 7.5 / 8 / 8.5 / 9 / 9.5 / 10"
"fam-de87b31133f7","NEW BALANCE FRESH FOAM X HIERRO V9","BIKILA ES","Deporte | Running","18","18","0","0","configurador","Color o diseño (visual) | Talla (buttons)","Color o diseño: Diseño 1 / Diseño 2 | Talla: 8 / 8.5 / 9 / 9.5 / 10 / 10.5 / 11 / 11.5 / 12 / 12.5 / 13"
"fam-fa04e6ff6f7b","NEW BALANCE FRESH FOAM X HIERRO V9 MUJER","BIKILA ES","Deporte | Running","7","7","0","0","configurador","Talla (buttons)","Talla: 6.5 / 7 / 7.5 / 8 / 8.5 / 9 / 9.5"
"fam-7bc9b0fe7d5f","NEW BALANCE FUELCELL REBEL V5","BIKILA ES","Deporte | Running","15","15","0","0","configurador","Color o diseño (visual) | Talla (buttons)","Color o diseño: Diseño 1 / Diseño 2 | Talla: 8 / 8.5 / 9 / 9.5 / 10 / 10.5 / 11 / 11.5"
"fam-8d860102cf12","NIKE ACG PEGASUS","BIKILA ES","Deporte | Running","7","7","0","0","configurador","Talla (buttons)","Talla: 8.5 / 9 / 9.5 / 10 / 10.5 / 11 / 11.5"
"fam-2ff5866f1701","NIKE ACG PEGASUS MUJER","BIKILA ES","Deporte | Running","6","6","0","0","configurador","Talla (buttons)","Talla: 7 / 7.5 / 8 / 8.5 / 9 / 9.5"
"fam-e5f6a5438aa5","NIKE ACG ZEGAMA","BIKILA ES","Deporte | Running","5","5","0","0","configurador","Talla (buttons)","Talla: 9 / 9.5 / 10.5 / 11 / 11.5"
"fam-9e0982e90b90","NIKE AEROSWIFT 4IN SPLIT SHORT","BIKILA ES","Deporte | Textil deportivo","5","5","0","0","configurador","Color o diseño (visual) | Talla (buttons)","Color o diseño: Diseño 1 / Diseño 2 | Talla: S / M / L"
"fam-c8c01860f08e","Nike CHALLENGER SHORT 5P","BIKILA ES","Deporte | Textil deportivo","3","3","0","0","configurador","Talla (buttons)","Talla: S / M / L"
"fam-b8dedd7120b9","Nike FAST 3IN SHORT","BIKILA ES","Deporte | Textil deportivo","2","2","0","0","configurador","Talla (buttons)","Talla: M / L"
"fam-c351145ef9ba","NIKE FAST LWT CREW SOCK","BIKILA ES","Deporte | Calcetines deportivos","5","5","0","0","configurador","Color o diseño (visual) | Talla (buttons)","Color o diseño: Diseño 1 / Diseño 2 | Talla: S / M / L"
"fam-e9649c266939","NIKE FAST LWT MID CREW SOCK","BIKILA ES","Deporte | Calcetines deportivos","8","8","0","0","configurador","Color o diseño (visual) | Talla (buttons)","Color o diseño: Diseño 1 / Diseño 2 / Diseño 3 | Talla: S / M / L"
"fam-2ce4bd24bdd9","NIKE FAST SINGLET","BIKILA ES","Deporte | Running","12","12","0","0","configurador","Color o diseño (visual) | Talla (buttons)","Color o diseño: Diseño 1 / Diseño 2 / Diseño 3 / Diseño 4 | Talla: S / M / L"
"fam-02934f15a8c9","NIKE INDY SUPPORT BRA","BIKILA ES","Deporte | Textil deportivo","3","3","0","0","configurador","Talla (buttons)","Talla: S / M / L"
"fam-030e1cbe1893","NIKE MILER BREATHE SS","BIKILA ES","Deporte | Running","9","9","0","0","configurador","Color o diseño (visual) | Talla (buttons)","Color o diseño: Diseño 1 / Diseño 2 / Diseño 3 | Talla: S / M / L"
"fam-60dec4d508d1","NIKE MILER SHORT 5P","BIKILA ES","Deporte | Textil deportivo","7","7","0","0","configurador","Color o diseño (visual) | Talla (buttons)","Color o diseño: Diseño 1 / Diseño 2 | Talla: S / M / L / XL"
"fam-66f5089bfe0d","NIKE MILER SS","BIKILA ES","Deporte | Running","7","7","0","0","configurador","Color o diseño (visual) | Talla (buttons)","Color o diseño: Diseño 1 / Diseño 2 | Talla: S / M / L / XL"
"fam-890c6bb4cd3f","NIKE MILER TANK","BIKILA ES","Deporte | Running","12","12","0","0","configurador","Color o diseño (visual) | Talla (buttons)","Color o diseño: Diseño 1 / Diseño 2 / Diseño 3 / Diseño 4 | Talla: S / M / L"
"fam-2121ed7e2d15","NIKE ONE 2IN1 SHORT MUJER","BIKILA ES","Deporte | Textil deportivo","3","3","0","0","configurador","Talla (buttons)","Talla: XS / S / M"
"fam-1caaf4324650","NIKE PEGASUS 42","BIKILA ES","Deporte | Running","11","11","0","0","configurador","Talla (buttons)","Talla: 7 / 7.5 / 8 / 8.5 / 9 / 9.5 / 10 / 10.5 / 11 / 11.5 / 12"
"fam-174b0a2d3887","NIKE PEGASUS 42 MUJER","BIKILA ES","Deporte | Running","12","12","0","0","configurador","Color o diseño (visual) | Talla (buttons)","Color o diseño: Diseño 1 / Diseño 2 | Talla: 6.5 / 7 / 7.5 / 8 / 8.5 / 9 / 9.5"
"fam-002c90dc9d00","NIKE PEGASUS PREMIUM","BIKILA ES","Deporte | Running","5","5","0","0","configurador","Talla (buttons)","Talla: 9 / 9.5 / 10 / 10.5 / 11"
"fam-c87e1a16c23c","NIKE REVOLUTION 6 JUNIOR","BIKILA ES","Deporte | Running","6","6","0","0","configurador","Talla (buttons)","Talla: 27 / 28 / 30 / 31 / 32 / 33"
"fam-a6d809c9d6d3","NIKE STRIDE SHORT 5P SHORT","BIKILA ES","Deporte | Textil deportivo","9","9","0","0","configurador","Color o diseño (visual) | Talla (buttons)","Color o diseño: Diseño 1 / Diseño 2 / Diseño 3 | Talla: S / M / L / XL"
"fam-2fb3819a3b91","NIKE STRIDE SS","BIKILA ES","Deporte | Running","6","6","0","0","configurador","Color o diseño (visual) | Talla (buttons)","Color o diseño: Diseño 1 / Diseño 2 | Talla: S / M / L"
"fam-ba5eb6d92c6f","NIKE STRUCTURE 26","BIKILA ES","Deporte | Running","8","8","0","0","configurador","Talla (buttons)","Talla: 8.5 / 9 / 9.5 / 10 / 10.5 / 11 / 11.5 / 12"
"fam-d6b5e002b186","NIKE STRUCTURE PLUS","BIKILA ES","Deporte | Running","8","8","0","0","configurador","Talla (buttons)","Talla: 8.5 / 9 / 9.5 / 10 / 10.5 / 11 / 11.5 / 12"
"fam-55188911321a","NIKE SWOOSH MEDIUM SUPPORT BRA","BIKILA ES","Deporte | Textil deportivo","2","2","0","0","configurador","Talla (buttons)","Talla: S / M"
"fam-d021f63c0383","Nike UV MILER SS","BIKILA ES","Deporte | Running","3","3","0","0","configurador","Talla (buttons)","Talla: S / M / L"
"fam-d2ba53d2c63a","NIKE VOMERO 18","BIKILA ES","Deporte | Running","43","43","0","0","configurador","Color o diseño (visual) | Talla (buttons)","Color o diseño: Diseño 1 / Diseño 2 / Diseño 3 / Diseño 4 | Talla: 7 / 7.5 / 8 / 8.5 / 9 / 9.5 / 10 / 10.5 / 11 / 11.5 / 12 / 12.5 / 13"
"fam-853a10e6f886","NIKE VOMERO 18 MUJER","BIKILA ES","Deporte | Running","15","15","0","0","configurador","Color o diseño (visual) | Talla (buttons)","Color o diseño: Diseño 1 / Diseño 2 | Talla: 6 / 6.5 / 7 / 7.5 / 8 / 8.5 / 9 / 9.5 / 10"
"fam-6c1a076d5310","NIKE VOMERO PLUS","BIKILA ES","Deporte | Running","9","9","0","0","configurador","Color o diseño (visual) | Talla (buttons)","Color o diseño: Diseño 1 / Diseño 2 | Talla: 8.5 / 9 / 10 / 10.5 / 11 / 11.5 / 12.5 / 13"
"fam-8a632fee7c9a","NIKE VOMERO PLUS MUJER","BIKILA ES","Deporte | Running","5","5","0","0","configurador","Talla (buttons)","Talla: 7 / 7.5 / 8 / 8.5 / 9"
"fam-39ce5afa99dc","NIKE VOMERO PREMIUM","BIKILA ES","Deporte | Running","6","6","0","0","configurador","Talla (buttons)","Talla: 9 / 9.5 / 10 / 10.5 / 11 / 11.5"
"fam-8f5f497e254a","NIKE ZOOM FLY 6","BIKILA ES","Deporte | Running","17","17","0","0","configurador","Color o diseño (visual) | Talla (buttons)","Color o diseño: Diseño 1 / Diseño 2 | Talla: 8 / 8.5 / 9 / 9.5 / 10 / 10.5 / 11 / 11.5 / 12"
"fam-4c75ce7520ca","NIKE ZOOM FLY 6 MUJER","BIKILA ES","Deporte | Running","5","5","0","0","configurador","Talla (buttons)","Talla: 7 / 7.5 / 8 / 8.5 / 9"
"fam-dc095485ae7c","NNORMAL CADI","BIKILA ES","Deporte | Running","9","9","0","0","configurador","Color o diseño (visual) | Talla (buttons)","Color o diseño: Diseño 1 / Diseño 2 | Talla: 7 / 8.5 / 9 / 9.5 / 10 / 11.5"
"fam-80d47690e412","NNORMAL CADI GORE-TEX","BIKILA ES","Deporte | Running","6","6","0","0","configurador","Talla (buttons)","Talla: 8 / 9 / 9.5 / 10 / 10.5 / 11.5"
"fam-0909cb2a7054","NNORMAL CADI MUJER","BIKILA ES","Deporte | Running","11","11","0","0","configurador","Color o diseño (visual) | Talla (buttons)","Color o diseño: Diseño 1 / Diseño 2 / Diseño 3 | Talla: 7 / 7.5 / 8 / 8.5 / 9"
"fam-30f068229224","NNORMAL CADI MUJER GORE-TEX","BIKILA ES","Deporte | Running","5","5","0","0","configurador","Talla (buttons)","Talla: 7 / 7.5 / 8 / 8.5 / 9"
"fam-5c42f5aea47e","NNORMAL KJERAG BRUT","BIKILA ES","Deporte | Running","2","2","0","0","configurador","Talla (buttons)","Talla: 9 / 11"
"fam-bb1f6f11a2ed","NNORMAL RACE T-SHIRT","BIKILA ES","Deporte | Textil deportivo","3","3","0","0","configurador","Talla (buttons)","Talla: S / M / L"
"fam-48b274aab049","NNORMAL TOMIR 2.0","BIKILA ES","Deporte | Running","33","33","0","0","configurador","Color o diseño (visual) | Talla (buttons)","Color o diseño: Diseño 1 / Diseño 2 / Diseño 3 / Diseño 4 / Diseño 5 | Talla: 8 / 8.5 / 9 / 9.5 / 10 / 10.5 / 11 / 11.5 / 12"
"fam-74cafaba3f89","NNORMAL TOMIR 2.0 GORE-TEX","BIKILA ES","Deporte | Running","6","6","0","0","configurador","Talla (buttons)","Talla: 9 / 9.5 / 10 / 10.5 / 11 / 11.5"
"fam-0b6139cf615f","NNORMAL TRAIL RAIN JACKET","BIKILA ES","Deporte | Textil deportivo","3","3","0","0","configurador","Talla (buttons)","Talla: S / M / L"
"fam-66bebb3e5d36","ON CLOUD X 5 MUJER","BIKILA ES","Deporte | Running","5","5","0","0","configurador","Talla (buttons)","Talla: 7 / 7.5 / 8 / 8.5 / 9"
"fam-086b359950ee","ON CLOUD X TEMPO","BIKILA ES","Deporte | Running","8","8","0","0","configurador","Talla (buttons)","Talla: 8.5 / 9 / 9.5 / 10 / 10.5 / 11 / 11.5 / 12"
"fam-05554438f6a6","ON CLOUDMONSTER 3","BIKILA ES","Deporte | Running","12","12","0","0","configurador","Color o diseño (visual) | Talla (buttons)","Color o diseño: Diseño 1 / Diseño 2 | Talla: 8 / 8.5 / 9 / 9.5 / 10 / 10.5 / 11 / 11.5 / 12"
"fam-615dfab510df","ON CLOUDMONSTER 3 HYPER","BIKILA ES","Deporte | Running","7","7","0","0","configurador","Talla (buttons)","Talla: 8.5 / 9 / 9.5 / 10 / 10.5 / 11 / 11.5"
"fam-aa6040f4e6ce","ON CLOUDMONSTER 3 MUJER","BIKILA ES","Deporte | Running","5","5","0","0","configurador","Talla (buttons)","Talla: 7 / 7.5 / 8 / 8.5 / 9"
"fam-bb658bc3fddd","ON CLOUDRUNNER 3","BIKILA ES","Deporte | Running","6","6","0","0","configurador","Talla (buttons)","Talla: 8.5 / 9 / 9.5 / 10 / 10.5 / 11.5"
"fam-10f643fb8885","ON CLOUDRUNNER 3 MUJER","BIKILA ES","Deporte | Running","6","6","0","0","configurador","Talla (buttons)","Talla: 6.5 / 7 / 7.5 / 8 / 8.5 / 9"
"fam-a9d64a516975","ON CLOUDSURFER 2","BIKILA ES","Deporte | Running","6","6","0","0","configurador","Talla (buttons)","Talla: 8.5 / 9 / 9.5 / 10 / 10.5 / 11.5"
"fam-2c2ade833a68","ON CLOUDSURFER 2 MUJER","BIKILA ES","Deporte | Running","5","5","0","0","configurador","Talla (buttons)","Talla: 7 / 7.5 / 8 / 8.5 / 9"
"fam-343f0c647aea","ON CLOUDSURFER MAX","BIKILA ES","Deporte | Running","8","8","0","0","configurador","Talla (buttons)","Talla: 8.5 / 9 / 9.5 / 10 / 10.5 / 11 / 11.5 / 12"
"fam-1b4129a3989d","Oofos OOAHH RECOVERY","BIKILA ES","Deporte | Running","8","8","0","0","configurador","Talla (buttons)","Talla: 38 / 39 / 40 / 41 / 42 / 43 / 44 / 45"
"fam-be56a38c04b6","Oofos OORIGINAL RECOVERY","BIKILA ES","Deporte | Running","4","4","0","0","configurador","Talla (buttons)","Talla: 40 / 42 / 45 / 46"
"fam-e6c764ef5c97","PUMA ACTIVATE NITRO TR HYROX","BIKILA ES","Deporte | Running","9","9","0","0","configurador","Talla (buttons)","Talla: 8 / 8.5 / 9 / 9.5 / 10 / 10.5 / 11 / 11.5 / 12"
"fam-429045bf05a5","PUMA ACTIVATE NITRO TR HYROX MUJER","BIKILA ES","Deporte | Running","5","5","0","0","configurador","Talla (buttons)","Talla: 7.5 / 8 / 8.5 / 9 / 9.5"
"fam-fa6c5b6e1d56","PUMA DEVIATE NITRO 4 HYROX","BIKILA ES","Deporte | Running","8","8","0","0","configurador","Talla (buttons)","Talla: 8 / 8.5 / 9 / 9.5 / 10 / 10.5 / 11 / 11.5"
"fam-28110f705700","PUMA DEVIATE NITRO ELITE 4 HYROX","BIKILA ES","Deporte | Running","7","7","0","0","configurador","Talla (buttons)","Talla: 8.5 / 9 / 9.5 / 10 / 10.5 / 11 / 11.5"
"fam-6f857387ffda","SALOMON ADV SKIN SEAMLESS BELT","BIKILA ES","Deporte | Running","3","3","0","0","configurador","Talla (buttons)","Talla: S / M / L"
"fam-e56751551559","SALOMON AERO ANKLE","BIKILA ES","Deporte | Running","3","3","0","0","configurador","Color o diseño (visual) | Talla (buttons)","Color o diseño: Diseño 1 / Diseño 2 | Talla: M / L"
"fam-077e642255e3","SALOMON AERO BLAZE 4 GRVL","BIKILA ES","Deporte | Running","7","7","0","0","configurador","Talla (buttons)","Talla: 8.5 / 9 / 9.5 / 10 / 10.5 / 11 / 11.5"
"fam-f4ba8c15e842","SALOMON AERO CREW","BIKILA ES","Deporte | Running","7","7","0","0","configurador","Color o diseño (visual) | Talla (buttons)","Color o diseño: Diseño 1 / Diseño 2 / Diseño 3 | Talla: S / M / L"
"fam-85538ba5c3a6","SALOMON AERO GLIDE 4 GRVL","BIKILA ES","Deporte | Running","6","6","0","0","configurador","Talla (buttons)","Talla: 8.5 / 9 / 9.5 / 10 / 10.5 / 11"
"fam-623d355016ac","SALOMON BONATTI PRO WP 5P CAP","BIKILA ES","Deporte | Running","2","2","0","0","configurador","Talla (buttons)","Talla: L/XL / S/M"
"fam-f78f2b40702e","SALOMON CROSS WARM GLOVE","BIKILA ES","Deporte | Running","3","3","0","0","configurador","Talla (buttons)","Talla: S / M / L"
"fam-fa261f2f4160","SALOMON HIGH PULSE BELT","BIKILA ES","Deporte | Running","2","2","0","0","configurador","Talla (buttons)","Talla: M / L"
"fam-06db16066eae","SALOMON PULSE BELT","BIKILA ES","Deporte | Running","3","3","0","0","configurador","Talla (buttons)","Talla: S / M / L"
"fam-b8810c218785","SALOMON SHAKEOUT CAP","BIKILA ES","Deporte | Running","2","2","0","0","configurador","Talla (buttons)","Talla: L/XL / S/M"
"fam-f79094160724","SALOMON ULTRA GLIDE 4","BIKILA ES","Deporte | Running","7","7","0","0","configurador","Talla (buttons)","Talla: 8.5 / 9 / 9.5 / 10 / 10.5 / 11 / 11.5"
"fam-96da77e8979d","SALOMON ULTRA GLIDE 4 MUJER","BIKILA ES","Deporte | Running","5","5","0","0","configurador","Talla (buttons)","Talla: 7 / 7.5 / 8 / 8.5 / 9"
"fam-8b44972bc2dd","SAUCONY ENDORPHIN AZURA","BIKILA ES","Deporte | Running","9","9","0","0","configurador","Talla (buttons)","Talla: 7.5 / 8 / 8.5 / 9 / 9.5 / 10 / 10.5 / 11 / 12"
"fam-8f96cacdc5ee","SAUCONY ENDORPHIN ELITE 3","BIKILA ES","Deporte | Running","4","4","0","0","configurador","Talla (buttons)","Talla: 9 / 9.5 / 10 / 10.5"
"fam-33306744f396","SAUCONY ENDORPHIN PRO 5","BIKILA ES","Deporte | Running","5","5","0","0","configurador","Talla (buttons)","Talla: 8.5 / 9 / 9.5 / 10 / 10.5"
"fam-4e711e6fcf46","SAUCONY ENDORPHIN SPEED 5","BIKILA ES","Deporte | Running","17","17","0","0","configurador","Color o diseño (visual) | Talla (buttons)","Color o diseño: Diseño 1 / Diseño 2 | Talla: 8 / 8.5 / 9 / 9.5 / 10 / 10.5 / 11 / 11.5 / 12"
"fam-88d3fbdfd362","SAUCONY RIDE 19","BIKILA ES","Deporte | Running","36","36","0","0","configurador","Color o diseño (visual) | Talla (buttons)","Color o diseño: Diseño 1 / Diseño 2 / Diseño 3 | Talla: 7 / 7.5 / 8 / 8.5 / 9 / 9.5 / 10 / 10.5 / 11 / 11.5 / 12 / 12.5 / 13"
"fam-2d6e508e9307","SAUCONY TRIUMPH 24","BIKILA ES","Deporte | Running","14","14","0","0","configurador","Color o diseño (visual) | Talla (buttons)","Color o diseño: Diseño 1 / Diseño 2 | Talla: 8 / 8.5 / 9 / 9.5 / 10 / 10.5 / 11 / 11.5 / 12"
"fam-4c7785fca1ec","SAUCONY XODUS ULTRA 4","BIKILA ES","Deporte | Running","8","8","0","0","configurador","Talla (buttons)","Talla: 8.5 / 9 / 9.5 / 10 / 10.5 / 11 / 11.5 / 12"
"fam-b462b4b56cf0","SAYCONY RIDE 19 MUJER","BIKILA ES","Deporte | Running","5","5","0","0","configurador","Talla (buttons)","Talla: 7 / 7.5 / 8 / 9 / 9.5"
"fam-6d8cb97265ae","SKECHERS BOBS B FLEX MUJER","BIKILA ES","Deporte | Running","3","3","0","0","configurador","Talla (buttons)","Talla: 36 / 37 / 39"
"fam-04c7e261ee71","SKECHERS SUMMITS","BIKILA ES","Deporte | Running","2","2","0","0","configurador","Talla (buttons)","Talla: 40 / 41"
"fam-375927420553","SKECHERS TRESMEN GARO","BIKILA ES","Deporte | Running","2","2","0","0","configurador","Talla (buttons)","Talla: 8 / 10.5"
"fam-10f52ce41e12","SOFSOLE TALONERA DE GEL HEEL CUP","BIKILA ES","Deporte | Running","2","2","0","0","configurador","Talla (buttons)","Talla: L/XL / S/M"
"fam-1b195544dcf2","SPORT 2 PEOPLE RUNNING BELT","BIKILA ES","Deporte | Zapatillas de running","3","3","0","3","configurador","Color o diseño (visual)","Color o diseño: Diseño 1 / Diseño 2 / Diseño 3"
"fam-8a6d7acd2859","SUB-2 MARATHON CELEBRATION TEE SAWE ADILK9358","BIKILA ES","Deporte | Running","4","4","0","0","configurador","Talla (buttons)","Talla: S / M / L / XL"
"fam-f0beb00e192a","SWEET SMILE EXTRA LONG RUNNING SOCKS","BIKILA ES","Deporte | Calcetines deportivos","11","11","0","0","configurador","Color o diseño (visual) | Talla (buttons)","Color o diseño: Diseño 1 / Diseño 2 / Diseño 3 / Diseño 4 | Talla: 35–38 / 39–42 / 43–46"
"fam-70209fbb5f0a","SWEET SMILE LONG RUNNING SOCKS","BIKILA ES","Deporte | Calcetines deportivos","9","9","0","0","configurador","Color o diseño (visual) | Talla (buttons)","Color o diseño: Diseño 1 / Diseño 2 / Diseño 3 | Talla: 35–38 / 39–42 / 43–46"
"fam-de60d2961bff","Sweet Smile RUNNING PACK 3 NGBCNG","BIKILA ES","Deporte | Zapatillas de running","3","3","0","0","configurador","Talla (buttons)","Talla: 35–38 / 39–42 / 43–46"
"fam-ce2a9bae03fd","SWEET SMILE ULTRALIGHT RUNNING SOCKS","BIKILA ES","Deporte | Calcetines deportivos","6","6","0","0","configurador","Color o diseño (visual) | Talla (buttons)","Color o diseño: Diseño 1 / Diseño 2 | Talla: 35–38 / 39–42 / 43–46"
"fam-49a7c7193914","TOPO PHANTOM 4","BIKILA ES","Deporte | Running","2","2","0","0","configurador","Talla (buttons)","Talla: 9 / 9.5"
"coach_es-f36291d1b49c","COACH® Men's Botas De Combate Con Jacquard De Firma en Gris, Talla 7.5 | Matières Mélangées","Coach","Moda","9","9","0","0","configurador","Talla (buttons)","Talla: 7.5 / 8.5 / 9 / 9.5 / 10 / 10.5 / 11 / 11.5 / 13"
"coach_es-df8e96bf1274","COACH® Men's Chaqueta Reversible Souvenir en Rojo, Talla 2XL","Coach","Moda","6","6","0","0","configurador","Talla (buttons)","Talla: XS / S / M / L / XL / 2XL"
"coach_es-f939c5afea5a","COACH® Men's Pantalones Cortos De Piel Exquisita Coach | Brain Dead en Negro, Talla 34","Coach","Moda","3","3","0","0","configurador","Talla (buttons)","Talla: 32 / 34 / 36"
"coach_es-cd3c0ba1db4e","COACH® Men's Zapatilla deportiva con pinza y lengüeta baja en Gris, Talla 8 | Pvc","Coach","Moda","4","4","0","0","configurador","Talla (buttons)","Talla: 8 / 9 / 10 / 12"
"coach_es-af81cef01c7a","COACH® Men's Zapatilla deportiva High Line en Gris, Talla 7.5 | Matières Mélangées","Coach","Moda","2","2","0","0","configurador","Talla (buttons)","Talla: 7 / 7.5"
"coach_es-c3ef65bec6ad","COACH® Men's Zapatilla Deportiva Soho En Tejido Mixto De Firma, Talla 13 | Matières Mélangées","Coach","Moda","11","11","0","0","configurador","Talla (buttons)","Talla: 7.5 / 8 / 8.5 / 9 / 9.5 / 10 / 10.5 / 11 / 11.5 / 12 / 13"
"coach_es-d4dfafabf746","COACH® Men's Zapatillas Deportivas De Media Caña Soho en Blanco, Talla 10 | Matières Mélangées","Coach","Moda","8","8","0","0","configurador","Talla (buttons)","Talla: 7.5 / 8 / 9 / 9.5 / 10 / 10.5 / 11 / 12"
"coach_es-5fc7267b4cff","COACH® Men's Zapatillas Deportivas De Media Caña Soho En Lona De Firma en Negro, Talla 8 | Matières Mélangées","Coach","Moda","8","8","0","0","configurador","Talla (buttons)","Talla: 7.5 / 8 / 9 / 9.5 / 10 / 10.5 / 11 / 12"
"coach_es-e8cdc9b2c56a","COACH® Men's Zapatillas Deportivas Soho Con Doble Correa en Blanco, Talla 11.5 | Cuir","Coach","Moda","9","9","0","0","configurador","Talla (buttons)","Talla: 7.5 / 8 / 8.5 / 9 / 9.5 / 10.5 / 11 / 11.5 / 13"
"coach_es-4a32eae3070f","COACH® Men's Zapatillas Deportivas Soho Con Lona De Firma, Talla 11.5 | Matières Mélangées","Coach","Moda","8","8","0","0","configurador","Talla (buttons)","Talla: 7.5 / 8.5 / 10 / 10.5 / 11 / 11.5 / 12 / 13"
"coach_es-4270ea82963c","COACH® Men's Zapatillas Deportivas Soho De Firma en Blanco, Talla 10 | Matières Mélangées","Coach","Moda","10","10","0","0","configurador","Talla (buttons)","Talla: 7.5 / 8 / 8.5 / 9 / 9.5 / 10 / 10.5 / 11 / 11.5 / 13"
"coach_es-4b4b56a810a1","COACH® Men's Zapatillas Deportivas Soho De Firma en Negro, Talla 11.5 | Matières Mélangées","Coach","Moda","11","11","0","0","configurador","Talla (buttons)","Talla: 7.5 / 8 / 8.5 / 9 / 9.5 / 10 / 10.5 / 11 / 11.5 / 12 / 13"
"coach_es-f54db35270d4","COACH® Men's Zapatillas Deportivas Soho en Azul, Talla 7 | Matières Mélangées","Coach","Moda","3","3","0","0","configurador","Talla (buttons)","Talla: 7 / 10.5 / 12"
"coach_es-567612ae202f","COACH® Men's Zapatillas Deportivas Suaves De Jacquard De Firma en Castaño, Talla 10.5 | Matières Mélangées","Coach","Moda","7","7","0","0","configurador","Talla (buttons)","Talla: 7.5 / 8 / 9 / 9.5 / 10.5 / 11 / 12"
"coach_es-e84e42a6ec33","COACH® Women's Abrigo Largo De Lana Con Cinturón en Negro, Talla XS/S | Autre","Coach","Moda","2","2","0","0","configurador","Talla (buttons)","Talla: M/L / XS/S"
"coach_es-3ee9fa47fd2c","COACH® Women's Camiseta Clásica De Corte Cuadrado De Firma Con Lazo En Algodón Orgánico en Blanco, Talla Mediano","Coach","Moda","2","2","0","0","configurador","Talla (buttons)","Talla: M / L"
"coach_es-6479bd3498a3","COACH® Women's Camiseta Clásica De Corte Cuadrado De Firma Con Lazo En Algodón Orgánico, Talla Chica","Coach","Moda","4","4","0","0","configurador","Talla (buttons)","Talla: XS / S / M / L"
"coach_es-d2ac91fe261e","COACH® Women's Camiseta corta con script Coach en serpiente Año Nuevo en algodón orgánico en Rojo, Talla XS","Coach","Moda","5","5","0","0","configurador","Talla (buttons)","Talla: XS / S / M / L / XL"
"coach_es-fa80e12b35a5","COACH® Women's Cárdigan Con Personajes De Peluche De Algodón Orgánico Coach | Brain Dead en Verde, Talla Chica","Coach","Moda","5","5","0","0","configurador","Talla (buttons)","Talla: XS / S / M / L / XL"
"coach_es-0937bdb08eb0","COACH® Women's Chaqueta de bouclé Heritage C en Beige, Talla XL | Body","Coach","Moda","4","4","0","0","configurador","Talla (buttons)","Talla: XS / M / L / XL"
"coach_es-29c8a01ae58d","COACH® Women's Chaqueta de bouclé Heritage C en Negro, Talla Chica | Body","Coach","Moda","4","4","0","0","configurador","Talla (buttons)","Talla: XS / S / M / L"
"coach_es-c4676c6674d9","COACH® Women's Chaqueta De Plumón De Firma en Negro, Talla Mediano | Nylon","Coach","Moda","4","4","0","0","configurador","Talla (buttons)","Talla: XS / S / M / L"
"coach_es-c6dcc8d260ee","COACH® Women's Minivestido De Manga Corta De Tela Vaquera Coach | Brain Dead en Rosa, Talla 0","Coach","Moda","6","6","0","0","configurador","Talla (buttons)","Talla: 0 / 02 / 04 / 06 / 08 / 10"
"coach_es-5a38242a5707","COACH® Women's Mocasines De Piel Exquisita Con Plataforma Leah en Negro, Talla 5.5 | Cuir","Coach","Moda","9","9","0","0","configurador","Talla (buttons)","Talla: 5 / 5.5 / 6.5 / 7 / 7.5 / 8 / 9 / 9.5 / 10"
"coach_es-1c52f31aa1b7","COACH® Women's Sandalia De Dedo Jelly De Firma en Azul, Talla 10 | Caoutchouc Jelly","Coach","Moda","7","7","0","0","configurador","Talla (buttons)","Talla: 5 / 6 / 7 / 8 / 9 / 10 / 11"
"coach_es-393891d4cc52","COACH® Women's Sandalia De Tacón Kitten Con Lazo En Jacquard De Firma, Talla 10 | Jacquard Exclusif","Coach","Moda","7","7","0","0","configurador","Talla (buttons)","Talla: 5 / 5.5 / 7 / 7.5 / 8.5 / 10 / 11"
"coach_es-100657236137","COACH® Women's Sandalia deportiva en Blanco, Talla 6.5 | Cuir","Coach","Moda","9","9","0","0","configurador","Talla (buttons)","Talla: 6 / 6.5 / 7 / 7.5 / 8 / 9 / 9.5 / 10 / 11"
"coach_es-037a8b85d8e1","COACH® Women's Sandalia deportiva en Negro, Talla 11 | Cuir","Coach","Moda","9","9","0","0","configurador","Talla (buttons)","Talla: 6 / 6.5 / 7 / 8 / 8.5 / 9 / 9.5 / 10 / 11"
"coach_es-6268fa5b6a13","COACH® Women's Sandalias Brynn De Lona De Firma en Beige, Talla 8.5 | Toile","Coach","Moda","8","8","0","0","configurador","Talla (buttons)","Talla: 5.5 / 6 / 7 / 7.5 / 8 / 8.5 / 9 / 10"
"coach_es-66fa816e70d3","COACH® Women's Sandalias Brynn De Lona De Firma en Rosa, Talla 7 | Toile","Coach","Moda","6","6","0","0","configurador","Talla (buttons)","Talla: 5.5 / 7 / 7.5 / 8 / 8.5 / 9"
"coach_es-f7752c9e530a","COACH® Women's Sandalias Brynn De Tela Vaquera De Firma Con Cristales en Azul, Talla 8 | Clous","Coach","Moda","10","10","0","0","configurador","Talla (buttons)","Talla: 5 / 5.5 / 6 / 7 / 7.5 / 8 / 8.5 / 9 / 10 / 11"
"coach_es-f8bd9c1ea486","COACH® Women's Sandalias Con Correas Y Hebilla En Jacquard De Firma, Talla 6 | Jacquard Exclusif","Coach","Moda","6","6","0","0","configurador","Talla (buttons)","Talla: 5 / 5.5 / 6 / 7 / 7.5 / 9"
"coach_es-3079a2f2ca60","COACH® Women's Sandalias De Hebilla Cruzada en Castaño, Talla 5.5 | Daim","Coach","Moda","7","7","0","0","configurador","Talla (buttons)","Talla: 5 / 5.5 / 6 / 7 / 7.5 / 10 / 11"
"coach_es-d1eab19cfb92","COACH® Women's Sandalias De Hebilla Cruzada en Negro, Talla 9 | Cuir","Coach","Moda","10","10","0","0","configurador","Talla (buttons)","Talla: 5 / 5.5 / 6 / 7 / 7.5 / 8 / 8.5 / 9 / 10 / 11"
"coach_es-90819c4223e1","COACH® Women's Zapatilla deportiva con pinza y lengüeta baja en Blanco, Talla 8 | Cuir","Coach","Moda","10","10","0","0","configurador","Talla (buttons)","Talla: 6 / 6.5 / 7 / 7.5 / 8 / 8.5 / 9 / 9.5 / 10 / 11"
"coach_es-142ecba0af39","COACH® Women's Zapatilla Deportiva Soho De Tela Vaquera Exquisita en Azul, Talla 7 | Denim","Coach","Moda","8","8","0","0","configurador","Talla (buttons)","Talla: 5.5 / 6 / 7 / 7.5 / 8 / 8.5 / 9 / 10"
"coach_es-2d4b8650e2a1","COACH® Women's Zapatilla Deportiva Soho En Tejido Mixto De Firma, Talla 6 | Matières Mélangées","Coach","Moda","6","6","0","0","configurador","Talla (buttons)","Talla: 6 / 7 / 7.5 / 8.5 / 9 / 10"
"coach_es-8d8bbee554b9","COACH® Women's Zapatillas Deportivas Match Con Estampado De Leopardo en Castaño, Talla 8 | Matières Mélangées","Coach","Moda","10","10","0","0","configurador","Talla (buttons)","Talla: 5 / 5.5 / 6 / 7 / 7.5 / 8 / 8.5 / 9 / 10 / 11"
"coach_es-bf10722b9b3e","COACH® Women's Zapatillas Deportivas Soho Con Doble Correa en Blanco, Talla 5.5 | Cuir","Coach","Moda","10","10","0","0","configurador","Talla (buttons)","Talla: 5 / 5.5 / 6 / 7 / 7.5 / 8 / 8.5 / 9 / 10 / 11"
"coach_es-da2b57f5a076","COACH® Women's Zapatillas Deportivas Soho Con Doble Correa Y Nubes en Negro, Talla 10 | Matières Mélangées","Coach","Moda","7","7","0","0","configurador","Talla (buttons)","Talla: 6 / 7 / 7.5 / 8 / 8.5 / 9 / 10"
"coach_es-ab3c0e87914b","COACH® Women's Zapatillas Deportivas Soho Con Estrellas, Talla 8 | Daim","Coach","Moda","7","7","0","0","configurador","Talla (buttons)","Talla: 6 / 7 / 7.5 / 8 / 8.5 / 9 / 10"
"coach_es-1ebdd483ea5e","COACH® Women's Zapatillas Deportivas Soho Con Firma De Charol en Beige, Talla 5.5 | Matières Mélangées","Coach","Moda","8","8","0","0","configurador","Talla (buttons)","Talla: 5.5 / 6 / 7 / 7.5 / 8 / 8.5 / 9 / 10"
"coach_es-a6fb7e235e07","COACH® Women's Zapatillas deportivas Soho con lona de firma en Negro, Talla 9 | Matières Mélangées","Coach","Moda","11","11","0","0","configurador","Talla (buttons)","Talla: 5.5 / 6 / 6.5 / 7 / 7.5 / 8 / 8.5 / 9 / 9.5 / 10 / 11"
"coach_es-65269183eead","COACH® Women's Zapatillas Deportivas Soho Con Lona De Firma, Talla 9 | Matières Mélangées","Coach","Moda","10","10","0","0","configurador","Talla (buttons)","Talla: 5 / 5.5 / 6 / 7 / 7.5 / 8 / 8.5 / 9 / 10 / 11"
"coach_es-1b355ef53bee","COACH® Women's Zapatillas Deportivas Soho De Firma en Blanco, Talla 9 | Matières Mélangées","Coach","Moda","10","10","0","0","configurador","Talla (buttons)","Talla: 5 / 5.5 / 6 / 7 / 7.5 / 8 / 8.5 / 9 / 10 / 11"
"coach_es-06a1a525a335","COACH® Women's Zapatillas Deportivas Soho De Firma, Talla 5.5 | Matières Mélangées","Coach","Moda","10","10","0","0","configurador","Talla (buttons)","Talla: 5 / 5.5 / 6 / 7 / 7.5 / 8 / 8.5 / 9 / 10 / 11"
"coach_es-aea7a28042ca","COACH® Women's Zapatillas Deportivas Soho De Jacquard De Firma Con Cristales en Castaño, Talla 8.5 | Matières Mélangées","Coach","Moda","6","6","0","0","configurador","Talla (buttons)","Talla: 6 / 7 / 7.5 / 8 / 8.5 / 9"
"coach_es-88622750dacf","COACH® Women's Zapatillas Deportivas Soho De Tela Vaquera De Firma en Azul, Talla 11 | Matières Mélangées","Coach","Moda","10","10","0","0","configurador","Talla (buttons)","Talla: 5 / 5.5 / 6 / 7 / 7.5 / 8 / 8.5 / 9 / 10 / 11"
"coach_es-23928c6609be","COACH® Women's Zapatillas deportivas Soho en Azul, Talla 11 | Matières Mélangées","Coach","Moda","9","9","0","0","configurador","Talla (buttons)","Talla: 5.5 / 6 / 6.5 / 7 / 7.5 / 8 / 8.5 / 10 / 11"
"coach_es-6a9e96cb0aec","COACH® Women's Zapatillas Deportivas Soho en Blanco, Talla 5 | Cuir","Coach","Moda","10","10","0","0","configurador","Talla (buttons)","Talla: 5 / 5.5 / 6 / 7 / 7.5 / 8 / 8.5 / 9 / 10 / 11"
"coach_es-efc799a9c19b","COACH® Women's Zapatillas deportivas Soho en Blanco, Talla 8 | Matières Mélangées","Coach","Moda","5","5","0","0","configurador","Talla (buttons)","Talla: 6 / 6.5 / 7 / 7.5 / 8"
"coach_es-5559070e4851","COACH® Women's Zapatillas Deportivas Soho en Castaño, Talla 11 | Matières Mélangées","Coach","Moda","9","9","0","0","configurador","Talla (buttons)","Talla: 5 / 6 / 7 / 7.5 / 8 / 8.5 / 9 / 10 / 11"
"coach_es-543cb5c9cee9","COACH® Women's Zapatillas Deportivas Soho en Gris, Talla 9.5 | Matières Mélangées","Coach","Moda","5","5","0","0","configurador","Talla (buttons)","Talla: 6.5 / 7.5 / 8.5 / 9.5 / 11"
"coach_es-4c61458ca7aa","COACH® Women's Zapatillas Deportivas Soho En Piel Desgastada en Blanco, Talla 5 | Matières Mélangées","Coach","Moda","10","10","0","0","configurador","Talla (buttons)","Talla: 5 / 5.5 / 6 / 7 / 7.5 / 8 / 8.5 / 9 / 10 / 11"
"coach_es-0588ffc20f28","COACH® Women's Zapatillas Deportivas Soho en Rosa, Talla 6.5 | Matières Mélangées","Coach","Moda","3","3","0","0","configurador","Talla (buttons)","Talla: 6 / 6.5 / 7.5"
"coach_es-fbff1586e3ae","COACH® Women's Zapatillas Deportivas Soho en Verde, Talla 7.5 | Matières Mélangées","Coach","Moda","3","3","0","0","configurador","Talla (buttons)","Talla: 7.5 / 8.5 / 9"
"coach_es-5d54b1403d46","COACH® Women's Zapatillas deportivas Soho en Verde, Talla 8 | Matières Mélangées","Coach","Moda","10","10","0","0","configurador","Talla (buttons)","Talla: 6 / 6.5 / 7 / 7.5 / 8 / 8.5 / 9 / 9.5 / 10 / 11"
"coach_es-18316dbb05bd","COACH® Women's Zapatillas Deportivas Suaves De Jacquard De Firma en Castaño, Talla 5.5 | Matières Mélangées","Coach","Moda","9","9","0","0","configurador","Talla (buttons)","Talla: 5.5 / 6 / 7 / 7.5 / 8 / 8.5 / 9 / 10 / 11"
"coach_es-fcf6dabeea29","COACH® Women's Zuecos En Jacquard Textil De Firma Con Plataforma Y “C” Esculpida en Castaño, Talla 10 | Jacquard Exclusif","Coach","Moda","6","6","0","0","configurador","Talla (buttons)","Talla: 5 / 6 / 7 / 8 / 9 / 10"
"dore-rose-56b7c7a4ad1f","Aura Escape Bundle","Dore & Rose","Belleza y cuidado | Accesorios mujer","3","3","0","3","configurador","Color (visual)","Color: Burdeos / Negro / Rosa"
"dore-rose-231b95fd9cbf","Aura Sleep Bundle","Dore & Rose","Belleza y cuidado | Accesorios mujer","16","16","0","0","configurador","Color (visual) | Color o diseño (visual) | Talla (buttons)","Color: Negro / Blanco / Rojo | Color o diseño: Diseño 1 / Diseño 2 | Talla: Jumbo (60 x 70cm) (24 x 28inch) / Lumbar (40 x 80cm) (16 x 32inch) / Queen (50 x 75cm) (20 x 30inch) / Standard (50 x 60cm) (20 x 24inch)"
"dore-rose-a211df3b9115","Aura Sleep Mask","Dore & Rose","Belleza y cuidado | Accesorios mujer","3","3","0","3","configurador","Color (visual)","Color: Negro / Rojo / Rosa"
"dore-rose-ada4bea6a830","Bridal Deep Sleep Bundle","Dore & Rose","Belleza y cuidado | Accesorios mujer","6","6","0","0","configurador","Talla (buttons)","Talla: Euro (80 x 80cm) (32 x 32inch) / Jumbo (60 x 70cm) (24 x 28inch) / King (51 x 92cm) (20 x 36inch) / Lumbar (40 x 80cm) (16 x 32inch) / Queen (50 x 75cm) (20 x 30inch) / Standard (50 x 60cm) (20 x 24inch)"
"dore-rose-be5f5002fbc0","Bridal Kimono","Dore & Rose","Moda mujer | Belleza y cuidado","3","3","0","0","configurador","Talla (buttons)","Talla: S / M / L"
"dore-rose-dad14b4266fa","Bridal Ritual Bundle","Dore & Rose","Belleza y cuidado | Accesorios mujer","9","3","6","0","configurador","Talla (buttons)","Talla: S / M / L"
"dore-rose-43992bcaec79","Bridal Ritual Sleep Bundle","Dore & Rose","Belleza y cuidado | Accesorios mujer","9","3","6","0","configurador","Talla (buttons)","Talla: S / M / L"
"dore-rose-a5cfb7f59070","Bridal Slip Dress","Dore & Rose","Belleza y cuidado | Accesorios mujer","3","3","0","0","configurador","Talla (buttons)","Talla: S / M / L"
"dore-rose-05e42e0f09b0","Cami Sleep Set","Dore & Rose","Moda mujer | Belleza y cuidado","30","30","0","0","configurador","Color (visual) | Color o diseño (visual) | Talla (buttons)","Color: Rosa / Verde oliva | Color o diseño: Diseño 1 / Diseño 2 / Diseño 3 / Diseño 4 / Diseño 5 | Talla: XS / S / M / L / XL"
"dore-rose-f2d96565bc59","Cheeky Short Bundle","Dore & Rose","Moda mujer | Belleza y cuidado","12","12","0","0","configurador","Color (visual) | Color o diseño (visual) | Talla (buttons)","Color: Rosa / Azul | Color o diseño: Diseño 1 / Diseño 2 | Talla: XS / S / M / L / XL"
"dore-rose-69807550b748","Cheeky Short Set","Dore & Rose","Moda mujer | Belleza y cuidado","20","20","0","0","configurador","Color o diseño (visual) | Talla (buttons)","Color o diseño: Diseño 1 / Diseño 2 / Diseño 3 / Diseño 4 | Talla: XS / S / M / L / XL"
"dore-rose-501f4b320465","Cooling Comforter","Dore & Rose","Belleza y cuidado | Accesorios mujer","11","11","0","0","configurador","Color (visual) | Talla (buttons) | Medida (buttons)","Color: Gris oscuro / Beige / Azul marino / Blanco | Talla: Full / Queen (225 x 225 cm) (88.5 x 88.5 inch) / ⁠King / Cal King (260 x 240 cm) (102 x 94 inch) / Twin / Twin XL (180 x 225 cm) (70 x 88.5 inch) | Medida: Twin / Twin XL (180 x 225 cm) (70 x 88.5 inch) / Full / Queen (225 x 225 cm) (88.5 x 88.5 inch) / ⁠King / Cal King (260 x 240 cm) (102 x 94 inch)"
"dore-rose-0a071c2b9e0f","Cooling Pillowcases","Dore & Rose","Hogar y cocina | Belleza y cuidado","24","24","0","0","configurador","Color (visual) | Talla (buttons)","Color: Gris oscuro / Azul marino / Beige / Blanco | Talla: Euro (80 x 80cm) (32 x 32 inch) / Jumbo (60 x 70cm) (24 x 28 inch) / King (51 x 92cm) (20 x 36 inch) / Lumbar (40 x 80cm) (16 x 32 inch) / Queen (50 x 75 cm) (20 x 30 inch) / Standard (50 x 60cm) (20 x 24 inch)"
"dore-rose-fed35b79b53e","Cooling Sleep Bundle","Dore & Rose","Belleza y cuidado | Accesorios mujer","40","40","0","0","configurador","Color (visual) | Talla (buttons) | Medida (buttons)","Color: Gris / Azul marino / Beige / Blanco | Talla: Euro (80 x 80cm) (32 x 32 inch) / Jumbo (60 x 70cm) (24 x 28 inch) / King (51 x 92cm) (20 x 36 inch) / Lumbar (40 x 80cm) (16 x 32 inch) / Queen (50 x 75 cm) (20 x 30 inch) / Standard (50 x 60cm) (20 x 24 inch) | Medida: Twin / Twin XL (180 x 225 cm) (70 x 88.5 inch) / Full / Queen (225 x 225 cm) (88.5 x 88.5 inch)"
"dore-rose-a7d10bd661a9","Cooling Sleep Mask","Dore & Rose","Belleza y cuidado | Accesorios mujer","3","3","0","3","configurador","Color (visual)","Color: Gris oscuro / Azul marino / Azul claro"
"dore-rose-b17b0fb56d7f","Deep Sleep Bundle","Dore & Rose","Belleza y cuidado | Accesorios mujer","40","40","0","0","configurador","Color (visual) | Color o diseño (visual) | Talla (buttons)","Color: Champán / Negro / Blanco / Verde oliva / Rosa | Color o diseño: Diseño 1 / Diseño 2 / Diseño 3 / Diseño 4 | Talla: Euro (80 x 80cm) (32 x 32inch) / Jumbo (60 x 70cm) (24 x 28inch) / King (51 x 92cm) (20 x 36inch) / Lumbar (40 x 80cm) (16 x 32inch) / Queen (50 x 75cm) (20 x 30inch) / Standard (50 x 60cm) (20 x 24inch)"
"dore-rose-a29d32af6570","Deep Sleep Mask","Dore & Rose","Belleza y cuidado | Accesorios mujer","18","5","13","18","configurador","Color (visual)","Color: Azul marino / Verde oliva / Rosa / Marrón / Burdeos"
"dore-rose-d73ed87da260","Deep Sleep Mask - Special Deal","Dore & Rose","Belleza y cuidado | Accesorios mujer","6","6","0","6","configurador","Color (visual) | Color o diseño (visual)","Color: Azul marino / Negro / Marrón / Rosa | Color o diseño: Diseño 1 / Diseño 2 / Diseño 3"
"dore-rose-c0bfa501d4b0","Dore & Rose Suitcase Belt","Dore & Rose","Aventura y viajes | Accesorios mujer","2","2","0","2","configurador","Color (visual)","Color: Rosa / Negro"
"dore-rose-f22084a0201b","Dore & Rose Teddy","Dore & Rose","Belleza y cuidado | Accesorios mujer","2","2","0","2","configurador","Color (visual)","Color: Marrón / Rosa"
"dore-rose-857edbdb91ae","Dore & Rose X Ekster - Trackable Passport Cover","Dore & Rose","Aventura y viajes | Accesorios mujer","2","2","0","2","configurador","Color (visual)","Color: Azul / Rosa"
"dore-rose-e5cc4d85be90","Family Bundle","Dore & Rose","Belleza y cuidado | Accesorios mujer","12","4","8","0","configurador","Talla (buttons)","Talla: Jumbo (60 x 70cm) (24 x 28inch) / Lumbar (40 x 80cm) (16 x 32inch) / Queen (50 x 75 cm) (20 x 30inch) / Standard (50 x 60cm) (20 x 24inch)"
"dore-rose-33e83f24b3ca","Henley Sleep Set","Dore & Rose","Moda mujer | Belleza y cuidado","30","30","0","0","configurador","Color (visual) | Color o diseño (visual) | Talla (buttons)","Color: Rosa / Azul claro / Verde oliva | Color o diseño: Diseño 1 / Diseño 2 / Diseño 3 / Diseño 4 | Talla: XS / S / M / L / XL"
"dore-rose-2b746296cf08","Jersey Sleep Set","Dore & Rose","Moda mujer | Belleza y cuidado","34","34","0","0","configurador","Color (visual) | Color o diseño (visual) | Talla (buttons)","Color: Rosa / Verde oliva | Color o diseño: Diseño 1 / Diseño 2 / Diseño 3 / Diseño 4 / Diseño 5 | Talla: XS / S / M / L / XL"
"dore-rose-cb3a6b708fbb","Kids Deep Sleep Bundle","Dore & Rose","Belleza y cuidado | Accesorios mujer","2","2","0","2","configurador","Color o diseño (visual)","Color o diseño: Diseño 1 / Diseño 2"
"dore-rose-fdb1bd169375","Kids Deep Sleep Mask","Dore & Rose","Belleza y cuidado | Accesorios mujer","3","3","0","3","configurador","Color o diseño (visual)","Color o diseño: Diseño 1 / Diseño 2 / Diseño 3"
"dore-rose-b25324c1697e","Kids Premium Silk Pillowcase","Dore & Rose","Hogar y cocina | Belleza y cuidado","3","3","0","3","configurador","Color (visual) | Color o diseño (visual)","Color: Azul / Champán | Color o diseño: Diseño 1 / Diseño 2"
"dore-rose-0e2464666377","Large Scrunchie","Dore & Rose","Belleza y cuidado | Accesorios mujer","5","4","1","5","configurador","Color (visual)","Color: Champán / Negro / Rosa / Marrón"
"dore-rose-1fd291881c31","Long Premium Silk PJ Set","Dore & Rose","Moda mujer | Belleza y cuidado","40","40","0","0","configurador","Color (visual) | Color o diseño (visual) | Talla (buttons)","Color: Negro / Azul / Topo / Marrón / Burdeos / Rosa | Color o diseño: Diseño 1 / Diseño 2 | Talla: XS / S / M / L / XL"
"dore-rose-45cc2ca0ac81","Long Premium Striped PJ Set","Dore & Rose","Moda mujer | Belleza y cuidado","12","12","0","0","configurador","Color (visual) | Talla (buttons)","Color: Azul / Rosa / Verde | Talla: XS / S / M / L"
"dore-rose-548d5dabc740","Long Tencel PJ Set","Dore & Rose","Moda mujer | Belleza y cuidado","30","30","0","0","configurador","Color (visual) | Talla (buttons)","Color: Negro / Azul / Azul claro / Verde / Rosa | Talla: XS / S / M / L / XL"
"dore-rose-59968f896912","Pointelle Baby Tee and Pants Set","Dore & Rose","Moda mujer | Belleza y cuidado","20","20","0","0","configurador","Color (visual) | Color o diseño (visual) | Talla (buttons)","Color: Blanco / Rosa / Amarillo | Color o diseño: Diseño 1 / Diseño 2 | Talla: XS / S / M / L / XL"
"dore-rose-aca2b48a5f8d","Pointelle Cami and Short Set","Dore & Rose","Moda mujer | Belleza y cuidado","15","15","0","0","configurador","Color (visual) | Talla (buttons)","Color: Blanco / Rosa / Amarillo | Talla: XS / S / M / L / XL"
"dore-rose-1692e1bf75c8","Pointelle Cardigan","Dore & Rose","Moda mujer | Belleza y cuidado","20","20","0","0","configurador","Color (visual) | Color o diseño (visual) | Talla (buttons)","Color: Blanco / Rosa / Amarillo | Color o diseño: Diseño 1 / Diseño 2 | Talla: XS / S / M / L / XL"
"dore-rose-18244322caa8","Pointelle Jersey Sleep Set","Dore & Rose","Moda mujer | Belleza y cuidado","20","20","0","0","configurador","Color (visual) | Color o diseño (visual) | Talla (buttons)","Color: Blanco / Rosa / Amarillo | Color o diseño: Diseño 1 / Diseño 2 | Talla: XS / S / M / L / XL"
"dore-rose-32df849b61b6","Premium Silk Bonnet","Dore & Rose","Belleza y cuidado | Accesorios mujer","3","3","0","3","configurador","Color (visual)","Color: Negro / Burdeos / Topo"
"dore-rose-d9840df9e581","Premium Silk Duvet Cover","Dore & Rose","Belleza y cuidado | Accesorios mujer","8","8","0","0","configurador","Color (visual) | Color o diseño (visual) | Talla (buttons)","Color: Rosa / Blanco | Color o diseño: Diseño 1 / Diseño 2 | Talla: Full (200 x 220 cm) (78 x 87 inch) / King (260 x 240 cm) (103 x 93 inch) / Queen (220 x 240 cm) (87 x 93 inch) / Twin (180 x 220 cm) (70 x 87 inch)"
"dore-rose-58547e00050c","Premium Silk Pillowcase","Dore & Rose","Hogar y cocina | Belleza y cuidado","35","35","0","0","configurador","Color (visual) | Talla (buttons)","Color: Rosa / Gris / Blanco / Champán / Verde / Azul | Talla: Euro (80 x 80cm) (32 x 32inch) / Jumbo (60 x 70cm) (24 x 28inch) / King (51 x 92cm) (20 x 36inch) / Lumbar (40 x 80cm) (16 x 32inch) / Queen (50 x 75cm) (20 x 30inch) / Standard (50 x 60cm) (20 x 24inch)"
"dore-rose-4d2555820e84","Premium Silk Sleep Bundle","Dore & Rose","Belleza y cuidado | Accesorios mujer","6","6","0","0","configurador","Talla (buttons)","Talla: Euro (80 x 80cm) (32 x 32inch) / Jumbo (60 x 70cm) (24 x 28inch) / King (51 x 92cm) (20 x 36inch) / Lumbar (40 x 80cm) (16 x 32inch) / Queen (50 x 75cm) (20 x 30inch) / Standard (50 x 60cm) (20 x 24inch)"
"dore-rose-0cc3271ea29e","Premium Silk Sleep Mask","Dore & Rose","Belleza y cuidado | Accesorios mujer","6","5","1","6","configurador","Color (visual) | Color o diseño (visual)","Color: Champán / Rosa / Blanco / Verde oliva | Color o diseño: Diseño 1 / Diseño 2"
"dore-rose-32d8006af4be","Premium Silk Slip Dress","Dore & Rose","Belleza y cuidado | Accesorios mujer","9","9","0","0","configurador","Color o diseño (visual) | Talla (buttons)","Color o diseño: Diseño 1 / Diseño 2 | Talla: S / M / L"
"dore-rose-de34d264a082","Scalloped Short Tencel PJ Set","Dore & Rose","Moda mujer | Belleza y cuidado","15","15","0","0","configurador","Color (visual) | Color o diseño (visual) | Talla (buttons)","Color: Rosa / Azul claro | Color o diseño: Diseño 1 / Diseño 2 | Talla: XS / S / M / L / XL"
"dore-rose-b1c4b36df0fc","Scalloped Silk Pillowcase","Dore & Rose","Hogar y cocina | Belleza y cuidado","12","12","0","0","configurador","Color (visual) | Color o diseño (visual) | Talla (buttons)","Color: Blanco / Azul claro / Marrón | Color o diseño: Diseño 1 / Diseño 2 | Talla: Jumbo (60 x 70cm) (24 x 28inch) / Queen (50 x 75cm) (20 x 30inch) / Standard (50 x 60cm) (20 x 24inch)"
"dore-rose-70fe5324a287","Scalloped Silk PJ Set","Dore & Rose","Moda mujer | Belleza y cuidado","20","20","0","0","configurador","Color (visual) | Color o diseño (visual) | Talla (buttons)","Color: Marrón / Blanco / Azul | Color o diseño: Diseño 1 / Diseño 2 | Talla: XS / S / M / L / XL"
"dore-rose-d88ce8ce996e","Short Cami Set","Dore & Rose","Moda mujer | Belleza y cuidado","25","25","0","0","configurador","Color (visual) | Color o diseño (visual) | Talla (buttons)","Color: Blanco / Rosa / Negro / Azul claro | Color o diseño: Diseño 1 / Diseño 2 | Talla: XS / S / M / L / XL"
"dore-rose-b0db4a1d4d14","Short Premium Striped PJ Set","Dore & Rose","Moda mujer | Belleza y cuidado","8","8","0","0","configurador","Color o diseño (visual) | Talla (buttons)","Color o diseño: Diseño 1 / Diseño 2 | Talla: XS / S / M / L"
"dore-rose-05179947aae8","Short Silk Gown","Dore & Rose","Moda mujer | Belleza y cuidado","6","6","0","0","configurador","Color (visual) | Talla (buttons)","Color: Azul claro / Marrón | Talla: S / M / L"
"dore-rose-2f8295431a9c","Short Tencel PJ Set","Dore & Rose","Moda mujer | Belleza y cuidado","15","15","0","0","configurador","Color (visual) | Color o diseño (visual) | Talla (buttons)","Color: Azul claro / Rosa | Color o diseño: Diseño 1 / Diseño 2 | Talla: XS / S / M / L / XL"
"dore-rose-e92e53ff7e12","Silk Cami and Gown Bundle","Dore & Rose","Moda mujer | Belleza y cuidado","21","10","11","0","configurador","Color (visual) | Talla (buttons)","Color: Marrón / Azul claro | Talla: XS / S / M / L / XL"
"dore-rose-7999524440fb","Silk Cami Set","Dore & Rose","Moda mujer | Belleza y cuidado","25","25","0","0","configurador","Color (visual) | Color o diseño (visual) | Talla (buttons)","Color: Marrón / Blanco / Azul / Champán | Color o diseño: Diseño 1 / Diseño 2 | Talla: XS / S / M / L / XL"
"dore-rose-e8c64ee47d40","Silk Care Bundle","Dore & Rose","Belleza y cuidado | Accesorios mujer","12","12","0","0","configurador","Color (visual) | Talla (buttons)","Color: Negro / Topo / Burdeos | Talla: XS / S / M / L / XL"
"dore-rose-3bb51d01dfd1","Silk Dream Bundle","Dore & Rose","Moda mujer | Belleza y cuidado","32","32","0","0","configurador","Color (visual) | Color o diseño (visual) | Talla (buttons)","Color: Rosa / Marrón / Negro / Topo / Burdeos / Azul | Color o diseño: Diseño 1 / Diseño 2 | Talla: XS / S / M / L / XL"
"dore-rose-0ab721877bad","Silk Escape Bundle","Dore & Rose","Belleza y cuidado | Accesorios mujer","8","2","6","8","configurador","Color (visual)","Color: Negro / Champán"
"dore-rose-c83170498a73","Silk Essentials Bundle","Dore & Rose","Belleza y cuidado | Accesorios mujer","8","8","0","0","configurador","Talla (buttons)","Talla: Jumbo (60 x 70cm) (24 x 28inch) / Lumbar (40 x 80cm) (16 x 32inch) / Queen (50 x 75cm) (20 x 30inch) / Standard (50 x 60cm) (20 x 24inch)"
"dore-rose-e7822e11d660","Silk Hair Care Bundle","Dore & Rose","Belleza y cuidado | Accesorios mujer","3","3","0","3","configurador","Color (visual)","Color: Negro / Burdeos / Champán"
"dore-rose-32d8b08697d7","Silk Headband","Dore & Rose","Belleza y cuidado | Accesorios mujer","4","4","0","4","configurador","Color (visual)","Color: Marrón / Negro / Champán / Gris"
"dore-rose-e11831e0573d","Silk PJ Travel Pouch","Dore & Rose","Aventura y viajes | Accesorios mujer","5","4","1","5","configurador","Color (visual)","Color: Marrón / Beige / Azul marino / Negro"
"dore-rose-2658b4c9b84f","Silk PJs + FREE Sleep Mask","Dore & Rose","Moda mujer | Belleza y cuidado","19","19","0","0","configurador","Color (visual) | Talla (buttons)","Color: Marrón / Topo / Azul / Negro | Talla: XS / S / M / L / XL"
"dore-rose-bf604622919e","Silk Scrunchies","Dore & Rose","Belleza y cuidado | Accesorios mujer","23","8","15","23","configurador","Color (visual)","Color: Marrón / Negro / Antracita / Azul / Azul claro / Rosa / Blanco / Champán"
"dore-rose-6798cce40f54","Silk Sleep Mask & Headband Duo","Dore & Rose","Belleza y cuidado | Accesorios mujer","4","4","0","4","configurador","Color (visual)","Color: Negro / Marrón / Champán / Gris"
"dore-rose-dd9f7857fd78","Silk Travel Pillow","Dore & Rose","Aventura y viajes | Accesorios mujer","2","2","0","2","configurador","Color (visual)","Color: Rosa / Azul"
"dore-rose-9eee5b3904ba","Sleep Socks","Dore & Rose","Belleza y cuidado | Accesorios mujer","2","2","0","2","configurador","Color (visual)","Color: Rosa / Blanco"
"dore-rose-130de285e3b6","Striped Cotton Duvet Cover","Dore & Rose","Belleza y cuidado | Accesorios mujer","4","4","0","0","configurador","Talla (buttons)","Talla: Full (200 x 220 cm) (78 x 87 inch) / King (260 x 240 cm) (103 x 93 inch) / Queen (220 x 240 cm) (87 x 93 inch) / Twin (180 x 220 cm) (70 x 87 inch)"
"dore-rose-2ac75be488cd","Sweetheart Short PJ Bundle","Dore & Rose","Moda mujer | Belleza y cuidado","5","5","0","0","configurador","Talla (buttons)","Talla: XS / S / M / L / XL"
"dore-rose-ba7f70fc4edd","Sweetheart Tencel PJ Bundle","Dore & Rose","Moda mujer | Belleza y cuidado","5","5","0","0","configurador","Talla (buttons)","Talla: XS / S / M / L / XL"
"dore-rose-8fe316e3a2cc","The Ultimate Boyfriend Tee","Dore & Rose","Moda mujer | Belleza y cuidado","4","4","0","0","configurador","Color (visual) | Talla (buttons)","Color: Negro / Blanco | Talla: L/XL / S/M"
"dore-rose-ab5e2a916c4a","Travel Pouch","Dore & Rose","Aventura y viajes | Accesorios mujer","8","7","1","8","configurador","Color (visual) | Color o diseño (visual)","Color: Negro / Champán / Verde / Rosa / Azul | Color o diseño: Diseño 1 / Diseño 2"
"dore-rose-f8f988b7ea43","Ultimate Cooling Sleep Bundle","Dore & Rose","Belleza y cuidado | Accesorios mujer","40","40","0","0","configurador","Color (visual) | Talla (buttons) | Medida (buttons)","Color: Beige / Azul marino / Gris / Azul claro | Talla: Euro (80 x 80cm) (32 x 32 inch) / Jumbo (60 x 70cm) (24 x 28 inch) / King (51 x 92cm) (20 x 36 inch) / Lumbar (40 x 80cm) (16 x 32 inch) / Queen (50 x 75 cm) (20 x 30 inch) / Standard (50 x 60cm) (20 x 24 inch) | Medida: Twin / Twin XL (180 x 225 cm) (70 x 88.5 inch) / Full / Queen (225 x 225 cm) (88.5 x 88.5 inch) / ⁠King / Cal King (260 x 240 cm) (102 x 94 inch)"
"heybike-2bd26e338ed2","EC 1-ST Combo","Heybike","Deportes y aire libre","3","3","0","0","configurador","Color (visual) | Color o diseño (visual)","Color: Turquesa / Rosa claro | Color o diseño: Diseño 1 / Diseño 2"
"heybike-693574c69192","EC1 Heckgepäckträger","Heybike","Deportes y aire libre","2","2","0","0","configurador","Configuración (buttons)","Configuración: EC 1 / EC 1-ST"
"heybike-0d67417c6e5a","EC1-ST & EC1 Reifen","Heybike","Deportes y aire libre","2","2","0","0","configurador","Configuración (buttons)","Configuración: EC1 / EC1-ST"
"heybike-5075bab8827d","Fahrradträger Packtasche","Heybike","Deportes y aire libre","2","2","0","0","configurador","Color (visual)","Color: Negro / Verde"
"heybike-0cf4fbf0bb96","Helio F - Vintage Edition","Heybike","Deportes y aire libre","2","2","0","0","configurador","Color (visual)","Color: Rojo / Verde racing"
"heybike-e5ddda2d1761","Helio F – Limitierte Künstler-Edition","Heybike","Deportes y aire libre","3","3","0","0","configurador","Configuración (buttons)","Configuración: Hedof Edition / Mark Edition / Emi Edition"
"heybike-a4729ceca224","Helio U","Heybike","Deportes y aire libre","3","3","0","0","configurador","Color (visual)","Color: Rosa / Blanco / Azul glaciar"
"heybike-d5ad6eb81552","Helio U + Helio F Combo","Heybike","Deportes y aire libre","6","6","0","0","configurador","Color (visual) | Color o diseño (visual)","Color: Rosa / Azul glaciar / Rojo / Verde racing | Color o diseño: Diseño 1 / Diseño 2"
"heybike-f992d013564e","Helio U Combo","Heybike","Deportes y aire libre","6","6","0","0","configurador","Color (visual) | Color o diseño (visual)","Color: Rosa / Azul glaciar | Color o diseño: Diseño 1 / Diseño 2"
"heybike-131f5fc7a119","Heybike EC 1","Heybike","Deportes y aire libre","3","3","0","0","configurador","Color (visual)","Color: Negro / Turquesa"
"heybike-f64397d785f0","Heybike EC 1-ST","Heybike","Deportes y aire libre","4","4","0","0","configurador","Color (visual) | Configuración (buttons)","Color: Turquesa / Rosa claro | Configuración: mit Korb / mit schwarzer Tasche"
"heybike-52bcc24699f7","Ladegerät","Heybike","Deportes y aire libre","2","2","0","0","configurador","Configuración (buttons)","Configuración: EC 1 / EC1-ST"
"ss-es-aa1b4a5620b3","Crema Corporal para Hombre","HOMO NATURALS","Belleza y cuidado","3","1","2","0","duplicados_agrupados","",""
"ss-es-2ce677fcaf47","Crema íntima para hombre","HOMO NATURALS","Belleza y cuidado","3","1","2","0","duplicados_agrupados","",""
"ss-es-4535c49b537c","Desodorante Lotus","HOMO NATURALS","Belleza y cuidado","18","6","12","0","configurador","Color o diseño (visual)","Color o diseño: Diseño 1 / Diseño 2 / Diseño 3 / Diseño 4 / Diseño 5 / Diseño 6"
"ss-es-27be463ffcae","Exfoliante + Gel o Crema Antiedad","HOMO NATURALS","Belleza y cuidado","2","1","1","0","duplicados_agrupados","",""
"ss-es-291551f2d137","Gel Antiedad","HOMO NATURALS","Belleza y cuidado","2","2","0","0","configurador","Color o diseño (visual)","Color o diseño: Diseño 1 / Diseño 2"
"ss-es-fb5e91192024","Gel de Ducha + Champú 2-en-1","HOMO NATURALS","Belleza y cuidado","3","1","2","2","duplicados_agrupados","",""
"ss-es-092471ffc8c7","Gel de Higiene Intima para hombre","HOMO NATURALS","Belleza y cuidado","3","1","2","0","duplicados_agrupados","",""
"ss-es-113594ccc516","Gel o Crema Antiedad + Corrector Facial","HOMO NATURALS","Belleza y cuidado","2","1","1","0","duplicados_agrupados","",""
"ss-es-ed3e2ea3f005","Gel o Crema Antiedad + Protector solar","HOMO NATURALS","Belleza y cuidado","2","1","1","2","duplicados_agrupados","",""
"ss-es-6a852fb4e168","Kit Desodorante + Crema de Manos","HOMO NATURALS","Belleza y cuidado","5","5","0","0","configurador","Color o diseño (visual)","Color o diseño: Diseño 1 / Diseño 2 / Diseño 3 / Diseño 4 / Diseño 5"
"ss-es-ec3d40cc24db","Limpiador Facial + Crema de Afeitado 2-en-1","HOMO NATURALS","Belleza y cuidado","3","1","2","0","duplicados_agrupados","",""
"ss-es-4280c280977e","Limpiador Facial + Gel o Crema Antiedad","HOMO NATURALS","Belleza y cuidado","2","1","1","0","duplicados_agrupados","",""
"ss-es-191a537551a4","Lubricante Natural","HOMO NATURALS","Belleza y cuidado","3","1","2","0","duplicados_agrupados","",""
"ss-es-74eefce0633e","Protector solar en Spray","HOMO NATURALS","Belleza y cuidado","3","1","2","0","duplicados_agrupados","",""
"ss-es-efbe17d0fec6","Serum Antiedad Triple Acción + Gel o Crema Antiedad","HOMO NATURALS","Belleza y cuidado","2","1","1","2","duplicados_agrupados","",""
"ss-es-96c0f0a27ffc","Serum Antiedad y Antimanchas + Gel o Crema Antiedad","HOMO NATURALS","Belleza y cuidado","2","1","1","0","duplicados_agrupados","",""
"ss-es-b50601f93689","Spray Revitalizante + Gel o Crema Antiedad","HOMO NATURALS","Belleza y cuidado","2","1","1","0","duplicados_agrupados","",""
"ss-es-72d6dd98fabc","Surtido 3 Desodorantes para Hombre","HOMO NATURALS","Belleza y cuidado","4","4","0","0","configurador","Color o diseño (visual)","Color o diseño: Diseño 1 / Diseño 2 / Diseño 3 / Diseño 4"
"ss-es-aba39bd697db","Tratamiento Facial + Contorno de Ojos","HOMO NATURALS","Belleza y cuidado","2","1","1","0","duplicados_agrupados","",""
"ss-es-5a42e439ee01","Tratamiento Facial + Corrector Facial","HOMO NATURALS","Belleza y cuidado","2","1","1","0","duplicados_agrupados","",""
"ss-es-ee7447906daa","Tratamiento facial + Protector solar","HOMO NATURALS","Belleza y cuidado","2","1","1","2","duplicados_agrupados","",""
"ss-es-fc04340bd263","Tratamiento Facial + Serum Antiedad","HOMO NATURALS","Belleza y cuidado","2","1","1","0","duplicados_agrupados","",""
"ss-es-267bf883be11","Tratamiento Facial 4 Pasos","HOMO NATURALS","Belleza y cuidado","2","1","1","0","duplicados_agrupados","",""
"ss-es-d52f1efe61e6","Tratamiento Facial Diario","HOMO NATURALS","Belleza y cuidado","2","1","1","2","duplicados_agrupados","",""
"ss-es-4c7e37470d40","Batería para bicicleta eléctrica U2, 13 Ah","isinwheel.ES","Deporte | Movilidad eléctrica","2","2","0","0","configurador","Color o diseño (visual)","Color o diseño: Diseño 1 / Diseño 2"
"ss-es-f292ccfd53b7","Dos Patinetes Eléctricos Vienen Con Candados Y Descuentos","isinwheel.ES","Deporte | Movilidad eléctrica","3","3","0","0","configurador","Color o diseño (visual)","Color o diseño: Diseño 1 / Diseño 2 / Diseño 3"
"ss-es-bb401bf133e6","EB3 Bicicleta Eléctrica Todo Terreno para Desplazamientos Urbanos y Aventuras Off-Road","isinwheel.ES","Deporte | Movilidad eléctrica","2","2","0","0","configurador","Color (visual)","Color: EB3 Blanco / EB3 Negro"
"ss-es-bf22ee642182","i9MAX 500W Patinete Eléctrico Certificado DGT Legal 40KM","isinwheel.ES","Deporte | Movilidad eléctrica","5","5","0","0","configurador","Color o diseño (visual)","Color o diseño: Diseño 1 / Diseño 2 / Diseño 3 / Diseño 4 / Diseño 5"
"ss-es-ab2e5d19560d","isinwheel A12 Motocicleta todoterreno eléctrica para niños de 350 W","isinwheel.ES","Deporte | Movilidad eléctrica","2","2","0","0","configurador","Color o diseño (visual)","Color o diseño: Diseño 1 / Diseño 2"
"ss-es-824cb2da8a1a","isinwheel GT2 Conjunto de patinete eléctrico homologado por la DGT","isinwheel.ES","Deporte | Movilidad eléctrica","3","3","0","0","configurador","Color o diseño (visual)","Color o diseño: Diseño 1 / Diseño 2 / Diseño 3"
"ss-es-4a262c690e0d","isinwheel M2 Patinete Eléctrico Todoterreno 800W","isinwheel.ES","Deporte | Movilidad eléctrica","2","2","0","0","configurador","Color o diseño (visual)","Color o diseño: Diseño 1 / Diseño 2"
"ss-es-49f4d63d3c9b","isinwheel MiniSpider Patinete eléctrico infantil 2 en 1","isinwheel.ES","Deporte | Movilidad eléctrica","10","10","0","7","configurador","Color o diseño (visual)","Color o diseño: Diseño 1 / Diseño 2 / Diseño 3 / Diseño 4 / Diseño 5 / Diseño 6 / Diseño 7 / Diseño 8 / Diseño 9 / Diseño 10"
"ss-es-9a191504138b","isinwheel S4 Patinete eléctrico para niños 200W","isinwheel.ES","Deporte | Movilidad eléctrica","9","9","0","3","configurador","Color o diseño (visual)","Color o diseño: Diseño 1 / Diseño 2 / Diseño 3 / Diseño 4 / Diseño 5 / Diseño 6 / Diseño 7 / Diseño 8 / Diseño 9"
"ss-es-3edae9f9c48a","isinwheel S9Max Patinete eléctrico 500W","isinwheel.ES","Deporte | Movilidad eléctrica","2","2","0","0","configurador","Color o diseño (visual)","Color o diseño: Diseño 1 / Diseño 2"
"ss-es-17f561e9f0a5","isinwheel U1 Bicicleta eléctrica plegable para movilidad urbana","isinwheel.ES","Deporte | Movilidad eléctrica","2","2","0","0","configurador","Color (visual)","Color: Negro / 2*Negro"
"ss-es-656573e63345","isinwheel U2 Bicicleta eléctrica de cercanías 500W","isinwheel.ES","Deporte | Movilidad eléctrica","5","5","0","0","configurador","Color o diseño (visual)","Color o diseño: Diseño 1 / Diseño 2 / Diseño 3 / Diseño 4 / Diseño 5"
"ss-es-b34700306fe7","isinwheel U4 Bicicleta eléctrica plegable","isinwheel.ES","Deporte | Movilidad eléctrica","5","5","0","0","configurador","Color o diseño (visual)","Color o diseño: Diseño 1 / Diseño 2 / Diseño 3 / Diseño 4 / Diseño 5"
"ss-es-50a3b441fe7d","isinwheel UCity Bicicleta eléctrica urbana","isinwheel.ES","Deporte | Movilidad eléctrica","2","2","0","0","configurador","Color o diseño (visual)","Color o diseño: Diseño 1 / Diseño 2"
"ss-es-b438bf91cddc","isinwheel® GT2 1000W Patinete Eléctrico Certificado VPM/DGT","isinwheel.ES","Deporte | Movilidad eléctrica","5","4","1","0","configurador","Color o diseño (visual)","Color o diseño: Diseño 1 / Diseño 2 / Diseño 3 / Diseño 4"
"ss-es-b903e2044922","isinwheel® GT2 Patinete Eléctrico Certificado DGT Legal 1000W","isinwheel.ES","Deporte | Movilidad eléctrica","2","2","0","0","configurador","Color o diseño (visual)","Color o diseño: Diseño 1 / Diseño 2"
"ss-es-8b3717571a17","isinwheel® S10Max Patinete Eléctrico 1000W","isinwheel.ES","Deporte | Movilidad eléctrica","2","2","0","0","configurador","Color o diseño (visual)","Color o diseño: Diseño 1 / Diseño 2"
"ss-es-afa231666f8e","Mini Patinete Eléctrico Infantil 2 En 1","isinwheel.ES","Deporte | Movilidad eléctrica","5","5","0","0","configurador","Color o diseño (visual)","Color o diseño: Diseño 1 / Diseño 2 / Diseño 3 / Diseño 4 / Diseño 5"
"ss-es-97164f7cb2e4","Reemplazo de batería de 15Ah patinete eléctrico todoterreno GT2","isinwheel.ES","Deporte | Movilidad eléctrica","2","2","0","0","configurador","Color o diseño (visual)","Color o diseño: Diseño 1 / Diseño 2"
"italist_eur-33845ea46e81","0476 Leggings Trousers","Italist","Moda","2","2","0","0","configurador","Talla (buttons)","Talla: XS / S"
"italist_usd-ef143f723723","Alexander McQueen Crystal-Embellished Sandal — Black","Italist","Moda","5","4","1","1","configurador","Talla (buttons)","Talla: 36 / 37 / 38 / 41"
"italist_eur-c4ac922497cc","Anthracite Maglieria Sweater","Italist","Moda","2","2","0","0","configurador","Talla (buttons)","Talla: 34F / 36F"
"italist_eur-7350ba5800d0","Army Polyester Mens Swimwear Clothing","Italist","Moda","7","7","0","0","configurador","Talla (buttons)","Talla: 4XL / IT46 / S / IT48 / M / IT50 / L / IT52 / XL / IT54 / XXL / IT56 / 3XL"
"italist_usd-5a43516a9893","Balenciaga Track Mule Slipper — White","Italist","Moda","9","8","1","1","configurador","Talla (buttons)","Talla: EU 35 / EU 36 / EU 37 / EU 38 / EU 39 / EU 40 / EU 41 / EU 42"
"italist_usd-c55691464487","Balmain Logo-Appliqué Swim Shorts — Black","Italist","Moda","6","5","1","1","configurador","Talla (buttons)","Talla: S / M / L / 40 / 42"
"italist_usd-021f2a4e2d89","Black Cady Sleeveless Lace Up Bodycon Dress","Italist","Moda","3","2","1","1","configurador","Talla (buttons)","Talla: IT36 / XS / IT38 / XS"
"italist_eur-ad1076157786","Black Exterior: Viscose Elastane Maglie Sweater","Italist","Moda","2","2","0","0","configurador","Talla (buttons)","Talla: 36 / 38"
"italist_usd-5c0113c8417d","Black Nylon Athletic Sneakers","Italist","Moda","5","4","1","1","configurador","Talla (buttons)","Talla: EU 40 / US 7 / EU 41 / US 8 / EU 42 / US 9 / EU45/US12"
"italist_eur-ba25fdadbf05","Black Polyester Mens Swimwear And White Clothing","Italist","Moda","7","7","0","0","configurador","Talla (buttons)","Talla: 4XL / IT46 / S / IT48 / M / IT50 / L / IT52 / XL / IT54 / XXL / IT56 / 3XL"
"italist_eur-f1fc64c7df57","Black Sandali Sandal","Italist","Moda","8","8","0","0","configurador","Talla (buttons)","Talla: 36 / 36.5 / 37 / 37.5 / 38 / 38.5 / 39 / 41"
"italist_eur-333fa44550f0","Black Stivali Boot","Italist","Moda","8","8","0","0","configurador","Talla (buttons)","Talla: 36 / 36.5 / 37 / 37.5 / 38 / 38.5 / 39 / 40"
"italist_eur-fab0f681ff45","Black White Logo Print Hooded Coat Men Jacket And Polyester Clothing","Italist","Moda","7","7","0","0","configurador","Talla (buttons)","Talla: IT44 / XS / IT46 / S / IT48 / M / IT50 / L / IT52 / XL / IT56 / XXL / IT58 / 3XL"
"italist_eur-d54a11b872b4","Blackblack Exterior: Cotton Felpe Sweater","Italist","Moda","3","3","0","0","configurador","Talla (buttons)","Talla: XS / S / M"
"italist_eur-62b5dd5d49bf","Blue Leather Men Loafer","Italist","Moda","11","11","0","0","configurador","Talla (buttons)","Talla: EU39.5/US6.5 / EU41.5/US8.5 / EU41/US8 / EU42.5/US9.5 / EU42/US9 / EU43.5/US10.5 / EU43/US10 / EU44.5/US11.5 / EU44/US11 / EU45.5/US12.5 / EU45/US12"
"italist_usd-0a315e6b1c23","Brown Bull Skin Regular Belt","Italist","Moda","3","2","1","1","configurador","Talla (buttons)","Talla: 110 cm / 44 Inches / 115 cm / 46 Inches"
"italist_usd-e0167365bdf5","Brunello Cucinelli Braided Jacquard Cotton Cardigan — Cream","Italist","Moda","5","4","1","1","configurador","Talla (buttons)","Talla: 50 IT / 52 IT / 54 IT / 56 IT"
"italist_usd-837838e8ce36","Brunello Cucinelli Cashmere Socks — Gray","Italist","Moda","3","2","1","1","configurador","Talla (buttons)","Talla: S / L"
"italist_usd-f4eda34df76c","Brunello Cucinelli Cashmere-Silk Knit Cardigan — Blue","Italist","Moda","5","4","1","1","configurador","Talla (buttons)","Talla: 50 / 52 / 54 / 56"
"italist_usd-0f36988978ad","Brunello Cucinelli Pure Cashmere Cardigan — Navy","Italist","Moda","8","7","1","1","configurador","Talla (buttons)","Talla: XXL / 48 / M / IT46 / S / IT50 / L / IT52 / XL / IT56 / XL / IT58 / 4XL"
"italist_usd-883607cb31e4","Brunello Cucinelli Quilted Down Vest — Gray","Italist","Moda","6","5","1","1","configurador","Talla (buttons)","Talla: M / L / XL / XXL / 3XL"
"italist_usd-47c86d0b2a49","Brunello Cucinelli Socks Coat Of Arms Of Solomeo","Italist","Moda","4","3","1","1","configurador","Talla (buttons)","Talla: S / M / L"
"italist_usd-bf02ac8ac06a","Brunello Cucinelli Striped Socks - Active Line","Italist","Moda","3","2","1","1","configurador","Talla (buttons)","Talla: S / M"
"italist_usd-a84f09e6c974","Brunello Cucinelli Tapered Cotton-Blend Joggers — Navy","Italist","Moda","6","5","1","1","configurador","Talla (buttons)","Talla: S / M / L / XL / XXL"
"italist_usd-ea6647221bbc","Brunello Cucinelli Textured Stretch Cotton Hoodie — Red","Italist","Moda","5","4","1","1","configurador","Talla (buttons)","Talla: XXS / XS / S / M"
"italist_usd-9dc8393cb8e8","Brunello Cucinelli Wool Knitted Beret — Beige","Italist","Moda","2","1","1","1","duplicados_agrupados","",""
"italist_usd-6b05cd1bbabd","Burberry 8082654 Polyester Cotton Baseball Cap — Green","Italist","Moda","4","3","1","1","configurador","Talla (buttons)","Talla: XS / S / M"
"italist_usd-ab02dd8eeca1","Burberry Fred Chinos — Beige","Italist","Moda","3","2","1","1","configurador","Talla (buttons)","Talla: 30 / 31"
"italist_eur-23abd641620f","Chalk Exterior: Cotton Elastane Maglie Sweater","Italist","Moda","2","2","0","0","configurador","Talla (buttons)","Talla: XS / S"
"italist_usd-af693cebc88a","Dolce & Gabbana Cashmere Cherub Print Baroque Sweater — Black","Italist","Moda","4","3","1","1","configurador","Talla (buttons)","Talla: IT44 / XS / IT50 / L / IT54 / XL"
"italist_usd-a9c75c07f23e","Dolce & Gabbana Floral Brocade Bermudas — Brown","Italist","Moda","6","5","1","1","configurador","Talla (buttons)","Talla: IT36 / XS / IT36 / XXS / IT38 / XS / IT40 / S / IT42 / M"
"italist_usd-4efed2fd5569","Dolce & Gabbana Floral Brocade Blazer — Pink","Italist","Moda","2","1","1","1","duplicados_agrupados","",""
"italist_usd-25d158a9c2e7","Dolce & Gabbana Floral Hooded Puffer Puffer Jacket — Multicolor","Italist","Moda","3","2","1","1","configurador","Talla (buttons)","Talla: 52 / IT52 / 4XL"
"italist_usd-b3ec2389ba94","Dolce & Gabbana Floral-Embroidered Pencil Skirt — Beige","Italist","Moda","8","7","1","1","configurador","Talla (buttons)","Talla: IT36 / XS / IT36 / XXS / IT38 / XS / IT40 / S / IT42 / M / IT44 / L / IT46 / XL"
"italist_usd-9bd059562ff7","Dolce & Gabbana Graphic Pig Motif T-Shirt — White","Italist","Moda","9","8","1","1","configurador","Talla (buttons)","Talla: IT36 / XS / IT36 / XXS / IT38 / S / IT38 / XS / IT40 / M / IT40 / S / IT42 / M / IT46 / XL"
"italist_usd-89c0420761a4","Dolce & Gabbana Lamb Fur Leather Loafer — Black","Italist","Moda","10","9","1","1","configurador","Talla (buttons)","Talla: EU39.5/US6.5 / EU40.5/US7.5 / EU40/US7 / EU41.5/US8.5 / EU41/US8 / EU42/US9 / EU43.5/US10.5 / EU43/US10 / EU44/US11"
"italist_usd-18fc88a9c05e","Dolce & Gabbana Mesh Net Tank Top — White","Italist","Moda","8","7","1","1","configurador","Talla (buttons)","Talla: IT36 / XS / IT36 / XXS / IT38 / S / IT38 / XS / IT42 / M / IT44 / L / IT46 / XL"
"italist_usd-138e4d96ae1e","Dolce & Gabbana Polka Dot Silk Blouse — White","Italist","Moda","6","5","1","1","configurador","Talla (buttons)","Talla: IT36 / XS / IT36 / XXS / IT38 / XS / IT40 / S / IT42 / M"
"italist_usd-f005a1b32180","Dolce & Gabbana Polka-Dotted Silk Blend Dress — White","Italist","Moda","5","4","1","1","configurador","Talla (buttons)","Talla: IT36 / XS / IT36 / XXS / IT38 / XS / IT42 / M"
"italist_usd-4b9b8bfbe752","Dolce & Gabbana Python Leather Gold-Buckle Belt — Brown","Italist","Moda","4","3","1","1","configurador","Talla (buttons)","Talla: 80 cm / 32 Inches / 90 cm / 36 Inches / 100 cm / 40 Inches"
"italist_usd-fdbbc265eb34","Dolce & Gabbana Sorrento Sneaker — Black","Italist","Moda","12","11","1","1","configurador","Talla (buttons)","Talla: EU39/US6 / EU40.5/US7.5 / EU41.5/US8.5 / EU42.5/US9.5 / EU43.5/US10.5 / EU43/US10 / EU44.5/US11.5 / EU44/US11 / EU45/US12 / EU46/US13 / EU47/US14"
"italist_usd-aafa62167f5b","Fendi Wool Trousers — Black","Italist","Moda","3","2","1","1","configurador","Talla (buttons)","Talla: 50 / 52"
"italist_usd-aef7be3e5793","Ferragamo Sheer Jersey Tunic — Black","Italist","Moda","7","6","1","1","configurador","Talla (buttons)","Talla: EU 38 / EU 40 / EU 42 / EU 44 / EU 46 / EU 48"
"italist_eur-35db137e4bd1","Galcon Exterior: Silk Camicie Shirt","Italist","Moda","2","2","0","0","configurador","Talla (buttons)","Talla: S / M"
"italist_usd-26d956d44f08","Givenchy Cotton Wrap Shirt — White","Italist","Moda","3","2","1","1","configurador","Talla (buttons)","Talla: 36 / 38"
"italist_usd-90b561874a70","Givenchy Multi-Pocket Denim Cargo Shorts — Blue","Italist","Moda","2","1","1","1","duplicados_agrupados","",""
"italist_usd-a7b8faf53f85","Givenchy Nylon-Elastane Bodysuit — White","Italist","Moda","3","2","1","1","configurador","Talla (buttons)","Talla: 34F / 36F"
"italist_usd-21dde4bcb5cc","Gucci GG Monogram Technical Fabric Cape — Black","Italist","Moda","2","1","1","1","duplicados_agrupados","",""
"italist_eur-4a6e062bdad2","Indigoblue Exterior: Cotton Jean","Italist","Moda","2","2","0","0","configurador","Talla (buttons)","Talla: 25 / 26"
"italist_usd-5adf3e0ad767","Jil Sander High-Waisted Flared Cotton Jeans — Blue","Italist","Moda","7","6","1","1","configurador","Talla (buttons)","Talla: 30 / 31 / 32 / 33 / 34 / 36"
"italist_usd-fe9dd4a11377","Jimmy Choo Rosie Heel Sandal — White","Italist","Moda","10","9","1","1","configurador","Talla (buttons)","Talla: EU37/US7 / EU38.5/US8.5 / EU38/US8 / EU39.5/US9.5 / EU39/US9 / EU40.5/US10.5 / EU40/US10 / EU41/US11 / EU42/US12"
"italist_usd-0fb8cfdc00f1","Kenzo Polo — Navy","Italist","Moda","4","3","1","1","configurador","Talla (buttons)","Talla: S / M / L"
"italist_usd-207c3f40feeb","Kenzo Sweatshirt — Blue","Italist","Moda","4","3","1","1","configurador","Talla (buttons)","Talla: S / M / L"
"italist_usd-a96dec9eea9f","Max Mara Landa Coat — Beige","Italist","Moda","5","4","1","1","configurador","Talla (buttons)","Talla: IT38 / IT40 / IT42 / IT44"
"italist_eur-c396fcce10da","Mediumdenim Exterior: Cotton Jean","Italist","Moda","6","6","0","0","configurador","Talla (buttons)","Talla: 30 / 31 / 32 / 33 / 34 / 36"
"italist_eur-b916a9f99fd5","Men's Beige Mohair Blouse","Italist","Moda","3","3","0","0","configurador","Talla (buttons)","Talla: 48 / M / IT50 / L / IT52 / XL"
"italist_eur-4047f9ab37c0","Men's Black Calfskin Regular Belt","Italist","Moda","8","8","0","0","configurador","Talla (buttons)","Talla: 85 cm / 34 Inches / 90 cm / 36 Inches / 95 cm / 38 Inches / 100 cm / 40 Inches / 105 cm / 42 Inches / 110 cm / 44 Inches / 115 cm / 46 Inches / 120 cm / 47 Inches"
"italist_eur-c73bf4e236f1","Men's Black Cotton Sweatshirt Clothing","Italist","Moda","3","3","0","0","configurador","Talla (buttons)","Talla: S / M / L"
"italist_eur-42ff64240a9d","Men's Black Cotton Sweatshirt Clothing","Italist","Moda","4","4","0","0","configurador","Talla (buttons)","Talla: XS / S / M / L"
"italist_eur-bf0620e0cad3","Men's Black Gold Instrument Embellished Shirt Cotton","Italist","Moda","6","6","0","0","configurador","Talla (buttons)","Talla: IT37 / XS / IT38 / XS / IT39 / S / IT40 / M / IT41 / L / IT42 / XL"
"italist_eur-187d5d8267cd","Men's Black Patchwork Leather Mid Calf Boots Shoes Cotton Horse Crocodile","Italist","Moda","9","9","0","0","configurador","Talla (buttons)","Talla: EU39/US6 / EU40.5/US7.5 / EU40/US7 / EU42.5/US9.5 / EU42/US9 / EU43.5/US10.5 / EU43/US10 / EU44/US11 / EU45/US12"
"italist_eur-1e267fe347a3","Men's Brown Wool Socks Clothing","Italist","Moda","3","3","0","0","configurador","Talla (buttons)","Talla: 39-40 / 42-43 / 43-44"
"italist_eur-0e337c705a68","Men's Brown Wool Socks Clothing","Italist","Moda","4","4","0","0","configurador","Talla (buttons)","Talla: 39-40 / 42-43 / 43-44 / 45-46"
"italist_eur-f88a2cca6bbe","Men's Camouflage Intarsia-Knit Sweater Multicolor Nylon Viscose Cashmere Clothing","Italist","Moda","4","4","0","0","configurador","Talla (buttons)","Talla: IT46 / S / IT48 / M / IT50 / L / IT52 / XL"
"italist_eur-fd81d67a3c14","Men's Chaussettes En Coton Tissage Zokki Brun Brown Socks","Italist","Moda","2","2","0","0","configurador","Talla (buttons)","Talla: 7 / 9"
"italist_eur-47da596f4504","Men's Fatto A Sweater Brown Virgin Wool","Italist","Moda","7","7","0","0","configurador","Talla (buttons)","Talla: IT44 / XS / IT46 / M / IT48 / M / IT50 / L / IT52 / XL / IT54 / XL / IT56 / XXL"
"italist_eur-85c30bd8b151","Men's Gray Cotton Cardigan Clothing","Italist","Moda","3","3","0","0","configurador","Talla (buttons)","Talla: 1 / 2 / 3"
"italist_eur-dee2a66e61d9","Men's Gray Cotton Sweatshirt Clothing","Italist","Moda","6","6","0","0","configurador","Talla (buttons)","Talla: S / M / L / XL / XXL / 3XL"
"italist_eur-b38216a4e53a","Men's Midnight Blue Stretch Cotton Blend Invisible Socks Calze","Italist","Moda","3","3","0","0","configurador","Talla (buttons)","Talla: 11 / 12 / 13"
"italist_eur-57f78912d06b","Men's Multicolor Cotton Sleeveless Jacket Clothing","Italist","Moda","4","4","0","0","configurador","Talla (buttons)","Talla: S / M / L / XL"
"italist_usd-f91c0d9406bc","Moschino Stretch Lycra Leggings — Black","Italist","Moda","5","4","1","1","configurador","Talla (buttons)","Talla: IT38 / IT40 / IT42 / IT44"
"italist_usd-7a14d3595434","Ozwald Boateng Geometric-Print Silk Overshirt — Blue","Italist","Moda","3","2","1","1","configurador","Talla (buttons)","Talla: M / L"
"italist_usd-d0cc09a9ce63","Rabanne Sequined Mini Skirt — Silver","Italist","Moda","2","1","1","1","duplicados_agrupados","",""
"italist_usd-11c9b53570b4","Roberto Cavalli Sport Army-Print Polyester Swim Shorts — Gray","Italist","Moda","8","7","1","1","configurador","Talla (buttons)","Talla: 4XL / IT46 / S / IT48 / M / IT50 / L / IT52 / XL / IT54 / XXL / IT56 / 3XL"
"italist_usd-f9074ef40ebc","Roger Vivier RV Sun Hat — Beige","Italist","Moda","2","1","1","1","duplicados_agrupados","",""
"italist_usd-73d32c2b2c84","Ruslan Baginskiy CAPPELLO Embellished Satin Flat Cap — Pink","Italist","Moda","3","2","1","1","configurador","Talla (buttons)","Talla: XS / S"
"italist_eur-86ce8f609761","Silverblack Exterior: Silk Short","Italist","Moda","2","2","0","0","configurador","Talla (buttons)","Talla: 4 / 6"
"italist_usd-1e9a85a24083","Stella McCartney Denim Denim Shorts — Blue","Italist","Moda","3","2","1","1","configurador","Talla (buttons)","Talla: 26 / 27"
"italist_usd-23858f416767","Stella McCartney Viscose Flared Trousers — Orange","Italist","Moda","4","3","1","1","configurador","Talla (buttons)","Talla: 38 / 40 / 42"
"italist_usd-e165ee1bdb04","Tagliatore Alicya Pant Suit — Beige","Italist","Moda","8","7","1","1","configurador","Talla (buttons)","Talla: 38 IT / 40 IT / 42 IT / 44 IT / 46 IT / 48 IT / 50 IT"
"italist_usd-e5987d544ff3","Taiga Takahashi Raincoat — Beige","Italist","Moda","2","1","1","1","duplicados_agrupados","",""
"italist_usd-83a9a0f6ab58","The Attico Boot — Black","Italist","Moda","9","8","1","1","configurador","Talla (buttons)","Talla: EU37.5/US7.5 / EU37/US7 / EU38.5/US8.5 / EU38/US8 / EU39.5/US9.5 / EU39/US9 / EU40/US10 / EU41/US11"
"italist_usd-6896c2fa82d0","Thom Browne Cotton Windowpane Plaid Jacket-Shirt — Blue","Italist","Moda","2","1","1","1","duplicados_agrupados","",""
"italist_usd-116a992de77e","Tom Ford Logo-Embroidered Modal Tank Top — Black","Italist","Moda","4","3","1","1","configurador","Talla (buttons)","Talla: XS / S / M"
"italist_usd-eb2f1d277815","Valentino Garavani Trench Coat — White","Italist","Moda","2","1","1","1","duplicados_agrupados","",""
"italist_usd-5cc70b5dfb81","Valentino Garavani Turtleneck Zip Polyester Sweatshirt — Black","Italist","Moda","6","5","1","1","configurador","Talla (buttons)","Talla: M / L / XL / XXL / 3XL"
"italist_usd-07bad9927fd4","Versace Cargo Pocket Cargo Pants — Black","Italist","Moda","2","1","1","1","duplicados_agrupados","",""
"italist_usd-76429004257f","Versace Sculptural White Ring — White","Italist","Moda","3","2","1","1","configurador","Talla (buttons)","Talla: 9 / 11"
"italist_eur-d80049f44e2a","Washedcedar Exterior: Cotton T-Shirt T-shirts And Polos","Italist","Moda","4","4","0","0","configurador","Talla (buttons)","Talla: XS / S / M / L"
"italist_eur-9b31973afc94","White Leather Women Sneakers","Italist","Moda","7","7","0","0","configurador","Talla (buttons)","Talla: EU36.5/US6.5 / EU37.5/US7.5 / EU37/US7 / EU38.5/US8.5 / EU38/US8 / EU39/US9 / EU40/US10"
"italist_eur-cc3e6540f921","Women's Bague Surma Jewelry Bijoux","Italist","Moda","3","3","0","0","configurador","Talla (buttons)","Talla: 51 / 53 / 55"
"italist_eur-edd1830672ca","Women's Beige Floral High Waist Pencil Cut Skirt Viscose Acetate Elastane","Italist","Moda","7","7","0","0","configurador","Talla (buttons)","Talla: IT36 / XS / IT36 / XXS / IT38 / XS / IT40 / S / IT42 / M / IT44 / L / IT46 / XL"
"italist_eur-61624aabd33d","Women's Beige Virgin Wool Cardigan Clothing","Italist","Moda","3","3","0","0","configurador","Talla (buttons)","Talla: IT38 / IT40 / IT42"
"italist_eur-3d03159c3d3d","Women's Bicolor Polyamide Flared Pants","Italist","Moda","2","2","0","0","configurador","Talla (buttons)","Talla: IT40 / IT42"
"italist_eur-cc6ac115c6d4","Women's Black Lamb Leather Mini Skirt","Italist","Moda","3","3","0","0","configurador","Talla (buttons)","Talla: IT38 / IT40 / IT42"
"italist_eur-f69a83995562","Women's Black Leather Crystals Lace Up Formal Shoes","Italist","Moda","12","12","0","0","configurador","Talla (buttons)","Talla: EU35.5/US5 / EU35/US4.5 / EU36.5/US6 / EU36/US5.5 / EU37.5/US7 / EU37/US6.5 / EU38.5/US8 / EU38/US7.5 / EU39.5/US9 / EU39/US8.5 / EU40/US9.5 / EU41/US10.5"
"italist_eur-d008f9fe3ba6","Women's Black Polyester Lace Trim Sheath Midi Dress Elastane","Italist","Moda","6","6","0","0","configurador","Talla (buttons)","Talla: IT38 / XS / IT40 / S / IT42 / M / IT44 / L / IT46 / XL / IT48 / XXL"
"italist_eur-d14ee466ba00","Women's Black Stretch Socks Red Roses Booties Shoes Wool","Italist","Moda","12","12","0","0","configurador","Talla (buttons)","Talla: EU35.5/US5 / EU35/US4.5 / EU36.5/US6 / EU36/US5.5 / EU37.5/US7 / EU37/US6.5 / EU38.5/US8 / EU38/US7.5 / EU39.5/US9 / EU39/US8.5 / EU40.5/US10 / EU40/US9.5"
"italist_eur-045dabf366e6","Women's Brown Leather Mules","Italist","Moda","5","5","0","0","configurador","Talla (buttons)","Talla: EU36/US6 / EU37/US7 / EU38/US8 / EU39/US9 / EU40/US10"
"italist_eur-f89143571e8a","Women's Distressed Cotton Jeans White","Italist","Moda","8","8","0","0","configurador","Talla (buttons)","Talla: W24 / W25 / W26 / W27 / W28 / W29 / W30 / W32"
"italist_eur-eec7613d8c3a","Women's Embroidered Wool Blend Polo Shirt Multicosoapstone","Italist","Moda","2","2","0","0","configurador","Talla (buttons)","Talla: XS / M"
"italist_eur-4d18bac0ba11","Women's Gray Slip On Wave Low Top Sneakers Polyester Viscose","Italist","Moda","12","12","0","0","configurador","Talla (buttons)","Talla: EU35.5/US5 / EU35/US4.5 / EU36.5/US6 / EU36/US5.5 / EU37.5/US7 / EU37/US6.5 / EU38.5/US8 / EU38/US7.5 / EU39.5/US9 / EU39/US8.5 / EU40.5/US10 / EU40/US9.5"
"italist_eur-cc24a4d6d239","Women's Grey Cashmere Blend Joggers F0118 Exterior: Pantaloni Trousers","Italist","Moda","2","2","0","0","configurador","Talla (buttons)","Talla: 38 / 40"
"italist_eur-9d4625411541","Women's Ines Sport Slipper Black Calfskin","Italist","Moda","6","6","0","0","configurador","Talla (buttons)","Talla: EU35 / EU36 / EU37 / EU38 / EU39 / EU41"
"italist_eur-fa558e47a7c5","Women's Jinny Heel Black Glass Stone","Italist","Moda","10","10","0","0","configurador","Talla (buttons)","Talla: EU36.5/US6.5 / EU36/US6 / EU37.5/US7.5 / EU37/US7 / EU38.5/US8.5 / EU38/US8 / EU39.5/US9.5 / EU39/US9 / EU40/US10 / EU41/US11"
"italist_eur-8fd5afac9a2e","Women's Multicolor Cotton Casual Dress","Italist","Moda","7","7","0","0","configurador","Talla (buttons)","Talla: 36 / 48 / IT38 / IT40 / IT42 / IT44 / IT46"
"italist_eur-5f6b1145c770","Women's Multicolor Floral Jacquard Mid Waist Mini Skirt","Italist","Moda","7","7","0","0","configurador","Talla (buttons)","Talla: IT36 / XS / IT36 / XXS / IT38 / XS / IT40 / S / IT42 / M / IT44 / L / IT46 / XL"
"italist_eur-5765e64fe214","Women's Multicolor Leather Cloacks Clothing","Italist","Moda","4","4","0","0","configurador","Talla (buttons)","Talla: 36 / 38 / 40 / 42"
"italist_eur-046356baf759","Women's Multicolor Virgin Wool Polo Shirt","Italist","Moda","6","6","0","0","configurador","Talla (buttons)","Talla: XXS / XS / S / M / L / XL"
"italist_eur-bec07df3debc","Women's Olympia Cz Ring Silver Jewelry-Watches Rings","Italist","Moda","4","4","0","0","configurador","Talla (buttons)","Talla: XS / S / M / L"
"italist_eur-5e20638da133","Women's Silk Blend Polo Shirt Brown Recycled Nylon","Italist","Moda","4","4","0","0","configurador","Talla (buttons)","Talla: 38 / 40 / 42 / 44"
"italist_eur-48fa084892c7","Women's Silver Leather Crystal Metal Buckle Belt Calf","Italist","Moda","7","7","0","0","configurador","Talla (buttons)","Talla: 65 cm / 26 Inches / 70 cm / 28 Inches / 75 cm / 30 Inches / 80 cm / 32 Inches / 90 cm / 36 Inches / 95 cm / 38 Inches / 100 cm / 40 Inches"
"italist_eur-3593fec2cc6c","Women's Silver Sequined Floral Weasel Fur Shoulder Scarf Wrap","Italist","Moda","3","3","0","0","configurador","Talla (buttons)","Talla: IT38 / XS / IT40 / S / IT42 / M"
"italist_eur-0e5b4bac0f82","Women's Two-Tone Stretch Crochet Sandals 8959 Sandali","Italist","Moda","8","8","0","0","configurador","Talla (buttons)","Talla: 36 / 36.5 / 37 / 37.5 / 38 / 38.5 / 39 / 40"
"italist_eur-a351c20ebec7","Women's White Cotton Denim Jacket Clothing","Italist","Moda","3","3","0","0","configurador","Talla (buttons)","Talla: IT38 / IT40 / IT42"
"italist_usd-1a66568fc7b0","Wooyoungmi W233AC53 Cotton Bucket Hat — Black","Italist","Moda","3","2","1","1","configurador","Talla (buttons)","Talla: 46 / 48"
"italist_usd-c63cceffd9c2","Zegna Merino Wool Blend Socks — Brown","Italist","Moda","4","3","1","1","configurador","Talla (buttons)","Talla: 39-40 / 42-43 / 43-44"
"batch-31106afd541fa61d","Ambientador Coche Aroma a Limpio 6 ml - Aura","La Drogueria de Percon","Coche/Moto","2","2","0","2","configurador","Color o diseño (visual)","Color o diseño: Diseño 1 / Diseño 2"
"batch-4a064e8e6f6db306","Bloque Wc 5En1 50 Gr - Agerul","La Drogueria de Percon","Hogar | Limpieza del hogar","2","2","0","2","configurador","Color o diseño (visual)","Color o diseño: Diseño 1 / Diseño 2"
"batch-2fa5f5acc95dabd3","Bolso Termo + Colonia + Gel - Gabbys Dollhouse","La Drogueria de Percon","Familia y ocio | Juguetes y ocio","2","2","0","2","configurador","Color o diseño (visual)","Color o diseño: Diseño 1 / Diseño 2"
"batch-fb2a72578f4b05f5","Colonia 200 ml Vaporizador - Gabbys Dollhouse","La Drogueria de Percon","Familia y ocio | Juguetes y ocio","2","2","0","2","configurador","Color o diseño (visual)","Color o diseño: Diseño 1 / Diseño 2"
"batch-40a085f7708e90c7","Oxigeno Activo Tabletas 54 + 18 - Polident","La Drogueria de Percon","Tecnología","2","2","0","2","configurador","Color o diseño (visual)","Color o diseño: Diseño 1 / Diseño 2"
"batch-c31bd1945b3993c2","Lenovo motorola razr 60 - PANTONE Spring Bud Procesador MediaTek Dimensity 7400X (2,60 GHz )/Android 15 o versiones posteriores/256 GB","Lenovo ES","Moda | Joyería","1","1","0","0","duplicados_agrupados","",""
"fam-c385f3e672b1","Bañador Mosaic Bandeau – Azul estampado","Lounge EU","Moda mujer","1","1","0","0","configurador","","Tallas disponibles: XS / S / M"
"fam-6b271aadb1d6","Bata Towelling – estampado floral pequeño","Lounge EU","Moda mujer","1","1","0","0","configurador","","Tallas disponibles: XS-S / M-L / XL-XXL"
"fam-a69ecb67e172","Blazer Multiway Fitted – azul marino","Lounge EU","Moda mujer","1","1","0","0","configurador","","Tallas disponibles: 12 / 14"
"fam-2fd395936926","Blazer Oversize – azul","Lounge EU","Moda mujer","1","1","0","0","configurador","","Tallas disponibles: 8 / 10 / 12 / 14 / 16"
"fam-385bd208c7a4","Blazer Oversize Longline – Dark marrón","Lounge EU","Moda mujer","1","1","0","0","configurador","","Tallas disponibles: 6 / 8 / 10 / 12 / 14 / 16"
"fam-55b2a7a0b4a3","Blazer Oversize Wool Blend – visón","Lounge EU","Moda mujer","1","1","0","0","configurador","","Tallas disponibles: 6 / 8 / 10 / 12 / 14 / 16"
"fam-f00acec5fbd0","Blazer Suedette – camel","Lounge EU","Moda mujer","1","1","0","0","configurador","","Tallas disponibles: 6 / 8 / 10 / 12 / 14 / 16"
"fam-c47837384c7a","Blazer Suedette – negro","Lounge EU","Moda mujer","1","1","0","0","configurador","","Tallas disponibles: 12 / 14"
"fam-148761beeab2","Body Arabella – negro","Lounge EU","Moda mujer","1","1","0","0","configurador","","Tallas disponibles: XS / S / S+ / M"
"fam-2f923e225f55","Body Camellia – rosa","Lounge EU","Moda mujer | Destacados","2","2","0","0","configurador","Color (visual)","Color: Rosa / Blanco | Tallas disponibles: XS / S / S+ / M / L / XL / XXL"
"fam-3e76acadd9a7","Body Dahlia – azul marino","Lounge EU","Moda mujer","1","1","0","0","configurador","","Tallas disponibles: XS / S / S+ / M / L / XL / XXL"
"fam-82d2b172ad04","Body Dahlia – frutos rojos","Lounge EU","Moda mujer","1","1","0","0","configurador","","Tallas disponibles: XS / S / S+ / M / L / XL"
"fam-37362e1c10ca","Body Evelyn – negro","Lounge EU","Moda mujer | Destacados","2","2","0","0","configurador","Color (visual)","Color: Negro / Verde | Tallas disponibles: XS / S / S+ / M / L / XL / XXL"
"fam-64f156891627","Body Priya – negro","Lounge EU","Moda mujer | Destacados","1","1","0","0","configurador","","Tallas disponibles: XS / S / S+ / M"
"fam-6d2a6f237e58","Body Soraya – champán","Lounge EU","Moda mujer | Destacados","1","1","0","0","configurador","","Tallas disponibles: XS / S / S+ / M / L / XL / XXL"
"fam-a6181f78b5f2","Body Thalia – verde","Lounge EU","Moda mujer","1","1","0","0","configurador","","Tallas disponibles: XS / S / S+ / M / L / XL / XXL"
"fam-3781a7319ae7","Body Valentina – vino","Lounge EU","Moda mujer","1","1","0","0","configurador","","Tallas disponibles: XS / S / M"
"fam-679ce872f676","Bolso Annika Bowling – marrón","Lounge EU","Accesorios mujer","2","2","0","0","configurador","Color (visual)","Color: Marrón / Negro"
"fam-93c2fa04ab27","Bolso Arlowe Box – Beige","Lounge EU","Accesorios mujer","2","2","0","0","configurador","Color (visual)","Color: Beige / Rojo"
"fam-5ffb9c6e68f4","Bolso Averi Shoulder – negro","Lounge EU","Accesorios mujer","2","2","0","0","configurador","Color (visual)","Color: Topo / Negro"
"fam-45a88e76779c","Bóxeres Men's Everyday (3 Pack – blanco","Lounge EU","Moda hombre","2","2","0","0","configurador","Color (visual)","Color: Blanco / Negro | Tallas disponibles: S / M / L / XL"
"fam-77e7a62efdac","Bóxeres Men's Everyday (3 Pack – Multipack","Lounge EU","Moda hombre","1","1","0","0","configurador","","Tallas disponibles: S / M / L / XL"
"fam-eeadb20e2be1","Bóxeres Men's Everyday (3 Pack – Smoked azul","Lounge EU","Moda hombre","1","1","0","0","configurador","","Tallas disponibles: S / M / L / XL"
"fam-20dd18ccdafa","Bóxeres Men's Everyday (3-Pack – Negro multicolor","Lounge EU","Moda hombre","1","1","0","0","configurador","","Tallas disponibles: S / M / L / XL"
"fam-04a30ea35542","Bóxeres Men's Everyday (3-Pack – negro total","Lounge EU","Moda hombre","1","1","0","0","configurador","","Tallas disponibles: S / M / L / XL"
"fam-e54f1dd063ea","Bóxeres Men's Luxe (3 Pack – blanco","Lounge EU","Moda hombre","2","2","0","0","configurador","Color (visual)","Color: Blanco / Negro"
"fam-99fc72e20309","Bóxeres Men's Luxe (3 Pack – Charcoal","Lounge EU","Moda hombre","1","1","0","0","configurador","","Tallas disponibles: S / M / L / XL"
"fam-a25ed2210aef","Bóxeres Men's Luxe (3 Pack – Multipack","Lounge EU","Moda hombre","1","1","0","0","configurador","","Tallas disponibles: S / M / XL"
"fam-ec7a27a6551c","Braguitas Bambú Triangle – avena","Lounge EU","Moda mujer | Menos de 10","1","1","0","0","configurador","","Tallas disponibles: XS / S / M / L / XL / XXL / 3XL"
"fam-7fe1f04dc154","Braguitas Bambú Triangle – azul claro","Lounge EU","Moda mujer","1","1","0","0","configurador","","Tallas disponibles: XS / S / M / L / XL / XXL"
"fam-4c467dca9e9d","Braguitas Bambú Triangle – azul marino","Lounge EU","Moda mujer","1","1","0","0","configurador","","Tallas disponibles: XS / S / M / L / XL / XXL"
"fam-d6a18a3c54be","Braguitas Bambú Triangle – blanco","Lounge EU","Moda mujer","1","1","0","0","configurador","","Tallas disponibles: XS / XL / XXL"
"fam-b55b0efc19a7","Braguitas Bambú Triangle – blanco total","Lounge EU","Moda mujer","2","2","0","0","configurador","Color (visual)","Color: blanco total / negro total | Tallas disponibles: XS / S / M / L / XL / XXL"
"fam-3cf4849e7794","Braguitas Bambú Triangle – Burgundy","Lounge EU","Moda mujer","1","1","0","0","configurador","","Tallas disponibles: XS / S / M / L / XL / XXL"
"fam-f02c356b6b9a","Braguitas Bambú Triangle – Coffee","Lounge EU","Moda mujer","1","1","0","0","configurador","","Tallas disponibles: XS / S / M / L / XL / XXL / 3XL"
"fam-132a9fbbfe8c","Braguitas Bambú Triangle – oliva","Lounge EU","Moda mujer | Menos de 10","1","1","0","0","configurador","","Tallas disponibles: XS / XXL"
"fam-b16b2c0997ec","Braguitas Bambú Triangle – Pine verde","Lounge EU","Moda mujer","1","1","0","0","configurador","","Tallas disponibles: XS / S / M / L / XL / XXL"
"fam-f3b87d2afcb6","Braguitas Classic – moca","Lounge EU","Moda mujer | Menos de 10","1","1","0","0","configurador","","Tallas disponibles: XS / S / M / L / XL / XXL / 3XL"
"fam-c502ee688a33","Braguitas Daisy Bordado – rosa","Lounge EU","Moda mujer | Menos de 10","1","1","0","0","configurador","","Tallas disponibles: XS / S / M / XXL"
"fam-1928326a6693","Braguitas Days of the Week (7-Pack – Multicolour estampado","Lounge EU","Moda mujer","1","1","0","0","configurador","","Tallas disponibles: S / M / L / XL / XXL"
"fam-65ace4be0644","Braguitas Days of the Week (7-Pack – Multicolour pastel","Lounge EU","Moda mujer","1","1","0","0","configurador","","Tallas disponibles: M / XXL"
"fam-d79f8270e931","Braguitas Flocked Floral – blanco","Lounge EU","Moda mujer","1","1","0","0","configurador","","Tallas disponibles: XXL / 3XL"
"fam-7109365fceac","Braguitas Light – moca","Lounge EU","Moda mujer","1","1","0","0","configurador","","Tallas disponibles: XS / XXL"
"fam-990a0247a94d","Braguitas Nurture – crema","Lounge EU","Moda mujer","1","1","0","0","configurador","","Tallas disponibles: XS / S / M / L"
"fam-f5c0de03a6bc","Braguitas Sculpt – blanco","Lounge EU","Moda mujer | Menos de 10","1","1","0","0","configurador","","Tallas disponibles: S / XL / XXL / 3XL"
"fam-7fe210da452f","Braguitas Sculpt – castaño","Lounge EU","Moda mujer | Menos de 10","1","1","0","0","configurador","","Tallas disponibles: XS / S / XL / XXL / 3XL"
"fam-f78a3d06f2e2","Braguitas Sculpt – miel","Lounge EU","Moda mujer | Menos de 10","1","1","0","0","configurador","","Tallas disponibles: XS / S / XL / XXL / 3XL"
"fam-2c9605d59fc3","Braguitas Smooth Mesh – castaño","Lounge EU","Moda mujer | Menos de 10","1","1","0","0","configurador","","Tallas disponibles: XS / S / M / XL / XXL / 3XL"
"fam-b3c312cbdc71","Braguitas Smooth Mesh – Taupe","Lounge EU","Moda mujer | Menos de 10","2","2","0","0","configurador","Color (visual)","Color: Topo / Negro | Tallas disponibles: XS / S / M / L / XL / XXL"
"fam-770e66ea6541","Braguitas Your Everyday – latte","Lounge EU","Moda mujer","1","1","0","0","configurador","","Tallas disponibles: XS / S / M / L / XL / XXL"
"fam-63c171c85413","Braguitas Your Everyday – moca","Lounge EU","Moda mujer","1","1","0","0","configurador","","Tallas disponibles: XS / S / M / L / XL / XXL / 3XL"
"fam-5c5c2aaea277","Braguitas Your Everyday – negro","Lounge EU","Moda mujer","1","1","0","0","configurador","","Tallas disponibles: XS / M / L / XXL"
"fam-66719dad8b95","Bralette Barely There – Damson","Lounge EU","Moda mujer","1","1","0","0","configurador","","Tallas disponibles: XS / S"
"fam-9a9cec58eb88","Bralette Barely There – Mauve","Lounge EU","Moda mujer","1","1","0","0","configurador","","Tallas disponibles: XS / S / S+ / M / L"
"fam-aebe83a99a2d","Bralette Encaje – blanco","Lounge EU","Moda mujer","1","1","0","0","configurador","","Tallas disponibles: 14 / 16"
"fam-2ac6d5740fd7","Bralette Everyday Flex – arena","Lounge EU","Moda mujer","1","1","0","0","configurador","","Tallas disponibles: XS / S"
"fam-90b15c08c982","Bralette Everyday Flex – cacao","Lounge EU","Moda mujer","1","1","0","0","configurador","","Tallas disponibles: XS / S / M"
"fam-f66b0a07c736","Bralette Everyday Flex – miel","Lounge EU","Moda mujer","1","1","0","0","configurador","","Tallas disponibles: XS / S / XL"
"fam-f9949039547e","Bralette Everyday Flex – negro","Lounge EU","Moda mujer","1","1","0","0","configurador","","Tallas disponibles: XS / S"
"fam-1a66c5b88987","Bralette Everyday Flex – nuez moscada","Lounge EU","Moda mujer","1","1","0","0","configurador","","Tallas disponibles: XS / S / M"
"fam-b76b05479fe8","Bralette Everyday Flex – vainilla","Lounge EU","Moda mujer","1","1","0","0","configurador","","Tallas disponibles: XS / S"
"fam-58bb4f761c70","Bralette Monaco Bikini Top – ciruela","Lounge EU","Moda mujer","1","1","0","0","configurador","","Tallas disponibles: XS / S / M"
"fam-90b8b32086f6","Bralette Pointelle – Gris marl","Lounge EU","Moda mujer","1","1","0","0","configurador","","Tallas disponibles: XS / S / S+ / M / L / XL / XXL"
"fam-72c258beea7d","Bralette Pointelle – Marfil estampado floral","Lounge EU","Moda mujer","1","1","0","0","configurador","","Tallas disponibles: XS / S+ / M / XL"
"fam-630124a485f6","Bralette Serenity – blanco","Lounge EU","Moda mujer","1","1","0","0","configurador","","Tallas disponibles: XS / S / S+ / M / L"
"fam-154d32b31598","Bralette Sin costuras – blanco","Lounge EU","Moda mujer","2","2","0","0","configurador","Color (visual)","Color: Blanco / Negro | Tallas disponibles: XS / S / S+ / M / L"
"fam-7093a689d3e8","Bralette Sin costuras – chocolate","Lounge EU","Moda mujer","1","1","0","0","configurador","","Tallas disponibles: XS / S / S+ / M"
"fam-d7bb3128aab7","Bralette Soft Acanalado Push-Up – Gris marl","Lounge EU","Moda mujer","1","1","0","0","configurador","","Tallas disponibles: XL / XXL"
"fam-521042efccad","Bralette Soft Acanalado Push-Up – negro","Lounge EU","Moda mujer","1","1","0","0","configurador","","Tallas disponibles: XL / XXL"
"fam-3bbda9743729","Calcetines Chunky Acanalado (3-Pack – multicolor","Lounge EU","Accesorios mujer","1","1","0","0","configurador","","Tallas disponibles: S-M / M-L"
"fam-90e8931fa449","Calcetines Essential (2 Pack – negro","Lounge EU","Accesorios mujer | Menos de 10","2","2","0","0","configurador","Color (visual)","Color: Crema / Negro"
"fam-3de4225d1ebd","Calcetines Pointelle (3-Pack – multicolor","Lounge EU","Accesorios mujer","1","1","0","0","configurador","","Tallas disponibles: S-M / M-L"
"fam-8fa248e60752","Camisa Algodón Pyjama – azul","Lounge EU","Moda mujer","1","1","0","0","configurador","","Tallas disponibles: XS / S / M / L / XL / XXL"
"fam-0b2c47c3ff29","Camisa Algodón Pyjama – lila","Lounge EU","Moda mujer","1","1","0","0","configurador","","Tallas disponibles: S / M / L / XL / XXL / 3XL"
"fam-5c99b5270a64","Camisa Asymmetric – Azul stripe","Lounge EU","Moda mujer","1","1","0","0","configurador","","Tallas disponibles: 10 / 12"
"fam-25246c91f86b","Camisa Bloom & Stripe Pyjama – azul","Lounge EU","Moda mujer","2","2","0","0","configurador","Color (visual)","Color: Azul / Rosa | Tallas disponibles: XS / S / M / L / XL"
"fam-836aed58c5fa","Camisa Bloom & Stripe Romper – salvia","Lounge EU","Moda mujer","1","1","0","0","configurador","","Tallas disponibles: XS / S / M / L / XL / XXL"
"fam-5525600f47ee","Camisa Bloom & Stripe Short-Sleeved Pyjama – azul","Lounge EU","Moda mujer","1","1","0","0","configurador","","Tallas disponibles: XS / S / M / L / XL"
"fam-918619ffbf6b","Camisa Crinkle Pyjama – azul","Lounge EU","Moda mujer","4","4","0","0","configurador","Color (visual)","Color: Azul / Blanco / Negro / Rosa"
"fam-651869f383cc","Camisa Fitted Transparente – chocolate","Lounge EU","Moda mujer","1","1","0","0","configurador","","Tallas disponibles: 12 / 14"
"fam-8ed15d633ebe","Camisa Modal Pyjama – estampado floral","Lounge EU","Moda mujer","1","1","0","0","configurador","","Tallas disponibles: XS / S / M / L / XL"
"fam-4979254dcbf5","Camisa Modal Pyjama – Gris marl","Lounge EU","Moda mujer","1","1","0","0","configurador","","Tallas disponibles: XS / S / M / L / XL / XXL"
"fam-fd77a17e2de2","Camisa Modal Pyjama – negro","Lounge EU","Moda mujer","2","2","0","0","configurador","Color (visual)","Color: Negro / Rosa"
"fam-88e249da103d","Camisa Modal Short Sleeve Pyjama – Azul floral","Lounge EU","Moda mujer","2","2","0","0","configurador","Color (visual)","Color: Azul floral / Blanco floral"
"fam-e5df8c06709b","Camisa Oversize Pinstripe – azul","Lounge EU","Moda mujer","2","2","0","0","configurador","Color (visual)","Color: Azul / Verde"
"fam-8d38fccdeec7","Camisa Punto Oversize – crema","Lounge EU","Moda mujer","1","1","0","0","configurador","","Tallas disponibles: M / L / XL / XXL"
"fam-ac0fa52aba83","Camisa Punto Oversize – Warm gris","Lounge EU","Moda mujer","1","1","0","0","configurador","","Tallas disponibles: S / M / L / XL / XXL"
"fam-8179df51d6a6","Camisa Textured Algodón Pyjama – azul","Lounge EU","Moda mujer","1","1","0","0","configurador","","Tallas disponibles: XS / S / M / L / XL / XXL"
"fam-27004dc269ee","Camiseta ContourSoft Short Sleeve – negro","Lounge EU","Moda mujer","1","1","0","0","configurador","","Tallas disponibles: XS / S / M"
"fam-6a95df7d6b4f","Camiseta ContourSoft Short Sleeve – topo","Lounge EU","Moda mujer","1","1","0","0","configurador","","Tallas disponibles: XS / S / M / L / XL"
"fam-438666d28f19","Camiseta Punto – Avena marl","Lounge EU","Moda mujer","1","1","0","0","configurador","","Tallas disponibles: XS / M / L / XL / XXL"
"fam-59ea7cc51a4c","Chaqueta Button Detail – Dark marrón","Lounge EU","Moda mujer","1","1","0","0","configurador","","Tallas disponibles: 12 / 14 / 16"
"fam-96c46ccb39c3","Chaqueta Houndstooth – marrón","Lounge EU","Moda mujer","1","1","0","0","configurador","","Tallas disponibles: M / L / XL / XXL"
"fam-8a968df0d998","Chaqueta Neoprene Bomber – Taupe","Lounge EU","Moda mujer","1","1","0","0","configurador","","Tallas disponibles: XL / XXL"
"fam-f651bfb78dc5","Chaqueta Punto Wool Blend – Truffle","Lounge EU","Moda mujer","1","1","0","0","configurador","","Tallas disponibles: M / L / XL"
"fam-40344f813f3a","Chaqueta Structured Punto – crema","Lounge EU","Moda mujer","1","1","0","0","configurador","","Tallas disponibles: XL / XXL"
"fam-bc10cf38b373","Chaqueta Suedette – chocolate","Lounge EU","Moda mujer","1","1","0","0","configurador","","Tallas disponibles: L / XL / XXL"
"fam-93fb8cae1660","Conjunto de corsé y tanga Arabella – negro","Lounge EU","Moda mujer","1","1","0","0","configurador","","Tallas disponibles: XL / XXL"
"fam-59a4683078b9","Conjunto de corsé y tanga de hilo Alessia – azul marino","Lounge EU","Moda mujer","1","1","0","0","configurador","","Tallas disponibles: XS / M / L / XL / XXL"
"fam-ee0fc1bcb314","Conjunto de corsé y tanga de hilo Alessia – negro","Lounge EU","Moda mujer","1","1","0","0","configurador","","Tallas disponibles: XL / XXL"
"fam-632d0ba96aba","Conjunto de corsé y tanga de hilo Camellia – rosa","Lounge EU","Moda mujer","1","1","0","0","configurador","","Tallas disponibles: XS / S / M / L / XL / XXL"
"fam-b3833dea0987","Conjunto de corsé y tanga Elizabeth – blanco","Lounge EU","Moda mujer","1","1","0","0","configurador","","Tallas disponibles: XS / S / M / L / XL / XXL"
"fam-e11bb4f3ab7d","Conjunto de corsé y tanga Evelyn – verde","Lounge EU","Moda mujer","1","1","0","0","configurador","","Tallas disponibles: XS / S / M / L / XL"
"fam-bf5ce4a4d43c","Conjunto de corsé y tanga Selene – higo","Lounge EU","Moda mujer | Destacados","1","1","0","0","configurador","","Tallas disponibles: XS / S / M / L / XL / XXL"
"fam-dbd7971948d6","Conjunto de liguero y tanga Blossom Fluted – negro","Lounge EU","Moda mujer","1","1","0","0","configurador","","Tallas disponibles: XS / S / M / L / XL / XXL"
"fam-276b5287cded","Conjunto de liguero y tanga Casey – azul","Lounge EU","Moda mujer","1","1","0","0","configurador","","Tallas disponibles: XS / S / M / L / XL / XXL"
"fam-f5fe28a43e09","Conjunto de liguero y tanga Cynthia – champán","Lounge EU","Moda mujer","1","1","0","0","configurador","","Tallas disponibles: XS / S / M / L / XL / XXL"
"fam-249dbca44425","Conjunto de liguero y tanga de hilo Blossom – crema","Lounge EU","Moda mujer","1","1","0","0","configurador","","Tallas disponibles: XS / S / M / L / XL / XXL"
"fam-0ab9c41278df","Conjunto de liguero y tanga de hilo Cassandra – azul marino","Lounge EU","Moda mujer | Destacados","1","1","0","0","configurador","","Tallas disponibles: XS / S / M / L / XL / XXL"
"fam-76f1478b2356","Conjunto de liguero y tanga Roxanna – higo","Lounge EU","Moda mujer | Destacados","1","1","0","0","configurador","","Tallas disponibles: XS / S / M / L / XL / XXL"
"fam-8e6d4a61a921","Conjunto de tanga y liguero Abigail – blanco","Lounge EU","Moda mujer","1","1","0","0","configurador","","Tallas disponibles: XS / S / M / L / XL / XXL / 3XL"
"fam-5dc3ed36fec9","Conjunto de tanga y liguero Azalea – blanco","Lounge EU","Moda mujer","1","1","0","0","configurador","","Tallas disponibles: XS / S / M / L / XL / XXL / 3XL"
"fam-57c3d7f0bb8a","Conjunto de tanga y liguero Camellia – rosa","Lounge EU","Moda mujer","1","1","0","0","configurador","","Tallas disponibles: XS / S / M / L / XL / XXL"
"fam-a0afc5570163","Conjunto de tanga y liguero Casey – champán","Lounge EU","Moda mujer","1","1","0","0","configurador","","Tallas disponibles: XS / S / M / L / XL / XXL / 3XL"
"fam-8b82019eec91","Conjunto de tanga y liguero Cecily – granate","Lounge EU","Moda mujer","1","1","0","0","configurador","","Tallas disponibles: XS / S / M / L / XL / XXL / 3XL"
"fam-ab7a24803a77","Conjunto de tanga y liguero Cecily – negro","Lounge EU","Moda mujer","1","1","0","0","configurador","","Tallas disponibles: XS / S / M / L / XL / XXL"
"fam-a04b1f7e4cfc","Conjunto de tanga y liguero Ella – blanco","Lounge EU","Moda mujer","1","1","0","0","configurador","","Tallas disponibles: XS / S / M / L / XL / XXL / 3XL"
"fam-e8bbd15043c4","Conjunto de tanga y liguero Florence – Hot rosa","Lounge EU","Moda mujer","1","1","0","0","configurador","","Tallas disponibles: M / L / XL / XXL"
"fam-49b1f469eab1","Conjunto de tanga y liguero Florence – negro","Lounge EU","Moda mujer","1","1","0","0","configurador","","Tallas disponibles: XS / S / M / L / XL / XXL / 3XL"
"fam-21fedab452c4","Conjunto de tanga y liguero Francesca – blanco","Lounge EU","Moda mujer","1","1","0","0","configurador","","Tallas disponibles: XS / S / M / L / XL / XXL / 3XL"
"fam-6cb946ddc560","Conjunto de tanga y liguero Gia – granate","Lounge EU","Moda mujer","1","1","0","0","configurador","","Tallas disponibles: M / L / XL / XXL / 3XL"
"fam-71a0e1a4b7b5","Conjunto de tanga y liguero Gia – negro","Lounge EU","Moda mujer","1","1","0","0","configurador","","Tallas disponibles: XS / S / M / L / XL / XXL / 3XL"
"fam-3be8d16e89ca","Conjunto de tanga y liguero Imogen – blanco","Lounge EU","Moda mujer","1","1","0","0","configurador","","Tallas disponibles: XS / S / M / L / XL / XXL / 3XL"
"fam-6d94a9d606f2","Conjunto de tanga y liguero Leelah – Hot rosa","Lounge EU","Moda mujer","1","1","0","0","configurador","","Tallas disponibles: XS / S / M / L / XL / XXL / 3XL"
"fam-60ec6dc3a491","Conjunto de tanga y liguero Liana – rosa","Lounge EU","Moda mujer","1","1","0","0","configurador","","Tallas disponibles: XS / S / M / L / XL / XXL / 3XL"
"fam-bc149c4a52e1","Conjunto de tanga y liguero Nelly – rosa","Lounge EU","Moda mujer","1","1","0","0","configurador","","Tallas disponibles: M / L / XL / XXL / 3XL"
"fam-2034b6b50f5e","Conjunto de tanga y liguero Thalia – verde","Lounge EU","Moda mujer","1","1","0","0","configurador","","Tallas disponibles: XS / S / M / L / XL / XXL"
"fam-f1cf8443bc2b","Conjunto de tanga y liguero Tyra – azul zafiro","Lounge EU","Moda mujer","1","1","0","0","configurador","","Tallas disponibles: XS / S / M"
"fam-0ef13690a982","Conjunto de tanga y liguero Tyra – negro","Lounge EU","Moda mujer","1","1","0","0","configurador","","Tallas disponibles: XS / S / M / L / XL / XXL / 3XL"
"fam-da431481f7cb","Corsé Alessia – azul marino","Lounge EU","Moda mujer","1","1","0","0","configurador","","Tallas disponibles: M / L / XL / XXL"
"fam-87f9ba52fd06","Corsé Alessia – negro","Lounge EU","Moda mujer","1","1","0","0","configurador","","Tallas disponibles: S+ / M"
"fam-7ddb63ff4aa3","Corsé Arabella – negro","Lounge EU","Moda mujer","1","1","0","0","configurador","","Tallas disponibles: M / L / XL / XXL"
"fam-79bb750bc8b6","Corsé Arabella Dress (Set – negro","Lounge EU","Moda mujer","1","1","0","0","configurador","","Tallas disponibles: XS / S / S+ / M / L / XL / XXL"
"fam-ea67e562e71e","Corsé Bordado Floral Top – Buttercream","Lounge EU","Moda mujer","1","1","0","0","configurador","","Tallas disponibles: 6 / 8 / 8+ / 10 / 12 / 14"
"fam-345b43dd5386","Corsé Camellia – rosa","Lounge EU","Moda mujer","1","1","0","0","configurador","","Tallas disponibles: XS / S / S+ / M / L / XL / XXL"
"fam-4b860e8c74e8","Corsé Christina Intimates – marfil","Lounge EU","Moda mujer","1","1","0","0","configurador","","Tallas disponibles: XS / S / M"
"fam-fa62ffc45b79","Corsé Cordelia – blanco","Lounge EU","Moda mujer","1","1","0","0","configurador","","Tallas disponibles: XS / S / S+ / M / L / XL / XXL"
"fam-4a2347ef8b43","Corsé de lencería Elizabeth – blanco","Lounge EU","Moda mujer","1","1","0","0","configurador","","Tallas disponibles: XS / S / S+ / M / L / XL / XXL"
"fam-86f212186a4c","Corsé de lencería Gia – granate","Lounge EU","Moda mujer","1","1","0","0","configurador","","Tallas disponibles: XS / S / S+ / M / L / XL / XXL"
"fam-2327b289e382","Corsé de lencería Gia – marfil","Lounge EU","Moda mujer | Destacados","1","1","0","0","configurador","","Tallas disponibles: XS / S / S+ / M / L / XL / XXL"
"fam-f1bfa0b2d14d","Corsé de lencería Gia – negro","Lounge EU","Moda mujer | Destacados","1","1","0","0","configurador","","Tallas disponibles: XS / S / S+ / M / L / XL / XXL"
"fam-7e1f50a98b28","Corsé Elina Intimates – azul","Lounge EU","Moda mujer","1","1","0","0","configurador","","Tallas disponibles: XS / S / S+ / M / L / XL / XXL"
"fam-ce52ce321147","Corsé Elodie – rosa","Lounge EU","Moda mujer","1","1","0","0","configurador","","Tallas disponibles: XS / S / S+ / M / L / XL / XXL"
"fam-80eeb67cd602","Corsé Ophelia Cupless – limón","Lounge EU","Moda mujer","1","1","0","0","configurador","","Tallas disponibles: 6 / 8 / 10 / 12 / 14 / 16"
"fam-017333f6e9af","Corsé Ruched Transparente Top – crema","Lounge EU","Moda mujer","1","1","0","0","configurador","","Tallas disponibles: 6 / 8 / 10 / 12 / 14 / 16"
"fam-ba60be81895b","Corsé Selene – higo","Lounge EU","Moda mujer | Destacados","1","1","0","0","configurador","","Tallas disponibles: XS / S+ / M / L / XL / XXL"
"fam-74c42852ad6a","Corsé Valentina Dress (Set – vino","Lounge EU","Moda mujer","1","1","0","0","configurador","","Tallas disponibles: XS / S / M / L / XL / XXL"
"fam-247fc77cbc50","Culotte Everyday Comfort – arena","Lounge EU","Moda mujer | Menos de 10","1","1","0","0","configurador","","Tallas disponibles: XS / S / M / L / XL / XXL / 3XL"
"fam-2f6137aeabda","Culotte Everyday Comfort – cacao","Lounge EU","Moda mujer | Menos de 10","1","1","0","0","configurador","","Tallas disponibles: M / L / XL / XXL / 3XL"
"fam-0c63d691d477","Culotte Everyday Comfort – miel","Lounge EU","Moda mujer | Menos de 10","1","1","0","0","configurador","","Tallas disponibles: XS / S / M / L / XL / XXL / 3XL"
"fam-f3406c927a5d","Culotte Everyday Comfort – nuez moscada","Lounge EU","Moda mujer | Menos de 10","1","1","0","0","configurador","","Tallas disponibles: XXL / 3XL"
"fam-6cffea1a1b43","Culotte Everyday Comfort – vainilla","Lounge EU","Moda mujer | Menos de 10","1","1","0","0","configurador","","Tallas disponibles: XS / S / M / L / XL / XXL / 3XL"
"fam-60e1762a0bff","Culotte Everyday Flex – arena","Lounge EU","Moda mujer | Menos de 10","1","1","0","0","configurador","","Tallas disponibles: XS / S / M / L / XL / XXL / 3XL"
"fam-05b275798f23","Culotte Everyday Flex – cacao","Lounge EU","Moda mujer | Menos de 10","1","1","0","0","configurador","","Tallas disponibles: XS / S / M / L / XL / XXL / 3XL"
"fam-81968191b2db","Culotte Everyday Flex – miel","Lounge EU","Moda mujer | Menos de 10","1","1","0","0","configurador","","Tallas disponibles: XS / S / M / L / XL / XXL / 3XL"
"fam-d0e20bb4a1e3","Culotte Everyday Flex – nuez moscada","Lounge EU","Moda mujer | Menos de 10","1","1","0","0","configurador","","Tallas disponibles: XS / S / M / L / XL / XXL / 3XL"
"fam-e1b78465426f","Culotte Everyday Flex – vainilla","Lounge EU","Moda mujer | Menos de 10","1","1","0","0","configurador","","Tallas disponibles: XS / S / M / L / XL / XXL / 3XL"
"fam-5b9e67633f13","Culotte Everyday Form – arena","Lounge EU","Moda mujer | Menos de 10","1","1","0","0","configurador","","Tallas disponibles: XS / S / M / L / XL / XXL / 3XL"
"fam-7e38c1784c9b","Culotte Everyday Form – miel","Lounge EU","Moda mujer | Menos de 10","1","1","0","0","configurador","","Tallas disponibles: XS / S / M / L / XL / XXL"
"fam-e84432723bc7","Culotte Everyday Form – nuez moscada","Lounge EU","Moda mujer | Menos de 10","1","1","0","0","configurador","","Tallas disponibles: XS / S / M / L / XL / XXL / 3XL"
"fam-36b3cebd7ea6","Culotte Everyday Form – vainilla","Lounge EU","Moda mujer | Menos de 10","1","1","0","0","configurador","","Tallas disponibles: XS / S / M / L / XL / XXL / 3XL"
"fam-e8e46e77d127","Culotte Everyday Ultimate – arena","Lounge EU","Moda mujer | Menos de 10","1","1","0","0","configurador","","Tallas disponibles: XS / S / M / L / XL / XXL / 3XL"
"fam-2a7d13e79bec","Culotte Everyday Ultimate – cacao","Lounge EU","Moda mujer | Menos de 10","1","1","0","0","configurador","","Tallas disponibles: S / XXL / 3XL"
"fam-90a39f92f5a6","Culotte Everyday Ultimate – miel","Lounge EU","Moda mujer | Menos de 10","1","1","0","0","configurador","","Tallas disponibles: XS / S / M / L / XL / XXL / 3XL"
"fam-ca2c994127f3","Culotte Everyday Ultimate – negro","Lounge EU","Moda mujer | Menos de 10","1","1","0","0","configurador","","Tallas disponibles: M / L / XL"
"fam-195b13992eb3","Culotte Everyday Ultimate – nuez moscada","Lounge EU","Moda mujer | Menos de 10","1","1","0","0","configurador","","Tallas disponibles: XS / S / M / L / XL / XXL / 3XL"
"fam-bd9d9a7b7378","Culotte Everyday Ultimate – vainilla","Lounge EU","Moda mujer | Menos de 10","1","1","0","0","configurador","","Tallas disponibles: XS / S / M / L / XL / XXL / 3XL"
"fam-6301a592633f","Culotte Nude s (3 Pack – multicolor","Lounge EU","Moda mujer","1","1","0","0","configurador","","Tallas disponibles: XS / S / M / L / XXL"
"fam-6304e63aa87d","Falda Encaje Insert Maxi – crema","Lounge EU","Moda mujer","2","2","0","0","configurador","Color (visual)","Color: Crema / Negro | Tallas disponibles: 6 / 8 / 10 / 12 / 14 / 16"
"fam-c16adcae82c3","Falda Encaje Trim Maxi – chocolate","Lounge EU","Moda mujer","1","1","0","0","configurador","","Tallas disponibles: 6 / 12"
"fam-443329abf5e0","Falda Transparente Encaje Maxi – blanco","Lounge EU","Moda mujer","1","1","0","0","configurador","","Tallas disponibles: 12 / 14"
"fam-419ac30dacea","Falda Transparente Maxi – chocolate","Lounge EU","Moda mujer","1","1","0","0","configurador","","Tallas disponibles: 6 / 8 / 10 / 12 / 14 / 16"
"fam-57acd53362b0","Falda Transparente Maxi – limón","Lounge EU","Moda mujer","1","1","0","0","configurador","","Tallas disponibles: 14 / 16"
"fam-8bf9ba8c0b76","Jersey Cable-Knit – crema","Lounge EU","Moda mujer","2","2","0","0","configurador","Color (visual)","Color: Crema / Marrón"
"fam-60d55f40a524","Jersey Lounge Living Quarter-Zip – chocolate","Lounge EU","Moda mujer","1","1","0","0","configurador","","Tallas disponibles: XS / S / M / L / XL / XXL"
"fam-2aeb57d11c1b","Jersey Lounge Living Quarter-Zip – Forest verde","Lounge EU","Moda mujer","1","1","0","0","configurador","","Tallas disponibles: XS / S / M / L / XL / XXL"
"fam-9d3ea299b489","Jersey Lounge Living V-Neck – crema","Lounge EU","Moda mujer","1","1","0","0","configurador","","Tallas disponibles: XS / S / M / L / XL / XXL"
"fam-65edfed45800","Jersey Oversize – chocolate oscuro","Lounge EU","Moda mujer","1","1","0","0","configurador","","Tallas disponibles: XS / S / M / L"
"fam-637048e446a7","Jersey Quarter-Zip – azul oscuro","Lounge EU","Moda mujer","1","1","0","0","configurador","","Tallas disponibles: XS / S / M / L / XL / XXL"
"fam-385fd7eaf050","Jersey Quarter-Zip – Washed azul","Lounge EU","Moda mujer","1","1","0","0","configurador","","Tallas disponibles: XS / S / M / L / XL / XXL"
"fam-b39a2fe8bf2d","Jersey V-Neck – Avena marl","Lounge EU","Moda mujer","1","1","0","0","configurador","","Tallas disponibles: XS / S / M / L / XL"
"fam-22fdf4498057","Jersey V-Neck – azul oscuro","Lounge EU","Moda mujer","1","1","0","0","configurador","","Tallas disponibles: XS / S / M / L / XL / XXL"
"fam-4e2ed3ca4b27","Jersey Varsity Quarter Zip – Frost melange","Lounge EU","Moda mujer","1","1","0","0","configurador","","Tallas disponibles: XS / S / M / XL / XXL / 3XL"
"fam-42c3b30d5af5","Leggings acampanados ContourSoft – chocolate oscuro","Lounge EU","Moda mujer","1","1","0","0","configurador","","Tallas disponibles: S / M / L / XL"
"fam-514fa20d2ace","Leggings acampanados ContourSoft – negro","Lounge EU","Moda mujer","1","1","0","0","configurador","","Tallas disponibles: S / M"
"fam-ab937ad2dfeb","Leggings acampanados ContourSoft – topo","Lounge EU","Moda mujer","1","1","0","0","configurador","","Tallas disponibles: S / M / L / XL"
"fam-c37828021751","Leggings capri ContourSoft – chocolate oscuro","Lounge EU","Moda mujer","1","1","0","0","configurador","","Tallas disponibles: S / M / L / XL"
"fam-7d20ea794b70","Leggings Classic – Ash gris","Lounge EU","Moda mujer","1","1","0","0","configurador","","Tallas disponibles: XS / S / M / L / XL / XXL / 3XL"
"fam-6006d47e30f2","Leggings Classic – Coffee bean","Lounge EU","Moda mujer","1","1","0","0","configurador","","Tallas disponibles: XS / S / M / L / XL / XXL / 3XL"
"fam-e13c46ea1cc9","Leggings Classic – Ink azul","Lounge EU","Moda mujer","1","1","0","0","configurador","","Tallas disponibles: XS / S / M / L / XL / XXL / 3XL"
"fam-bcf85ba93043","Leggings Classic – negro","Lounge EU","Moda mujer","1","1","0","0","configurador","","Tallas disponibles: XS / S / M / XXL / 3XL / L"
"fam-c38305d9a859","Leggings de pernera recta ContourSoft – topo","Lounge EU","Moda mujer","1","1","0","0","configurador","","Tallas disponibles: M / XL"
"fam-70cfa7066ba9","Medias Adelyn Intimates Transparente – blanco","Lounge EU","Accesorios mujer","2","2","0","0","configurador","Color (visual)","Color: Blanco / Negro | Tallas disponibles: S-M / M-L / L-XL"
"fam-a2208f50e7c9","Medias Black Seam (20 Denier – negro","Lounge EU","Accesorios mujer | Menos de 10","1","1","0","0","configurador","","Tallas disponibles: S-M / M-L"
"fam-e596c665c2a1","Medias Diamanté (40 Denier – negro","Lounge EU","Accesorios mujer","1","1","0","0","configurador","","Tallas disponibles: S-M / M-L"
"fam-8a2a827289af","Medias Sparkle Lurex (40 Denier – negro","Lounge EU","Accesorios mujer","1","1","0","0","configurador","","Tallas disponibles: S-M / M-L / L-XL"
"fam-76d4b535d7a3","Minifalda Broderie – blanco","Lounge EU","Moda mujer","1","1","0","0","configurador","","Tallas disponibles: 14 / 16"
"fam-e2be3eaa6d54","Minifalda Punto – visón","Lounge EU","Moda mujer","1","1","0","0","configurador","","Tallas disponibles: XL / XXL"
"fam-50f0b641f3ba","Minifalda Sunstripe – Retro stripe","Lounge EU","Moda mujer","1","1","0","0","configurador","","Tallas disponibles: XS-S / M-L / XL-XXL"
"fam-056fe34b0507","Minivestido Wrap Detail – crema floral","Lounge EU","Moda mujer","1","1","0","0","configurador","","Tallas disponibles: 12 / 14"
"fam-c4c79c5b4636","Mono Acanalado Strappy – Azul floral","Lounge EU","Moda mujer","1","1","0","0","configurador","","Tallas disponibles: XS / S / M / L / XL / XXL"
"fam-f37f1331f88c","Mono Acanalado Strappy – Rosa gingham","Lounge EU","Moda mujer","1","1","0","0","configurador","","Tallas disponibles: XS / S / M / L / XL / XXL"
"fam-8c530fca4ca6","Mono de manga corta Modal – Marrón marl","Lounge EU","Moda mujer","1","1","0","0","configurador","","Tallas disponibles: XS / S / M / L / XL / XXL"
"fam-e76f76ed1716","Mono de manga corta Pointelle – estampado floral","Lounge EU","Moda mujer","1","1","0","0","configurador","","Tallas disponibles: XS / S / M / L / XL / XXL"
"fam-a0b1b0b4086a","Mono Modal – estampado floral","Lounge EU","Moda mujer","1","1","0","0","configurador","","Tallas disponibles: XL / XXL"
"fam-1e1f1042c50c","Mono Modal – rosa","Lounge EU","Moda mujer","1","1","0","0","configurador","","Tallas disponibles: XL / XXL"
"fam-38275a02a8b0","Mono Modal – rosa floral","Lounge EU","Moda mujer","1","1","0","0","configurador","","Tallas disponibles: XL / XXL"
"fam-fcf211691f4e","Mono Pointelle Strappy – Verde boat estampado","Lounge EU","Moda mujer","1","1","0","0","configurador","","Tallas disponibles: XS / S / M / L / XL / XXL"
"fam-7ec4d90230b2","Pantalones 90s Straight-Leg – azul marino","Lounge EU","Moda mujer","1","1","0","0","configurador","","Tallas disponibles: 14 / 16"
"fam-ec2444a8ee59","Pantalones Flared – Dark verde","Lounge EU","Moda mujer","1","1","0","0","configurador","","Tallas disponibles: 6 / 8 / 12 / 14 / 10 / 16"
"fam-2b6c6f9b155c","Pantalones Houndstooth – marrón","Lounge EU","Moda mujer","1","1","0","0","configurador","","Tallas disponibles: L / XL / XXL"
"fam-248c7901f7ef","Pantalones Relaxed-Fit Tailored – azul","Lounge EU","Moda mujer","1","1","0","0","configurador","","Tallas disponibles: 6 / 8 / 10 / 12 / 14 / 16"
"fam-6f9aafe6addb","Pantalones Satén Pleated – crema","Lounge EU","Moda mujer","2","2","0","0","configurador","Color (visual)","Color: Crema / Negro | Tallas disponibles: 6 / 16"
"fam-c5fdf80e44b2","Pantalones Wide Leg Punto – crema","Lounge EU","Moda mujer","1","1","0","0","configurador","","Tallas disponibles: L / XL / XXL"
"fam-97982d5394d7","Pantalones Wide-Leg Tailored – Cherry lacquer","Lounge EU","Moda mujer","1","1","0","0","configurador","","Tallas disponibles: XS / S / XL / XXL"
"fam-f5c93d087356","Picardías Angelica (Set – marfil","Lounge EU","Moda mujer","1","1","0","0","configurador","","Tallas disponibles: XS / S / S+ / M / L / XL / XXL"
"fam-259a9d1c2362","Picardías Angelica Intimates (Set – negro","Lounge EU","Moda mujer | Destacados","1","1","0","0","configurador","","Tallas disponibles: XS / S / S+ / M / L / XL / XXL"
"fam-1c9891451397","Picardías Genevieve – negro","Lounge EU","Moda mujer","1","1","0","0","configurador","","Tallas disponibles: XS / S"
"fam-75bdb2f7c2a8","Picardías Thalia (Set – verde","Lounge EU","Moda mujer","1","1","0","0","configurador","","Tallas disponibles: XS / S / S+ / M / L / XL"
"fam-58b7b03c8b3c","Pijama Acanalado Bottoms – Blanco floral","Lounge EU","Moda mujer","1","1","0","0","configurador","","Tallas disponibles: XS / XL"
"fam-7f5ec2ee8bd9","Pijama Algodón Bottoms – azul","Lounge EU","Moda mujer","1","1","0","0","configurador","","Tallas disponibles: XS / S / M / L / XXL"
"fam-2755d276a408","Pijama Bloom & Stripe Bottoms – azul","Lounge EU","Moda mujer","2","2","0","0","configurador","Color (visual)","Color: Azul / Rosa"
"fam-a25554610276","Pijama Crinkle Bottoms – azul","Lounge EU","Moda mujer","4","4","0","0","configurador","Color (visual)","Color: Azul / Blanco / Negro / Rosa"
"fam-1acc65b96bf5","Pijama Modal Bottoms – estampado floral","Lounge EU","Moda mujer","1","1","0","0","configurador","","Tallas disponibles: XS / S"
"fam-831a99528278","Pijama Modal Bottoms – Gris marl","Lounge EU","Moda mujer","1","1","0","0","configurador","","Tallas disponibles: XS / S / M / L / XL / XXL"
"fam-f1b087fb0a35","Pijama Modal Bottoms – negro","Lounge EU","Moda mujer","2","2","0","0","configurador","Color (visual)","Color: Negro / Rosa | Tallas disponibles: XS / S / M / L / XL"
"fam-20307add2563","Pijama Soft Tejido waffle Bottoms – chocolate oscuro","Lounge EU","Moda mujer | Destacados","1","1","0","0","configurador","","Tallas disponibles: XS / S / M / L / XL / XXL"
"fam-5203b931bb29","Pijama Soft Tejido waffle Bottoms – crema","Lounge EU","Moda mujer","1","1","0","0","configurador","","Tallas disponibles: XS / S / M / L / XL / XXL"
"fam-69989e3c9c37","Pijama Textured Algodón Bottoms – azul","Lounge EU","Moda mujer","1","1","0","0","configurador","","Tallas disponibles: XS / S / M / L / XL"
"fam-067f984221ef","Producto Lounge Acanalado Punto Cardigan – azul claro","Lounge EU","Moda mujer","1","1","0","0","configurador","","Tallas disponibles: XS / S / M / L / XL / XXL"
"fam-79ba8ad0b766","Producto Lounge Acanalado Punto Cardigan – chocolate","Lounge EU","Moda mujer","1","1","0","0","configurador","","Tallas disponibles: XS / XXL"
"fam-2450dc305e9d","Producto Lounge Agnes Loafers – Camel/crema","Lounge EU","Moda mujer","1","1","0","0","configurador","","Tallas disponibles: 37 / 38 / 39 / 40 / 41"
"fam-fe36b9c3f42f","Producto Lounge Agnes Loafers – negro","Lounge EU","Moda mujer","1","1","0","0","configurador","","Tallas disponibles: 38 / 39 / 40 / 41"
"fam-27b4d1c71c82","Producto Lounge Allegra Ballet Flats – Natural","Lounge EU","Accesorios mujer","1","1","0","0","configurador","","Tallas disponibles: 4 / 5 / 6 / 7 / 8"
"fam-c00c867fbd81","Producto Lounge Allegra Ballet Flats – visón","Lounge EU","Accesorios mujer","1","1","0","0","configurador","","Tallas disponibles: 4 / 5 / 6 / 7 / 8"
"fam-273b4188f141","Producto Lounge Amara Mules – arena","Lounge EU","Accesorios mujer","1","1","0","0","configurador","","Tallas disponibles: 4 / 5 / 6"
"fam-497f8ba6052d","Producto Lounge Amara Mules – castaño","Lounge EU","Accesorios mujer","1","1","0","0","configurador","","Tallas disponibles: 4 / 5 / 6 / 7"
"fam-f6a35152f304","Producto Lounge Amara Mules – Light gris","Lounge EU","Accesorios mujer","1","1","0","0","configurador","","Tallas disponibles: 4 / 5 / 6 / 7"
"fam-16e1aa4281dc","Producto Lounge Bar Belt – chocolate","Lounge EU","Accesorios mujer","1","1","0","0","configurador","","Tallas disponibles: S / M / L"
"fam-151041ee2f7c","Producto Lounge Bar Belt – negro","Lounge EU","Accesorios mujer","1","1","0","0","configurador","","Tallas disponibles: S / M / L"
"fam-d8229c83812f","Producto Lounge Barrel Leg Joggers – azul oscuro","Lounge EU","Moda mujer","1","1","0","0","configurador","","Tallas disponibles: XS / S / M / L / XL / XXL"
"fam-5f6128afdcf2","Producto Lounge Barrel Leg Joggers – chocolate oscuro","Lounge EU","Moda mujer","1","1","0","0","configurador","","Tallas disponibles: XS / S / M / L / XXL"
"fam-c8a60a65daed","Producto Lounge Chiffon Maxi Robe – crema","Lounge EU","Moda mujer","1","1","0","0","configurador","","Tallas disponibles: XS-S / M-L / XL-XXL"
"fam-ad9197b08be3","Producto Lounge Cinched Puffer Coat – Thyme","Lounge EU","Moda mujer","1","1","0","0","configurador","","Tallas disponibles: 6 / 10 / 12 / 14 / 16"
"fam-ea5a4f45a70a","Producto Lounge Cintura alta Wide-Leg Jeans – azul","Lounge EU","Moda mujer","1","1","0","0","configurador","","Tallas disponibles: 8 / 12 / 14 / 16"
"fam-213a31730f0a","Producto Lounge Cocoon Puffer Coat – salvia","Lounge EU","Moda mujer","1","1","0","0","configurador","","Tallas disponibles: 10 / 12 / 14 / 16"
"fam-a5a4c791247d","Producto Lounge Crossover Waistcoat – Azul marino pinstripe","Lounge EU","Moda mujer","1","1","0","0","configurador","","Tallas disponibles: 12 / 14"
"fam-d728ea24f3cf","Producto Lounge Curved Buckle Belt – camel","Lounge EU","Accesorios mujer","1","1","0","0","configurador","","Tallas disponibles: S / M / L"
"fam-f9837b1aa745","Producto Lounge Curved Buckle Belt – negro","Lounge EU","Accesorios mujer","1","1","0","0","configurador","","Tallas disponibles: S / M / L"
"fam-4229cf729fd0","Producto Lounge Dipped-Waist Wide-Leg Jeans – espresso","Lounge EU","Moda mujer","1","1","0","0","configurador","","Tallas disponibles: 12 / 14 / 16"
"fam-351741963085","Producto Lounge Dipped-Waist Wide-Leg Jeans – Indigo azul","Lounge EU","Moda mujer","1","1","0","0","configurador","","Tallas disponibles: 12 / 14 / 16"
"fam-8064b4441b7f","Producto Lounge Electra Knee-High Boots – negro","Lounge EU","Moda mujer","1","1","0","0","configurador","","Tallas disponibles: 40 / 41"
"fam-42d27951e6a1","Producto Lounge Etta Encaje-Up Chunky Loafers – camel","Lounge EU","Moda mujer","1","1","0","0","configurador","","Tallas disponibles: 38 / 39 / 40 / 41"
"fam-c7685f5c9dc0","Producto Lounge Evelyn Basque Set – verde","Lounge EU","Moda mujer","1","1","0","0","configurador","","Tallas disponibles: XS / S / S+ / M / L / XL / XXL"
"fam-d30df9a51ab3","Producto Lounge Fishnet Bow Stockings – Nude no","Lounge EU","Accesorios mujer | Menos de 10","1","1","0","0","configurador","","Tallas disponibles: S-M / M-L / L-XL"
"fam-2cf3c084fd4e","Producto Lounge Fishnet Sparkle Stockings – negro","Lounge EU","Accesorios mujer | Menos de 10","1","1","0","0","configurador","","Tallas disponibles: S-M / M-L / L-XL"
"fam-3af08c157905","Producto Lounge Fishnet Sparkle Stockings – Nude","Lounge EU","Accesorios mujer | Menos de 10","1","1","0","0","configurador","","Tallas disponibles: S-M / M-L / L-XL"
"fam-2694c1c9a2a4","Producto Lounge Florrie Loafers – chocolate","Lounge EU","Moda mujer","1","1","0","0","configurador","","Tallas disponibles: 37 / 38 / 39 / 40 / 41"
"fam-da1f347df4b0","Producto Lounge Genevieve Basque – negro","Lounge EU","Moda mujer","1","1","0","0","configurador","","Tallas disponibles: XS / S / S+ / M / L"
"fam-6b0151602040","Producto Lounge Heather Ankle Boots – chocolate","Lounge EU","Moda mujer","1","1","0","0","configurador","","Tallas disponibles: 38 / 39 / 41"
"fam-04b4fab7d330","Producto Lounge Indie Sandals – camel","Lounge EU","Moda mujer","1","1","0","0","configurador","","Tallas disponibles: 37 / 38 / 39 / 40 / 41"
"fam-e2cbd21753cd","Producto Lounge Ivy Knee-High Boots – chocolate","Lounge EU","Moda mujer","1","1","0","0","configurador","","Tallas disponibles: 38 / 41"
"fam-fefc681d75a3","Producto Lounge Juna Ballet Flats – chocolate","Lounge EU","Moda mujer","1","1","0","0","configurador","","Tallas disponibles: 39 / 40"
"fam-4e7c2bcbc8dc","Producto Lounge Juna Ballet Flats – oliva","Lounge EU","Moda mujer","1","1","0","0","configurador","","Tallas disponibles: 37 / 38 / 39 / 41"
"fam-777af2961e99","Producto Lounge Lounge Living Hoodie – chocolate","Lounge EU","Moda mujer","1","1","0","0","configurador","","Tallas disponibles: XS / S / M / L / XL / XXL"
"fam-a5a843dcf512","Producto Lounge Lounge Living Hoodie – Forest verde","Lounge EU","Moda mujer","1","1","0","0","configurador","","Tallas disponibles: XS / S / M / L / XL / XXL"
"fam-ffcf0317d586","Producto Lounge Mimi Encaje Maxi Robe – chocolate","Lounge EU","Moda mujer","1","1","0","0","configurador","","Tallas disponibles: 8 / 10 / 12 / 14"
"fam-85593e3c69ef","Producto Lounge Minna Mary Janes – negro","Lounge EU","Moda mujer","2","2","0","0","configurador","Color (visual)","Color: Negro / Rojo"
"fam-8f238bb83405","Producto Lounge Mosaic Sarong – Azul estampado","Lounge EU","Moda mujer","1","1","0","0","configurador","","Tallas disponibles: XS-S / M-L / XL-XXL"
"fam-1cfde2520a2b","Producto Lounge Neoprene Wide-Leg Joggers – Taupe","Lounge EU","Moda mujer","1","1","0","0","configurador","","Tallas disponibles: L / XL / XXL"
"fam-8b6cd40de929","Producto Lounge Nova Knee-High Boots – camel","Lounge EU","Moda mujer","1","1","0","0","configurador","","Tallas disponibles: 37 / 38 / 39 / 40 / 41"
"fam-f97769785926","Producto Lounge Oversize Graphic Tee – Burgundy","Lounge EU","Moda mujer","1","1","0","0","configurador","","Tallas disponibles: S / M / L"
"fam-f3a0ec462af0","Producto Lounge Oversize Hoodie – Avena marl","Lounge EU","Moda mujer","1","1","0","0","configurador","","Tallas disponibles: XS / S / M / L / XL / XXL"
"fam-8738fc508f94","Producto Lounge Oversize Hoodie – Cherry lacquer","Lounge EU","Moda mujer","1","1","0","0","configurador","","Tallas disponibles: XS / S / M / L / XL / XXL"
"fam-e3951b6539d6","Producto Lounge Oversize Hoodie – chocolate oscuro","Lounge EU","Moda mujer","1","1","0","0","configurador","","Tallas disponibles: XS / S / M / L / XL / XXL"
"fam-b79ea11e6fe0","Producto Lounge Pointelle Cardigan – Buttercup amarillo","Lounge EU","Moda mujer","1","1","0","0","configurador","","Tallas disponibles: L / XL / XXL"
"fam-118397943719","Producto Lounge Pointelle Cardigan – rosa floral","Lounge EU","Moda mujer","1","1","0","0","configurador","","Tallas disponibles: M / L / XL / XXL"
"fam-17c7359e5edf","Producto Lounge Shearling Coat – crema","Lounge EU","Moda mujer","1","1","0","0","configurador","","Tallas disponibles: XS / S / M / L / XL"
"fam-8f39b916d4e4","Producto Lounge Straight-Leg Joggers – Avena marl","Lounge EU","Moda mujer","1","1","0","0","configurador","","Tallas disponibles: XS / S / M / L / XL / XXL"
"fam-3457558a4458","Producto Lounge Straight-Leg Joggers – Cherry lacquer","Lounge EU","Moda mujer","1","1","0","0","configurador","","Tallas disponibles: XS / S / M / L / XL"
"fam-749e6f332af8","Producto Lounge Suedette Trench Coat – Burgundy","Lounge EU","Moda mujer","1","1","0","0","configurador","","Tallas disponibles: XS / S / M / L / XL"
"fam-c6ece9b966fe","Producto Lounge Suedette Trim Trench Coat – arena","Lounge EU","Moda mujer","1","1","0","0","configurador","","Tallas disponibles: 10 / 12 / 14 / 16"
"fam-ba2f37e15a55","Producto Lounge Tejido waffle Baby Tee – chocolate","Lounge EU","Moda mujer","1","1","0","0","configurador","","Tallas disponibles: XS / M / L / XL / XXL"
"fam-a6e83afabd59","Shorts Bloom & Stripe Pyjama – rosa","Lounge EU","Moda mujer","2","2","0","0","configurador","Color (visual)","Color: Rosa / Azul | Tallas disponibles: XS / S / M / L / XL"
"fam-ff1f0434687d","Shorts Bloom & Stripe Pyjama – salvia","Lounge EU","Moda mujer","1","1","0","0","configurador","","Tallas disponibles: XS / S / M / L / XL / XXL"
"fam-19e146373c05","Shorts Bordado Denim – blanco","Lounge EU","Moda mujer","1","1","0","0","configurador","","Tallas disponibles: 8 / 10 / 12 / 14 / 16"
"fam-011debf2303b","Shorts Encaje Pyjama – blanco","Lounge EU","Moda mujer","1","1","0","0","configurador","","Tallas disponibles: XS / S / M / L / XL / XXL / 3XL"
"fam-e2acb940dde4","Shorts Encaje Pyjama – Verde stripe","Lounge EU","Moda mujer","1","1","0","0","configurador","","Tallas disponibles: XXL / 3XL"
"fam-8857f974eaef","Shorts Modal Pyjama – Azul fruits","Lounge EU","Moda mujer","2","2","0","0","configurador","Color (visual)","Color: Azul fruits / Blanco fruits"
"fam-ec17f0e9c38b","Shorts Pointelle Pyjama – Azul boat estampado","Lounge EU","Moda mujer","1","1","0","0","configurador","","Tallas disponibles: XS / S / M / L / XL / XXL"
"fam-82e09a881ec1","Shorts Pointelle Pyjama – blanco","Lounge EU","Moda mujer","2","2","0","0","configurador","Color (visual)","Color: Blanco / Rosa"
"fam-db5a17225ada","Shorts Punto – Avena marl","Lounge EU","Moda mujer","1","1","0","0","configurador","","Tallas disponibles: XL / XXL"
"fam-36eed1bd31e2","Shorts Soft Tejido waffle Pyjama – crema","Lounge EU","Moda mujer","1","1","0","0","configurador","","Tallas disponibles: XS / S / M / L / XL / XXL"
"fam-d885c1c0cb8f","Shorts Suedette – camel","Lounge EU","Moda mujer","1","1","0","0","configurador","","Tallas disponibles: 6 / 8 / 10 / 12 / 14 / 16"
"fam-870d55cd24ea","Shorts Woven Stripe Pyjama – Azul stripe","Lounge EU","Moda mujer","1","1","0","0","configurador","","Tallas disponibles: XS / S / M / L"
"fam-e485febcd4f5","Sujetador balconette – negro","Lounge EU","Moda mujer | Destacados","2","2","0","0","configurador","Color (visual)","Color: Negro / Rojo"
"fam-32456cd5506c","Sujetador balconette Acanalado – azul","Lounge EU","Moda mujer | Destacados","3","3","0","0","configurador","Color (visual)","Color: Azul / Blanco / Negro"
"fam-caf220b3c900","Sujetador balconette Adelyn – negro","Lounge EU","Moda mujer | Destacados","2","2","0","0","configurador","Color (visual)","Color: Negro / Blanco"
"fam-7cb66284d875","Sujetador balconette Attract – amarillo","Lounge EU","Moda mujer | Destacados","2","2","0","0","configurador","Color (visual)","Color: Amarillo / Rosa"
"fam-cb79f524b4ff","Sujetador balconette Bicolor – azul","Lounge EU","Moda mujer | Destacados","2","2","0","0","configurador","Color (visual)","Color: Azul / Rosa"
"fam-18f2ab0bdf40","Sujetador balconette Bicolor Blossom – azul","Lounge EU","Moda mujer | Destacados","3","3","0","0","configurador","Color (visual)","Color: Azul / Rosa / Verde"
"fam-b5878f3736c6","Sujetador balconette Blossom – blanco","Lounge EU","Moda mujer | Destacados","2","2","0","0","configurador","Color (visual)","Color: Blanco / Negro"
"fam-f5ae98274a7b","Sujetador balconette Comfort – blanco","Lounge EU","Moda mujer | Destacados","2","2","0","0","configurador","Color (visual)","Color: Blanco / Negro"
"fam-c4cdf4cd4809","Sujetador balconette Daisy Bordado – blanco","Lounge EU","Moda mujer","2","2","0","0","configurador","Color (visual)","Color: Blanco / Rosa"
"fam-94b97267871d","Sujetador balconette Entice – azul","Lounge EU","Moda mujer | Destacados","6","6","0","0","configurador","Color (visual)","Color: Azul / Blanco / Negro / Rojo / Crema / Amarillo"
"fam-e2a08a6a1e86","Sujetador balconette Fleur – Blanco & azul","Lounge EU","Moda mujer","3","3","0","0","configurador","Color (visual)","Color: Blanco & azul / Azul / Rosa"
"fam-8b2f4b29836e","Sujetador balconette Flirt – azul","Lounge EU","Moda mujer","3","3","0","0","configurador","Color (visual)","Color: Azul / Negro / Blanco"
"fam-793e886a9dc1","Sujetador balconette Flocked Floral – azul","Lounge EU","Moda mujer | Destacados","3","3","0","0","configurador","Color (visual)","Color: Azul / Blanco / Negro"
"fam-828dfd43cbff","Sujetador balconette Reveal – blanco","Lounge EU","Moda mujer | Destacados","3","3","0","0","configurador","Color (visual)","Color: Blanco / Negro / Rojo"
"fam-4340ccd18924","Sujetador balconette Rosebud Acanalado – Azul floral","Lounge EU","Moda mujer","3","3","0","0","configurador","Color (visual)","Color: Azul floral / Blanco floral / rosa floral"
"fam-196015956fd8","Sujetador balconette Rosebud Acanalado – blanco","Lounge EU","Moda mujer","2","2","0","0","configurador","Color (visual)","Color: Blanco / Negro"
"fam-7c29dfc9fa7f","Sujetador balconette Seduce Front-Fastening – blanco","Lounge EU","Moda mujer | Destacados","2","2","0","0","configurador","Color (visual)","Color: Blanco / Negro"
"fam-d386b7a7ee36","Sujetador balconette Tempt – negro","Lounge EU","Moda mujer","2","2","0","0","configurador","Color (visual)","Color: Negro / Rojo"
"fam-736e701c9b08","Sujetador balconette Transparente Floral – azul","Lounge EU","Moda mujer | Destacados","2","2","0","0","configurador","Color (visual)","Color: Azul / Rosa"
"fam-ab3309023b0e","Sujetador Bare – blanco","Lounge EU","Moda mujer","4","4","0","0","configurador","Color (visual)","Color: Blanco / Crema / Gris / Negro"
"fam-dbeda3320154","Sujetador Comfort zilian Briefs – avellana","Lounge EU","Moda mujer","1","1","0","0","configurador","","Tallas disponibles: XS / S"
"fam-ba44ad064b77","Sujetador Comfort zilian Briefs – blanco","Lounge EU","Moda mujer","2","2","0","0","configurador","Color (visual)","Color: Blanco / Negro"
"fam-5eb105d516c2","Sujetador Comfort zilian Briefs – latte","Lounge EU","Moda mujer","1","1","0","0","configurador","","Tallas disponibles: XS / S / M / XXL"
"fam-92894553ab7a","Sujetador de lactancia Nurture – crema","Lounge EU","Moda mujer","2","2","0","0","configurador","Color (visual)","Color: Crema / Negro | Tallas disponibles: XS / S / S+"
"fam-3596b23fb312","Sujetador de lencería Blossom – crema","Lounge EU","Moda mujer","2","2","0","0","configurador","Color (visual)","Color: Crema / Negro"
"fam-4adf9cfd3ac5","Sujetador Emce Satén Thong – Blueberry","Lounge EU","Moda mujer","1","1","0","0","configurador","","Tallas disponibles: XS / S / M / L / XL / XXL"
"fam-94496bd1d141","Sujetador Enchant Plunge – crema","Lounge EU","Moda mujer","2","2","0","0","configurador","Color (visual)","Color: Crema / Negro"
"fam-a16737466408","Sujetador Everyday Comfort zilian Briefs – arena","Lounge EU","Moda mujer | Menos de 10","1","1","0","0","configurador","","Tallas disponibles: XS / S / M / L / XL / XXL / 3XL"
"fam-7b0ec3ec42fa","Sujetador Everyday Comfort zilian Briefs – cacao","Lounge EU","Moda mujer | Menos de 10","1","1","0","0","configurador","","Tallas disponibles: XS / L / XXL / 3XL"
"fam-8862cdfe54d5","Sujetador Everyday Comfort zilian Briefs – miel","Lounge EU","Moda mujer | Menos de 10","1","1","0","0","configurador","","Tallas disponibles: XS / S / M / L / XL / XXL / 3XL"
"fam-95d70c905147","Sujetador Everyday Comfort zilian Briefs – vainilla","Lounge EU","Moda mujer | Menos de 10","1","1","0","0","configurador","","Tallas disponibles: XS / S / M / L / XL / XXL / 3XL"
"fam-9f51077e5f80","Sujetador Everyday Flex zilian Briefs – arena","Lounge EU","Moda mujer | Menos de 10","1","1","0","0","configurador","","Tallas disponibles: XS / S / M / L / XL / XXL / 3XL"
"fam-b1ccca940db5","Sujetador Everyday Flex zilian Briefs – cacao","Lounge EU","Moda mujer | Menos de 10","1","1","0","0","configurador","","Tallas disponibles: XS / S / M / L / XL / XXL / 3XL"
"fam-49bede52008f","Sujetador Everyday Flex zilian Briefs – miel","Lounge EU","Moda mujer | Menos de 10","1","1","0","0","configurador","","Tallas disponibles: XS / S / M / L / XL / XXL / 3XL"
"fam-8314ffe3e805","Sujetador Everyday Flex zilian Briefs – nuez moscada","Lounge EU","Moda mujer | Menos de 10","1","1","0","0","configurador","","Tallas disponibles: XS / S / M / L / XL / XXL / 3XL"
"fam-5e36c2ed6a67","Sujetador Everyday Flex zilian Briefs – vainilla","Lounge EU","Moda mujer | Menos de 10","1","1","0","0","configurador","","Tallas disponibles: XS / S / M / L / XL / XXL / 3XL"
"fam-56dff77e3fdb","Sujetador Everyday Form zilian Briefs – arena","Lounge EU","Moda mujer | Menos de 10","1","1","0","0","configurador","","Tallas disponibles: S / M / L / XL / XXL"
"fam-87b57f548874","Sujetador Everyday Form zilian Briefs – miel","Lounge EU","Moda mujer | Menos de 10","1","1","0","0","configurador","","Tallas disponibles: XS / L / XL / XXL / 3XL"
"fam-545e80b0d9a2","Sujetador Everyday Form zilian Briefs – nuez moscada","Lounge EU","Moda mujer | Menos de 10","1","1","0","0","configurador","","Tallas disponibles: XS / S / M / L / XL / XXL / 3XL"
"fam-6f25181a571e","Sujetador Everyday Form zilian Briefs – vainilla","Lounge EU","Moda mujer | Menos de 10","1","1","0","0","configurador","","Tallas disponibles: L / XL / XXL"
"fam-2563bd8e5ce5","Sujetador Everyday Ultimate zilian Briefs – arena","Lounge EU","Moda mujer | Menos de 10","1","1","0","0","configurador","","Tallas disponibles: XS / S / M / L / XL / XXL / 3XL"
"fam-1adf7c0975a8","Sujetador Everyday Ultimate zilian Briefs – miel","Lounge EU","Moda mujer | Menos de 10","1","1","0","0","configurador","","Tallas disponibles: S / M / L / XL / XXL / 3XL"
"fam-e2f2490bb97c","Sujetador Everyday Ultimate zilian Briefs – negro","Lounge EU","Moda mujer | Menos de 10","1","1","0","0","configurador","","Tallas disponibles: L / XL / XXL"
"fam-21df64cd51d8","Sujetador Everyday Ultimate zilian Briefs – vainilla","Lounge EU","Moda mujer | Menos de 10","1","1","0","0","configurador","","Tallas disponibles: XS / S / M / L / XL / XXL / 3XL"
"fam-740610ab1ca3","Sujetador Meadow zilian Briefs – Salvia floral","Lounge EU","Moda mujer","1","1","0","0","configurador","","Tallas disponibles: XS / S / M / L / XL / XXL"
"fam-5624c77d9b2f","Sujetador PillowSoft™ Scoop – blanco","Lounge EU","Moda mujer | Destacados","2","2","0","0","configurador","Color (visual)","Color: Blanco / Negro"
"fam-789d937a13bc","Sujetador PillowSoft™ zilian Briefs – avellana","Lounge EU","Moda mujer","1","1","0","0","configurador","","Tallas disponibles: XS / S / M / L / XL / XXL"
"fam-175ef4c5aa53","Sujetador PillowSoft™ zilian Briefs – latte","Lounge EU","Moda mujer","1","1","0","0","configurador","","Tallas disponibles: XS / S / M / L / XL / XXL"
"fam-091d06f972ef","Sujetador PillowSoft™ zilian Briefs – negro","Lounge EU","Moda mujer","2","2","0","0","configurador","Color (visual)","Color: Negro / Blanco | Tallas disponibles: XS / S / M / L / XL / XXL"
"fam-affef1ccb228","Sujetador plunge tipo camiseta Light Non-Wired – moca","Lounge EU","Moda mujer","1","1","0","0","configurador","","Tallas disponibles: XS / S"
"fam-e15e9537eee3","Sujetador Pointelle zilian Briefs – Gris marl","Lounge EU","Moda mujer","1","1","0","0","configurador","","Tallas disponibles: XS / S / M / L / XL / XXL"
"fam-fd9d5c2c63f4","Sujetador Polka Dot zilian Briefs – blanco","Lounge EU","Moda mujer | Menos de 10","2","2","0","0","configurador","Color (visual)","Color: Blanco / Negro"
"fam-45cfbf7a4d33","Sujetador Sin costuras Bonded zilian Briefs (3-Pack – castaño","Lounge EU","Moda mujer","1","1","0","0","configurador","","Tallas disponibles: XS / S / M / L / XL / XXL"
"fam-52bbc7492c54","Sujetador Sin costuras Bonded zilian Briefs (3-Pack – miel","Lounge EU","Moda mujer","1","1","0","0","configurador","","Tallas disponibles: XS / S / M / L / XL / XXL"
"fam-e9d9901b4193","Sujetador Sin costuras Bonded zilian Briefs (3-Pack – negro","Lounge EU","Moda mujer","1","1","0","0","configurador","","Tallas disponibles: M / L / XL / XXL"
"fam-598e09529e0d","Sujetador Sin costuras zilian Briefs – blanco","Lounge EU","Moda mujer","1","1","0","0","configurador","","Tallas disponibles: XS / S / M / L / XL"
"fam-ef2cd7ffe3c6","Sujetador Strappy Pointelle zilian Briefs – Avena marl","Lounge EU","Moda mujer","1","1","0","0","configurador","","Tallas disponibles: S / M / L / XL / XXL"
"fam-d74caa4e21dd","Sujetador Strappy Pointelle zilian Briefs – Marrón estampado floral","Lounge EU","Moda mujer","1","1","0","0","configurador","","Tallas disponibles: S / M / L"
"fam-7e8f7262c9ef","Sujetador tipo camiseta Smooth Mesh – Taupe","Lounge EU","Moda mujer","2","2","0","0","configurador","Color (visual)","Color: Topo / Negro"
"fam-02ab2de5a963","Sujetador triangular Acanalado – blanco","Lounge EU","Moda mujer","1","1","0","0","configurador","","Tallas disponibles: XS / S / S+"
"fam-b4567a9567a0","Sujetador triangular Acanalado – Charcoal azul","Lounge EU","Moda mujer","1","1","0","0","configurador","","Tallas disponibles: XS / S / S+ / M"
"fam-328ca6035049","Sujetador triangular Bambú – avena","Lounge EU","Moda mujer | Destacados","1","1","0","0","configurador","","Tallas disponibles: XS / S / S+ / M / L / XL / XXL"
"fam-338dacea13d1","Sujetador triangular Bambú – azul claro","Lounge EU","Moda mujer | Destacados","1","1","0","0","configurador","","Tallas disponibles: XS / S / S+ / M / L / XL / XXL"
"fam-8825ab883223","Sujetador triangular Bambú – azul marino","Lounge EU","Moda mujer","1","1","0","0","configurador","","Tallas disponibles: XS / S / S+ / M / L / XL / XXL"
"fam-3ea09cda1079","Sujetador triangular Bambú – blanco y negro","Lounge EU","Moda mujer","1","1","0","0","configurador","","Tallas disponibles: XS / S"
"fam-1cdb5a2fc3cf","Sujetador triangular Bambú – Burgundy","Lounge EU","Moda mujer","1","1","0","0","configurador","","Tallas disponibles: XS / S / S+ / M / L / XL / XXL"
"fam-05ac733b51dd","Sujetador triangular Bambú – Coffee","Lounge EU","Moda mujer","1","1","0","0","configurador","","Tallas disponibles: XS / S / S+ / M / L / XL / XXL"
"fam-eead9ada9f1a","Sujetador triangular Bambú – negro total","Lounge EU","Moda mujer | Destacados","2","2","0","0","configurador","Color (visual)","Color: negro total / blanco total | Tallas disponibles: XS / S / S+ / M / L / XL / XXL"
"fam-529ffd69a62e","Sujetador triangular Bambú – oliva","Lounge EU","Moda mujer","1","1","0","0","configurador","","Tallas disponibles: XS / S / M / L"
"fam-368a724604ff","Sujetador triangular Bambú – Pine verde","Lounge EU","Moda mujer","1","1","0","0","configurador","","Tallas disponibles: XS / S / S+ / M / L / XL / XXL"
"fam-79db227a4e6b","Sujetador triangular Comfort lette – avellana","Lounge EU","Moda mujer | Destacados","1","1","0","0","configurador","","Tallas disponibles: XS / S / S+ / M / L / XL / XXL"
"fam-be155dd556c8","Sujetador triangular Comfort lette – blanco","Lounge EU","Moda mujer | Destacados","2","2","0","0","configurador","Color (visual)","Color: Blanco / Negro"
"fam-d282714ecdff","Sujetador triangular Comfort lette – latte","Lounge EU","Moda mujer | Destacados","1","1","0","0","configurador","","Tallas disponibles: XS / S+ / M / L / XL"
"fam-d10c61b2d561","Sujetador triangular Demure Encaje lette – chocolate oscuro","Lounge EU","Moda mujer | Destacados","1","1","0","0","configurador","","Tallas disponibles: XS / S / S+"
"fam-2ee8b70aaffa","Sujetador triangular Demure Encaje lette – negro","Lounge EU","Moda mujer | Destacados","1","1","0","0","configurador","","Tallas disponibles: XS / S / S+ / M / XL"
"fam-11d9f0228128","Sujetador triangular Encaje lette – Alpine verde","Lounge EU","Moda mujer","1","1","0","0","configurador","","Tallas disponibles: XS / S / S+ / M / L / XL / XXL"
"fam-f3e73f8cda17","Sujetador triangular Encaje lette – azul","Lounge EU","Moda mujer","3","3","0","0","configurador","Color (visual)","Color: Azul / Blanco / Negro | Tallas disponibles: XS / S / S+ / M / L / XL / XXL"
"fam-9f7f0e51fca7","Sujetador triangular Encaje lette – granate","Lounge EU","Moda mujer","1","1","0","0","configurador","","Tallas disponibles: S / S+ / M / L / XL / XXL"
"fam-9203e30c24d0","Sujetador triangular Everyday Comfort – arena","Lounge EU","Moda mujer","1","1","0","0","configurador","","Tallas disponibles: XS / S / M"
"fam-78a00164b092","Sujetador triangular Everyday Comfort – cacao","Lounge EU","Moda mujer","1","1","0","0","configurador","","Tallas disponibles: XS / S"
"fam-c55aa83d5f5f","Sujetador triangular Everyday Comfort – miel","Lounge EU","Moda mujer","1","1","0","0","configurador","","Tallas disponibles: XS / S / M / L"
"fam-ef164697471e","Sujetador triangular Everyday Comfort – nuez moscada","Lounge EU","Moda mujer","1","1","0","0","configurador","","Tallas disponibles: XS / S"
"fam-fffef87cd7f8","Sujetador triangular Everyday Comfort – vainilla","Lounge EU","Moda mujer","1","1","0","0","configurador","","Tallas disponibles: XS / S"
"fam-564bd5f60684","Sujetador triangular Pointelle lette – Avena marl","Lounge EU","Moda mujer","1","1","0","0","configurador","","Tallas disponibles: XS / S / S+ / M / L / XL / XXL"
"fam-a625540f3453","Sujetador triangular Pointelle lette – Marrón estampado floral","Lounge EU","Moda mujer","1","1","0","0","configurador","","Tallas disponibles: XS / S / S+ / M / L / XL / XXL"
"fam-15de37b20f71","Sujetador Wired Strapless – blanco","Lounge EU","Moda mujer | Destacados","2","2","0","0","configurador","Color (visual)","Color: Blanco / Negro"
"fam-541e67c36bb8","Tacones Annabelle Kitten – camel","Lounge EU","Moda mujer","1","1","0","0","configurador","","Tallas disponibles: 37 / 38 / 39 / 40 / 41"
"fam-a36a05e5aeef","Tacones Annabelle Kitten – negro","Lounge EU","Moda mujer","1","1","0","0","configurador","","Tallas disponibles: 38 / 39 / 40"
"fam-a99f2adb3b26","Tacones Harlowe High – negro","Lounge EU","Moda mujer","1","1","0","0","configurador","","Tallas disponibles: 37 / 38 / 41"
"fam-9bb5cd7f9a23","Tanga Acanalado – blanco","Lounge EU","Moda mujer","2","2","0","0","configurador","Color (visual)","Color: Blanco / Azul"
"fam-188bf25caa08","Tanga Adelina Intimates & Suspender Belt – amarillo","Lounge EU","Moda mujer","1","1","0","0","configurador","","Tallas disponibles: XS / M / L / XL / XXL / 3XL"
"fam-43cff14c2d41","Tanga Adelyn – blanco","Lounge EU","Moda mujer","2","2","0","0","configurador","Color (visual)","Color: Blanco / Negro | Tallas disponibles: L / XL / XXL"
"fam-376e31abd775","Tanga Adelyn – Mint crush","Lounge EU","Moda mujer","1","1","0","0","configurador","","Tallas disponibles: XS / S / M / L / XL"
"fam-33d8804136ec","Tanga Adelyn – Strawberry jam","Lounge EU","Moda mujer","1","1","0","0","configurador","","Tallas disponibles: XS / M / L / XL"
"fam-676de0ac022e","Tanga Adorn – chocolate oscuro","Lounge EU","Moda mujer","1","1","0","0","configurador","","Tallas disponibles: XS / S / M / L / XL / XXL"
"fam-e36ce5ac63a9","Tanga Adorn – crema","Lounge EU","Moda mujer","1","1","0","0","configurador","","Tallas disponibles: XS / S / M / L / XL / XXL"
"fam-c6a6a3595e06","Tanga Algodón Kisses s (3-Pack – estampado lila","Lounge EU","Moda mujer","1","1","0","0","configurador","","Tallas disponibles: XS / S / M / L / XL / XXL"
"fam-4ff3d485a1e6","Tanga Algodón Kisses s (3-Pack – estampado rosa","Lounge EU","Moda mujer","1","1","0","0","configurador","","Tallas disponibles: XS / S / M / L / XL / XXL"
"fam-0b2a00190f44","Tanga Amaris – rosa","Lounge EU","Moda mujer","1","1","0","0","configurador","","Tallas disponibles: XS / S / M / L / XL / XXL"
"fam-a64f3054a4e6","Tanga Anastasia – negro","Lounge EU","Moda mujer","1","1","0","0","configurador","","Tallas disponibles: XS / S / M / L / XL / XXL"
"fam-7161634e8c5c","Tanga Anti-Gravity – miel","Lounge EU","Moda mujer","1","1","0","0","configurador","","Tallas disponibles: XS / S / M / L / XXL"
"fam-78fc6407f34f","Tanga Anti-Gravity – negro","Lounge EU","Moda mujer","1","1","0","0","configurador","","Tallas disponibles: XS / S / M / L / XL / XXL"
"fam-0c9111081e2d","Tanga Arabella (Set – negro","Lounge EU","Moda mujer","1","1","0","0","configurador","","Tallas disponibles: XS / S / M / L / XL / XXL"
"fam-679476a2dd7f","Tanga Arabella Intimates & Suspender (Set – negro","Lounge EU","Moda mujer","1","1","0","0","configurador","","Tallas disponibles: S / M / L / XL / XXL"
"fam-9ade33b075a3","Tanga Attract – amarillo","Lounge EU","Moda mujer","2","2","0","0","configurador","Color (visual)","Color: Amarillo / Rosa | Tallas disponibles: XS / S / M / L / XL / XXL"
"fam-f7d3239dc3ce","Tanga Attract – azul oscuro","Lounge EU","Moda mujer","1","1","0","0","configurador","","Tallas disponibles: XS / S / M / L / XL / XXL"
"fam-0e20730a2ebd","Tanga Attract – oliva","Lounge EU","Moda mujer","1","1","0","0","configurador","","Tallas disponibles: XS / S / M / L / XL / XXL"
"fam-82e820d4b567","Tanga Aura – rosa","Lounge EU","Moda mujer","1","1","0","0","configurador","","Tallas disponibles: L / XXL"
"fam-d083c2d1ea92","Tanga Balcony – negro","Lounge EU","Moda mujer | Menos de 10 | Destacados","2","2","0","0","configurador","Color (visual)","Color: Negro / Rojo | Tallas disponibles: XXL / 3XL"
"fam-fcb24021e0ca","Tanga Bare – blanco","Lounge EU","Moda mujer | Menos de 10","4","4","0","0","configurador","Color (visual)","Color: Blanco / Crema / Gris / Negro"
"fam-2aafc679479e","Tanga Barely There – Damson","Lounge EU","Moda mujer","1","1","0","0","configurador","","Tallas disponibles: XS / XXL / 3XL"
"fam-123bc48a3e8e","Tanga Barely There – Mauve","Lounge EU","Moda mujer","1","1","0","0","configurador","","Tallas disponibles: XL / XXL / 3XL"
"fam-37193dd6d853","Tanga Barely There – negro","Lounge EU","Moda mujer","1","1","0","0","configurador","","Tallas disponibles: XXL / 3XL"
"fam-85c553c89d8b","Tanga Bicolor Balcony – azul","Lounge EU","Moda mujer","2","2","0","0","configurador","Color (visual)","Color: Azul / Rosa | Tallas disponibles: XXL / 3XL"
"fam-b0ecb8d24416","Tanga Bicolor Blossom – Aqua","Lounge EU","Moda mujer","1","1","0","0","configurador","","Tallas disponibles: XS / M / L / XL / XXL / 3XL"
"fam-0118f2eb9bb5","Tanga Bicolor Blossom – azul","Lounge EU","Moda mujer | Destacados","3","3","0","0","configurador","Color (visual)","Color: Azul / Rosa / Verde"
"fam-b4b726408edf","Tanga Blossom – azul cobalto","Lounge EU","Moda mujer | Destacados","1","1","0","0","configurador","","Tallas disponibles: XS / S / M / L / XL / XXL / 3XL"
"fam-4ef02c5e4689","Tanga Blossom – azul marino","Lounge EU","Moda mujer | Destacados","1","1","0","0","configurador","","Tallas disponibles: M / L / XL / XXL / 3XL"
"fam-05f5bbb7ffba","Tanga Blossom – blanco","Lounge EU","Moda mujer | Destacados","2","2","0","0","configurador","Color (visual)","Color: Blanco / Negro"
"fam-8e6f549b41d5","Tanga Blossom – Brunette","Lounge EU","Moda mujer","1","1","0","0","configurador","","Tallas disponibles: XS / S / M / L / XL / XXL / 3XL"
"fam-4299c7e8afc6","Tanga Blossom – Dusty rose","Lounge EU","Moda mujer","1","1","0","0","configurador","","Tallas disponibles: XS / S / M / L / XL / XXL / 3XL"
"fam-196cf926e099","Tanga Blossom – granate","Lounge EU","Moda mujer | Destacados","1","1","0","0","configurador","","Tallas disponibles: XS / S / M / L / XL / XXL / 3XL"
"fam-0948f993cd65","Tanga Blossom – Hot rosa","Lounge EU","Moda mujer","1","1","0","0","configurador","","Tallas disponibles: XS / S / M / L / XL / XXL / 3XL"
"fam-137dae9f3867","Tanga Blossom Slip Dress (Set – chocolate","Lounge EU","Moda mujer","1","1","0","0","configurador","","Tallas disponibles: XL / XXL"
"fam-2399505539d0","Tanga Blossom Strappy – chocolate","Lounge EU","Moda mujer","1","1","0","0","configurador","","Tallas disponibles: XS / S / M / L / XL / XXL"
"fam-d2484f3b0cf6","Tanga Bold Mesh – blanco","Lounge EU","Moda mujer | Menos de 10","2","2","0","0","configurador","Color (visual)","Color: Blanco / Negro"
"fam-fc4302a69acb","Tanga Breeze – azul","Lounge EU","Moda mujer","1","1","0","0","configurador","","Tallas disponibles: XS / S / M"
"fam-1bc69bb6f5b2","Tanga Camellia Intimates & Suspender (Set – blanco","Lounge EU","Moda mujer","1","1","0","0","configurador","","Tallas disponibles: XS / S / M / L / XL / XXL"
"fam-37c18e472e0a","Tanga Carina Intimates & Suspender Belt – azul","Lounge EU","Moda mujer","1","1","0","0","configurador","","Tallas disponibles: XS / S / M / L / XL / XXL / 3XL"
"fam-333b59d85faf","Tanga Caro Basque & Garters (Set – negro","Lounge EU","Moda mujer","1","1","0","0","configurador","","Tallas disponibles: XS / S / M / L / XL / XXL"
"fam-b25c6985a700","Tanga Casey Intimates & Suspender Belt – rosa","Lounge EU","Moda mujer","1","1","0","0","configurador","","Tallas disponibles: XS / S / M / L"
"fam-7b4775fa9cc4","Tanga Cassia Intimates & Suspender Belt – limón","Lounge EU","Moda mujer","1","1","0","0","configurador","","Tallas disponibles: XS / S / M / XL"
"fam-d029c7b0b54c","Tanga Catherine Intimates & Suspender Belt – negro","Lounge EU","Moda mujer","1","1","0","0","configurador","","Tallas disponibles: XS / S / M / L"
"fam-086f108adcec","Tanga Celestial Pierna alta Bikini – Celestial estampado","Lounge EU","Moda mujer","1","1","0","0","configurador","","Tallas disponibles: XL / XXL"
"fam-c6a8030baf2a","Tanga Celestial Tie-Side Bikini – Celestial estampado","Lounge EU","Moda mujer","1","1","0","0","configurador","","Tallas disponibles: L / XL / XXL"
"fam-67d157cb9e81","Tanga Celine Intimates & Suspender Belt – verde","Lounge EU","Moda mujer","1","1","0","0","configurador","","Tallas disponibles: XS / S / M / L / XL / XXL / 3XL"
"fam-eb8679222df8","Tanga Chasing Butterflies – rosa","Lounge EU","Moda mujer","1","1","0","0","configurador","","Tallas disponibles: XS / S / M / L / XL / XXL"
"fam-1a72111e57dc","Tanga Cherry Print s (3 Pack – multicolor","Lounge EU","Moda mujer","1","1","0","0","configurador","","Tallas disponibles: XS / S / M / L / XXL"
"fam-577523ca1c23","Tanga Classic – latte","Lounge EU","Moda mujer | Menos de 10","1","1","0","0","configurador","","Tallas disponibles: XS / S / M / L / XL / XXL / 3XL"
"fam-bd029cb98c52","Tanga Classic – moca","Lounge EU","Moda mujer | Menos de 10","1","1","0","0","configurador","","Tallas disponibles: XS / S / M / L / XL / XXL / 3XL"
"fam-9dd66446dde2","Tanga Comfort – avellana","Lounge EU","Moda mujer","1","1","0","0","configurador","","Tallas disponibles: XS / S / M / L / XL / XXL"
"fam-fdeb7949ee72","Tanga Comfort – blanco","Lounge EU","Moda mujer","2","2","0","0","configurador","Color (visual)","Color: Blanco / Negro | Tallas disponibles: XS / S / M / L / XL / XXL"
"fam-7ed9760ee113","Tanga Comfort – latte","Lounge EU","Moda mujer","1","1","0","0","configurador","","Tallas disponibles: XS / S / M / L / XL / XXL"
"fam-859ef5bc831e","Tanga Comfort – miel","Lounge EU","Moda mujer","1","1","0","0","configurador","","Tallas disponibles: XS / S / M / L / XL / XXL"
"fam-aed73821e60f","Tanga Cordelia Intimates & Leg Garters (Set – blanco","Lounge EU","Moda mujer","1","1","0","0","configurador","","Tallas disponibles: XS / S / M / L / XL / XXL / 3XL"
"fam-f39bce25d62c","Tanga Cynthia Suspender & (Set – chocolate","Lounge EU","Moda mujer","1","1","0","0","configurador","","Tallas disponibles: XS / S / M / L / XL / XXL"
"fam-67ffae243e39","Tanga Dahlia Intimates & Corset (Set – azul marino","Lounge EU","Moda mujer","1","1","0","0","configurador","","Tallas disponibles: XS / S / M / L / XL"
"fam-31d46544693e","Tanga Daisy – Azul floral","Lounge EU","Moda mujer","1","1","0","0","configurador","","Tallas disponibles: XS / S / M / L / XL / XXL"
"fam-d193de9bd515","Tanga Daisy Bordado – blanco","Lounge EU","Moda mujer | Menos de 10","2","2","0","0","configurador","Color (visual)","Color: Blanco / Rosa"
"fam-00ceaed32b50","Tanga Days of the Week (7 Pack – estampado","Lounge EU","Moda mujer","1","1","0","0","configurador","","Tallas disponibles: XL / XXL"
"fam-9480859bb0be","Tanga Days of the Week s (7-Pack – Multicolour estampado","Lounge EU","Moda mujer","1","1","0","0","configurador","","Tallas disponibles: XS / M / XL"
"fam-7198b6e294b9","Tanga Days of the Week s (7-Pack – Multicolour pastel","Lounge EU","Moda mujer","1","1","0","0","configurador","","Tallas disponibles: XS / S / M / L / XL / XXL"
"fam-02edf5cfc941","Tanga de hilo Angelica (Set – marfil","Lounge EU","Moda mujer","1","1","0","0","configurador","","Tallas disponibles: XS / S / M / L / XL / XXL"
"fam-9f9f96063f8c","Tanga de hilo Angelica Babydoll (Set – negro","Lounge EU","Moda mujer","1","1","0","0","configurador","","Tallas disponibles: XS / S / M / L / XL / XXL"
"fam-2645f34859bd","Tanga de hilo Arabella – negro","Lounge EU","Moda mujer","1","1","0","0","configurador","","Tallas disponibles: XS / S / M / L / XL / XXL"
"fam-5f420187eb4c","Tanga de hilo Arabella Slip Dress (Set – negro","Lounge EU","Moda mujer","1","1","0","0","configurador","","Tallas disponibles: XS / S / M / L / XL"
"fam-03ec365b3bd6","Tanga de hilo Basic s (3 Pack – castaño","Lounge EU","Moda mujer","1","1","0","0","configurador","","Tallas disponibles: XS / S / M / L / XXL / 3XL"
"fam-af75891bb508","Tanga de hilo Basic s (3 Pack – miel","Lounge EU","Moda mujer","1","1","0","0","configurador","","Tallas disponibles: XXL / 3XL"
"fam-f0e4db00e5a6","Tanga de hilo Basic s (3 Pack – multicolor","Lounge EU","Moda mujer","1","1","0","0","configurador","","Tallas disponibles: XS / XXL / 3XL"
"fam-e20d3323fc2f","Tanga de hilo Bloom Bordado – negro","Lounge EU","Moda mujer | Menos de 10 | Destacados","1","1","0","0","configurador","","Tallas disponibles: XS / S / M / L / XL / 3XL"
"fam-920e3372157e","Tanga de hilo Blossom – crema","Lounge EU","Moda mujer","1","1","0","0","configurador","","Tallas disponibles: M / L / XL / XXL"
"fam-e26243462ab1","Tanga de hilo Blossom Corset – negro","Lounge EU","Moda mujer","1","1","0","0","configurador","","Tallas disponibles: XS / S / M / L / XL / XXL"
"fam-658dcaf2c2c0","Tanga de hilo Blush Bordado – Hot rosa","Lounge EU","Moda mujer | Menos de 10","1","1","0","0","configurador","","Tallas disponibles: XXL / 3XL"
"fam-2954d4c817e8","Tanga de hilo Brianna – chocolate","Lounge EU","Moda mujer","1","1","0","0","configurador","","Tallas disponibles: XS / S / M / L / XL / XXL"
"fam-919f1451365c","Tanga de hilo Brianna – Limón sorbet","Lounge EU","Moda mujer","1","1","0","0","configurador","","Tallas disponibles: L / XL"
"fam-14b8d68feeda","Tanga de hilo Brianna – oliva","Lounge EU","Moda mujer","1","1","0","0","configurador","","Tallas disponibles: XS / S / M / L / XL / XXL"
"fam-994189e3fbd9","Tanga de hilo Cassandra Suspender & (Set – negro","Lounge EU","Moda mujer","1","1","0","0","configurador","","Tallas disponibles: XS / S / M / L / XL / XXL"
"fam-dcab7fa35fff","Tanga de hilo Christina Intimates (Set – marfil","Lounge EU","Moda mujer","1","1","0","0","configurador","","Tallas disponibles: S / M / L / XL / XXL"
"fam-9f1a4e9a34c5","Tanga de hilo Dahlia Intimates & Suspender (Set – frutos rojos","Lounge EU","Moda mujer","1","1","0","0","configurador","","Tallas disponibles: XS / S / M / L / XL / XXL"
"fam-4ab19a9501ee","Tanga de hilo Dahlia Intimates & Suspender Belt (Set – azul marino","Lounge EU","Moda mujer","1","1","0","0","configurador","","Tallas disponibles: XS / S / M / L / XL / XXL"
"fam-0fcc29ac8e11","Tanga de hilo Daphnie – Oyster shell","Lounge EU","Moda mujer","1","1","0","0","configurador","","Tallas disponibles: XS / S / M / L / XL / XXL"
"fam-1066f8e3ead8","Tanga de hilo Delilah – Blanco floral","Lounge EU","Moda mujer","1","1","0","0","configurador","","Tallas disponibles: XS / S / M / L / XL / XXL"
"fam-074676e4584e","Tanga de hilo Ditsy Bordado – blanco","Lounge EU","Moda mujer | Menos de 10","1","1","0","0","configurador","","Tallas disponibles: XXL / 3XL"
"fam-dc8395e02c8b","Tanga de hilo Elina Corset – azul","Lounge EU","Moda mujer","1","1","0","0","configurador","","Tallas disponibles: XS / S / M / L / XL"
"fam-414cc588603e","Tanga de hilo Elina Intimates & Waspie – azul","Lounge EU","Moda mujer","1","1","0","0","configurador","","Tallas disponibles: XS / S / M / L / XL"
"fam-dd3978dff683","Tanga de hilo Elina Slip Dress – azul","Lounge EU","Moda mujer","1","1","0","0","configurador","","Tallas disponibles: XS / S / M / L / XL"
"fam-d6bc883fb047","Tanga de hilo Elizabeth – blanco","Lounge EU","Moda mujer","1","1","0","0","configurador","","Tallas disponibles: L / XL / XXL"
"fam-350404c3ced4","Tanga de hilo Elizabeth Intimates & Suspender (Set – blanco","Lounge EU","Moda mujer","1","1","0","0","configurador","","Tallas disponibles: XS / S / M / L / XL / XXL"
"fam-b11914a15aa4","Tanga de hilo Elodie Corset – rosa","Lounge EU","Moda mujer","1","1","0","0","configurador","","Tallas disponibles: XS / S / M / L / XL / XXL"
"fam-9845d43cc9e8","Tanga de hilo Elodie Slip Dress – rosa","Lounge EU","Moda mujer","1","1","0","0","configurador","","Tallas disponibles: XS / S / M / L / XL"
"fam-fb1cf997ea11","Tanga de hilo Evelyn Intimates & Suspender (Set – negro","Lounge EU","Moda mujer","1","1","0","0","configurador","","Tallas disponibles: XS / S / M / L / XL / XXL"
"fam-f63c49d63ab7","Tanga de hilo Evelyn Intimates & Suspender Belt (Set – verde","Lounge EU","Moda mujer","1","1","0","0","configurador","","Tallas disponibles: XS / S / M / L / XL / XXL"
"fam-8f379836a776","Tanga de hilo Everyday Comfort – arena","Lounge EU","Moda mujer | Menos de 10","1","1","0","0","configurador","","Tallas disponibles: XS / S / M / L / XL / XXL / 3XL"
"fam-9feef051e796","Tanga de hilo Everyday Comfort – cacao","Lounge EU","Moda mujer | Menos de 10","1","1","0","0","configurador","","Tallas disponibles: XS / S / M / L / XL / XXL / 3XL"
"fam-e1b603a61444","Tanga de hilo Everyday Comfort – miel","Lounge EU","Moda mujer | Menos de 10","1","1","0","0","configurador","","Tallas disponibles: XS / S / M / L / XL / XXL / 3XL"
"fam-de5d56185863","Tanga de hilo Everyday Comfort – negro","Lounge EU","Moda mujer | Menos de 10","1","1","0","0","configurador","","Tallas disponibles: XS / S / M / L / XL / XXL / 3XL"
"fam-495f1f30a362","Tanga de hilo Everyday Comfort – nuez moscada","Lounge EU","Moda mujer | Menos de 10","1","1","0","0","configurador","","Tallas disponibles: XS / S / M / L / XL / XXL / 3XL"
"fam-d2f6209df8e1","Tanga de hilo Everyday Comfort – vainilla","Lounge EU","Moda mujer | Menos de 10","1","1","0","0","configurador","","Tallas disponibles: XS / S / M / L / XL / XXL / 3XL"
"fam-ded761a1fed3","Tanga de hilo Everyday Flex – arena","Lounge EU","Moda mujer | Menos de 10","1","1","0","0","configurador","","Tallas disponibles: XS / S / M / L / XL / XXL / 3XL"
"fam-416ef86a8887","Tanga de hilo Everyday Flex – cacao","Lounge EU","Moda mujer | Menos de 10","1","1","0","0","configurador","","Tallas disponibles: XS / S / M / L / XL / XXL / 3XL"
"fam-6757a93fb027","Tanga de hilo Everyday Flex – miel","Lounge EU","Moda mujer | Menos de 10","1","1","0","0","configurador","","Tallas disponibles: XS / S / M / L / XL / XXL / 3XL"
"fam-acd9fc0ed5d3","Tanga de hilo Everyday Flex – negro","Lounge EU","Moda mujer | Menos de 10","1","1","0","0","configurador","","Tallas disponibles: XS / S / M / L / XL / XXL / 3XL"
"fam-117d5a47a455","Tanga de hilo Everyday Flex – nuez moscada","Lounge EU","Moda mujer | Menos de 10","1","1","0","0","configurador","","Tallas disponibles: XS / S / M / L / XL / XXL / 3XL"
"fam-97d4bf78bd76","Tanga de hilo Everyday Flex – vainilla","Lounge EU","Moda mujer | Menos de 10","1","1","0","0","configurador","","Tallas disponibles: XS / S / M / L / XL / XXL / 3XL"
"fam-8e69c49fec4d","Tanga de hilo Everyday Form – arena","Lounge EU","Moda mujer | Menos de 10","1","1","0","0","configurador","","Tallas disponibles: M / L / XL / XXL / 3XL"
"fam-ccc05ac305c6","Tanga de hilo Everyday Form – cacao","Lounge EU","Moda mujer | Menos de 10","1","1","0","0","configurador","","Tallas disponibles: XS / S / M / L / XL / XXL / 3XL"
"fam-fc73f97cd2ef","Tanga de hilo Everyday Form – miel","Lounge EU","Moda mujer | Menos de 10","1","1","0","0","configurador","","Tallas disponibles: XS / L / XL / XXL / 3XL"
"fam-c7cd25923479","Tanga de hilo Everyday Form – negro","Lounge EU","Moda mujer | Menos de 10","1","1","0","0","configurador","","Tallas disponibles: XXL / 3XL"
"fam-0de4c1371556","Tanga de hilo Everyday Form – nuez moscada","Lounge EU","Moda mujer | Menos de 10","1","1","0","0","configurador","","Tallas disponibles: XS / S / M / L / XL / XXL / 3XL"
"fam-c080498bcb76","Tanga de hilo Everyday Form – vainilla","Lounge EU","Moda mujer | Menos de 10","1","1","0","0","configurador","","Tallas disponibles: M / L / XL / XXL / 3XL"
"fam-b45c6e4344cc","Tanga de hilo Everyday Ultimate – arena","Lounge EU","Moda mujer | Menos de 10","1","1","0","0","configurador","","Tallas disponibles: XS / S / M / L / XL / XXL / 3XL"
"fam-cd49775e4152","Tanga de hilo Everyday Ultimate – cacao","Lounge EU","Moda mujer | Menos de 10","1","1","0","0","configurador","","Tallas disponibles: XS / S / M / L / XL / XXL / 3XL"
"fam-02c021e68846","Tanga de hilo Everyday Ultimate – miel","Lounge EU","Moda mujer | Menos de 10","1","1","0","0","configurador","","Tallas disponibles: XS / S / M / L / XL / XXL / 3XL"
"fam-edc66fab65ef","Tanga de hilo Everyday Ultimate – negro","Lounge EU","Moda mujer | Menos de 10","1","1","0","0","configurador","","Tallas disponibles: XS / S / M / L / XL / XXL / 3XL"
"fam-6f34c5827505","Tanga de hilo Everyday Ultimate – nuez moscada","Lounge EU","Moda mujer | Menos de 10","1","1","0","0","configurador","","Tallas disponibles: XS / S / M / L / XXL / 3XL"
"fam-349e72048756","Tanga de hilo Everyday Ultimate – vainilla","Lounge EU","Moda mujer | Menos de 10","1","1","0","0","configurador","","Tallas disponibles: XS / S / M / L / XL / XXL / 3XL"
"fam-eb0adfd1bebc","Tanga de hilo Fleur – Blanco & azul","Lounge EU","Moda mujer","1","1","0","0","configurador","","Tallas disponibles: XS / S / M / L / XL / XXL"
"fam-5e1297c8157e","Tanga de hilo Fleur – blanco y amarillo","Lounge EU","Moda mujer","1","1","0","0","configurador","","Tallas disponibles: XS / S / M / L / XL / XXL / 3XL"
"fam-6ce0fb636ee9","Tanga de hilo Flirt – azul","Lounge EU","Moda mujer","3","3","0","0","configurador","Color (visual)","Color: Azul / Negro / Blanco"
"fam-d8b778c2312e","Tanga de hilo Flirt – Cornflower azul","Lounge EU","Moda mujer","1","1","0","0","configurador","","Tallas disponibles: XS / S / M / L / XL / XXL"
"fam-f630b891e659","Tanga de hilo Flirt – granate","Lounge EU","Moda mujer","1","1","0","0","configurador","","Tallas disponibles: XXL / 3XL"
"fam-12e54740cc5b","Tanga de hilo Flirt – lila","Lounge EU","Moda mujer","1","1","0","0","configurador","","Tallas disponibles: XL / XXL / 3XL"
"fam-e4dc2622c8e9","Tanga de hilo Flora – Cornflower azul","Lounge EU","Moda mujer","1","1","0","0","configurador","","Tallas disponibles: XS / S / M / L / XL / XXL"
"fam-f3aeaf6f68fe","Tanga de hilo Fruity 'Feeling Fruity' – blanco","Lounge EU","Moda mujer | Menos de 10","1","1","0","0","configurador","","Tallas disponibles: XL / XXL / 3XL"
"fam-95d7d48862fd","Tanga de hilo Fruity 'Perfect Pair' – rosa","Lounge EU","Moda mujer | Menos de 10","1","1","0","0","configurador","","Tallas disponibles: XXL / 3XL"
"fam-56f5074ba4a3","Tanga de hilo Fruity 'Squeeze Me' – azul","Lounge EU","Moda mujer | Menos de 10","1","1","0","0","configurador","","Tallas disponibles: XXL / 3XL"
"fam-cb23b36b638b","Tanga de hilo Genevieve Babydoll – negro","Lounge EU","Moda mujer","1","1","0","0","configurador","","Tallas disponibles: S / M / L / XL"
"fam-e2961008815c","Tanga de hilo Genevieve Basque – negro","Lounge EU","Moda mujer","1","1","0","0","configurador","","Tallas disponibles: XS / S / M / L / XL / XXL"
"fam-02771535c4dd","Tanga de hilo Genevieve Intimates & Suspender Belt – negro","Lounge EU","Moda mujer","1","1","0","0","configurador","","Tallas disponibles: XS / S / M"
"fam-e1f5eebb1a39","Tanga de hilo Gia Basque (Set – marfil","Lounge EU","Moda mujer","1","1","0","0","configurador","","Tallas disponibles: XS / S / M / L / XL / XXL"
"fam-24bcaece5fee","Tanga de hilo Gigi – negro","Lounge EU","Moda mujer","1","1","0","0","configurador","","Tallas disponibles: XS / S / M / L / XL / XXL"
"fam-d34d61e18a04","Tanga de hilo Luxury – blanco","Lounge EU","Moda mujer | Menos de 10","3","3","0","0","configurador","Color (visual)","Color: Blanco / Negro / Rojo"
"fam-5f6f3a425827","Tanga de hilo Mira – verde","Lounge EU","Moda mujer","1","1","0","0","configurador","","Tallas disponibles: L / XL"
"fam-88037a6702fc","Tanga de hilo Mirabel – Mint verde","Lounge EU","Moda mujer","1","1","0","0","configurador","","Tallas disponibles: XS / S / M / L / XL / XXL"
"fam-f5194cd2d317","Tanga de hilo Muse – Dark rosa","Lounge EU","Moda mujer","1","1","0","0","configurador","","Tallas disponibles: XS / S / M / L / XL / XXL"
"fam-07a44c5ed5dd","Tanga de hilo Neon – negro","Lounge EU","Moda mujer","1","1","0","0","configurador","","Tallas disponibles: XS / S / M"
"fam-75d4e92dd176","Tanga de hilo Neon – Negro & aqua azul","Lounge EU","Moda mujer | Menos de 10","1","1","0","0","configurador","","Tallas disponibles: XS / S / M / L / XXL / 3XL"
"fam-3dcabe858eee","Tanga de hilo Orelia – rosa floral","Lounge EU","Moda mujer","1","1","0","0","configurador","","Tallas disponibles: XS / S / M / L / XL / XXL"
"fam-8fbcddfa68ff","Tanga de hilo Penelope Intimates & Suspender (Set – blanco","Lounge EU","Moda mujer","1","1","0","0","configurador","","Tallas disponibles: XS / S / M / L / XL / XXL"
"fam-cf8af6d90abe","Tanga de hilo Roxie – negro","Lounge EU","Moda mujer","1","1","0","0","configurador","","Tallas disponibles: XS / S / M / L / XL / XXL"
"fam-3daa82c0977b","Tanga de hilo Satén Bow – rosa","Lounge EU","Moda mujer | Menos de 10","1","1","0","0","configurador","","Tallas disponibles: XS / M / L"
"fam-a92923f7e499","Tanga de hilo Sculpt – blanco","Lounge EU","Moda mujer | Menos de 10","2","2","0","0","configurador","Color (visual)","Color: Blanco / Negro"
"fam-a77a5adfc5f3","Tanga de hilo Sculpt – castaño","Lounge EU","Moda mujer | Menos de 10","1","1","0","0","configurador","","Tallas disponibles: XS / S / M / L / XL / XXL / 3XL"
"fam-40a63e7f7846","Tanga de hilo Sculpt – miel","Lounge EU","Moda mujer | Menos de 10","1","1","0","0","configurador","","Tallas disponibles: XS / S / M / L / XL / XXL / 3XL"
"fam-7fbdf413a15f","Tanga de hilo Summer – Azul floral","Lounge EU","Moda mujer","1","1","0","0","configurador","","Tallas disponibles: XS / M / L / XL / XXL"
"fam-a0d879087845","Tanga de hilo Tallulah Intimates & Suspender – marfil","Lounge EU","Moda mujer","1","1","0","0","configurador","","Tallas disponibles: M / L"
"fam-a0db53f6d793","Tanga de hilo Tease – rosa","Lounge EU","Moda mujer","1","1","0","0","configurador","","Tallas disponibles: M / L / XL / XXL"
"fam-144e76d27d62","Tanga de hilo Transparente Floral – rosa","Lounge EU","Moda mujer | Menos de 10","1","1","0","0","configurador","","Tallas disponibles: XS / S / M / L / XXL / 3XL"
"fam-5ee335326c90","Tanga de hilo Valentina – vino","Lounge EU","Moda mujer","1","1","0","0","configurador","","Tallas disponibles: L / XL / XXL"
"fam-b8dacac06dff","Tanga de hilo Valentina Intimates & Suspender (Set – vino","Lounge EU","Moda mujer","1","1","0","0","configurador","","Tallas disponibles: L / XL / XXL"
"fam-d81779775802","Tanga de hilo Vida Intimates & Suspender Belt (Set – negro","Lounge EU","Moda mujer","1","1","0","0","configurador","","Tallas disponibles: L / XXL / 3XL"
"fam-13df85090ebe","Tanga de hilo Xena Intimates & Suspender Belt (Set – negro","Lounge EU","Moda mujer","1","1","0","0","configurador","","Tallas disponibles: XS / S / M / L / XL / XXL"
"fam-50527ac2aa1f","Tanga de hilo Yasmine – negro","Lounge EU","Moda mujer","1","1","0","0","configurador","","Tallas disponibles: XS / S / M / L / XL / XXL"
"fam-89ff2f3610f2","Tanga de hilo Zalia Intimates (Set – negro","Lounge EU","Moda mujer","1","1","0","0","configurador","","Tallas disponibles: XS / S / M / L / XL / XXL / 3XL"
"fam-b0943a99ec55","Tanga Demure Encaje – chocolate oscuro","Lounge EU","Moda mujer","1","1","0","0","configurador","","Tallas disponibles: XS / S"
"fam-4139e1f76cb1","Tanga Demure Encaje – negro","Lounge EU","Moda mujer","1","1","0","0","configurador","","Tallas disponibles: XS / S / M"
"fam-9e2133535014","Tanga Desirée – negro","Lounge EU","Moda mujer","1","1","0","0","configurador","","Tallas disponibles: L / XL / XXL"
"fam-789a4e8b5c26","Tanga Elodie Intimates & Suspender Belt – rosa","Lounge EU","Moda mujer","1","1","0","0","configurador","","Tallas disponibles: S / M / L"
"fam-b0bf5e1ea7ab","Tanga Elysia – blanco","Lounge EU","Moda mujer","1","1","0","0","configurador","","Tallas disponibles: L / XL / XXL"
"fam-f6f194b7868b","Tanga Emilia Intimates & Suspender Belt – azul","Lounge EU","Moda mujer","1","1","0","0","configurador","","Tallas disponibles: XS / S / M / L / XL / XXL / 3XL"
"fam-b7c3bac9f0b3","Tanga Encaje – negro","Lounge EU","Moda mujer","2","2","0","0","configurador","Color (visual)","Color: Negro / Rosa | Tallas disponibles: XS / S / M / L / XL / XXL"
"fam-5b9196cb18d8","Tanga Encaje Trim – azul","Lounge EU","Moda mujer","2","2","0","0","configurador","Color (visual)","Color: Azul / Negro | Tallas disponibles: XS / S / M / L / XL / XXL"
"fam-57eecea7fa33","Tanga Enchant – crema","Lounge EU","Moda mujer","1","1","0","0","configurador","","Tallas disponibles: L / XL / XXL"
"fam-22d82014aef8","Tanga Entice – azul claro","Lounge EU","Moda mujer","1","1","0","0","configurador","","Tallas disponibles: XS / S / M / L / XL / XXL"
"fam-ed48746da84d","Tanga Entice – moca","Lounge EU","Moda mujer","1","1","0","0","configurador","","Tallas disponibles: XS / S / M / L / XL / XXL"
"fam-d7a4f0cc0d13","Tanga Entice – negro","Lounge EU","Moda mujer","6","6","0","0","configurador","Color (visual)","Color: Negro / Amarillo / Azul / Blanco / Crema / Rojo"
"fam-5881c6c5b5fd","Tanga Estampado Blossom – blanco","Lounge EU","Moda mujer","1","1","0","0","configurador","","Tallas disponibles: XS / S / M / L / XL / XXL"
"fam-e572a93c8ae0","Tanga Estampado Entice – azul marino floral","Lounge EU","Moda mujer","1","1","0","0","configurador","","Tallas disponibles: XS / S / M / L / XL / XXL"
"fam-a13fdc1ca5e3","Tanga Estampado Entice – Negro floral","Lounge EU","Moda mujer","1","1","0","0","configurador","","Tallas disponibles: XS / S / M / L / XL / XXL"
"fam-16cd42a2bb70","Tanga Estampado Entice – rosa suave floral","Lounge EU","Moda mujer","1","1","0","0","configurador","","Tallas disponibles: XS / S / M / L / XL / XXL"
"fam-f0faf4fdd676","Tanga Estampado s (3-Pack – Azul estampado","Lounge EU","Moda mujer","2","2","0","0","configurador","Color (visual)","Color: Azul estampado / estampado rosa"
"fam-9a62b7d3a4c0","Tanga Everbloom – blanco","Lounge EU","Moda mujer","1","1","0","0","configurador","","Tallas disponibles: XS / S / M / L / XL / XXL"
"fam-28297b811332","Tanga Everyday – blanco","Lounge EU","Moda mujer","2","2","0","0","configurador","Color (visual)","Color: Blanco / Negro | Tallas disponibles: XS / S / M / L / XL / XXL"
"fam-8687efbd36e2","Tanga Everyday – latte","Lounge EU","Moda mujer | Destacados","1","1","0","0","configurador","","Tallas disponibles: XS / S / M / L / XL / XXL / 3XL"
"fam-051fc1b11845","Tanga Everyday – miel","Lounge EU","Moda mujer","1","1","0","0","configurador","","Tallas disponibles: XS / S / M / L / XL / XXL"
"fam-bce180f066c8","Tanga Everyday – moca","Lounge EU","Moda mujer","1","1","0","0","configurador","","Tallas disponibles: XS / S / M / L / XL / XXL / 3XL"
"fam-b75d49c9c717","Tanga Everyday Comfort – arena","Lounge EU","Moda mujer | Menos de 10","1","1","0","0","configurador","","Tallas disponibles: XS / S / M / L / XL / XXL / 3XL"
"fam-f406da855307","Tanga Everyday Comfort – cacao","Lounge EU","Moda mujer | Menos de 10","1","1","0","0","configurador","","Tallas disponibles: XS / L / XL / XXL / 3XL"
"fam-d64bd7f7133c","Tanga Everyday Comfort – miel","Lounge EU","Moda mujer | Menos de 10","1","1","0","0","configurador","","Tallas disponibles: XS / S / M / L / XL / XXL / 3XL"
"fam-0686f6b6b388","Tanga Everyday Comfort – negro","Lounge EU","Moda mujer | Menos de 10","1","1","0","0","configurador","","Tallas disponibles: XS / XL / XXL / 3XL"
"fam-ea389fa42797","Tanga Everyday Comfort – nuez moscada","Lounge EU","Moda mujer | Menos de 10","1","1","0","0","configurador","","Tallas disponibles: XS / 3XL"
"fam-17491d4e67ff","Tanga Everyday Comfort – vainilla","Lounge EU","Moda mujer | Menos de 10","1","1","0","0","configurador","","Tallas disponibles: XS / S / M / L / XL / XXL / 3XL"
"fam-ab4627a0ffa2","Tanga Everyday Flex – arena","Lounge EU","Moda mujer | Menos de 10","1","1","0","0","configurador","","Tallas disponibles: M / L / XL / XXL / 3XL"
"fam-b4577125f11b","Tanga Everyday Flex – cacao","Lounge EU","Moda mujer | Menos de 10","1","1","0","0","configurador","","Tallas disponibles: XS / S / M / L / XL / XXL / 3XL"
"fam-4dbbebb5118d","Tanga Everyday Flex – miel","Lounge EU","Moda mujer | Menos de 10","1","1","0","0","configurador","","Tallas disponibles: XS / S / M / L / XL / XXL / 3XL"
"fam-2455b43cc97a","Tanga Everyday Flex – negro","Lounge EU","Moda mujer | Menos de 10","1","1","0","0","configurador","","Tallas disponibles: XS / 3XL"
"fam-a3849afb1707","Tanga Everyday Flex – nuez moscada","Lounge EU","Moda mujer | Menos de 10","1","1","0","0","configurador","","Tallas disponibles: XS / S / M / L / XL / XXL / 3XL"
"fam-d89b4f8d12d5","Tanga Everyday Flex – vainilla","Lounge EU","Moda mujer | Menos de 10","1","1","0","0","configurador","","Tallas disponibles: XS / S / M / L / XL / XXL / 3XL"
"fam-4cc87f212af5","Tanga Everyday Form – arena","Lounge EU","Moda mujer | Menos de 10","1","1","0","0","configurador","","Tallas disponibles: XL / XXL / 3XL"
"fam-672cdb96c2dd","Tanga Everyday Form – cacao","Lounge EU","Moda mujer | Menos de 10","1","1","0","0","configurador","","Tallas disponibles: XS / S / L / XL / XXL / 3XL"
"fam-3890f7338544","Tanga Everyday Form – miel","Lounge EU","Moda mujer | Menos de 10","1","1","0","0","configurador","","Tallas disponibles: XL / XXL / 3XL"
"fam-5bc5f65da81c","Tanga Everyday Form – negro","Lounge EU","Moda mujer | Menos de 10","1","1","0","0","configurador","","Tallas disponibles: M / XXL"
"fam-491cc9c361b2","Tanga Everyday Form – nuez moscada","Lounge EU","Moda mujer | Menos de 10","1","1","0","0","configurador","","Tallas disponibles: XS / S / M / L / XL / XXL / 3XL"
"fam-e1b2ba0f22a0","Tanga Everyday Form – vainilla","Lounge EU","Moda mujer | Menos de 10","1","1","0","0","configurador","","Tallas disponibles: L / XL / XXL"
"fam-da8f75ca1ad3","Tanga Everyday Ultimate – arena","Lounge EU","Moda mujer | Menos de 10","1","1","0","0","configurador","","Tallas disponibles: XS / S / M / L / XL / XXL / 3XL"
"fam-0fbb613faaab","Tanga Everyday Ultimate – cacao","Lounge EU","Moda mujer | Menos de 10","1","1","0","0","configurador","","Tallas disponibles: XXL / 3XL"
"fam-cda2ad4bc182","Tanga Everyday Ultimate – miel","Lounge EU","Moda mujer | Menos de 10","1","1","0","0","configurador","","Tallas disponibles: XS / S / M / L / XL / XXL / 3XL"
"fam-bcbab3947263","Tanga Everyday Ultimate – negro","Lounge EU","Moda mujer | Menos de 10","1","1","0","0","configurador","","Tallas disponibles: XS / S / M / L / XL / XXL / 3XL"
"fam-e24e4defd868","Tanga Everyday Ultimate – nuez moscada","Lounge EU","Moda mujer | Menos de 10","1","1","0","0","configurador","","Tallas disponibles: XS / S / M / L / XXL / 3XL"
"fam-d376437a1a48","Tanga Everyday Ultimate – vainilla","Lounge EU","Moda mujer | Menos de 10","1","1","0","0","configurador","","Tallas disponibles: XS / S / M / L / XL / XXL / 3XL"
"fam-516eb2a043ac","Tanga Fleur – azul","Lounge EU","Moda mujer","2","2","0","0","configurador","Color (visual)","Color: Azul / Rosa"
"fam-da631b5f237d","Tanga Flocked Floral – azul","Lounge EU","Moda mujer","3","3","0","0","configurador","Color (visual)","Color: Azul / Blanco / Negro"
"fam-9eacb4e2bba9","Tanga Floral Bordado – azul","Lounge EU","Moda mujer | Menos de 10","1","1","0","0","configurador","","Tallas disponibles: XS / S / M / L / XL / XXL / 3XL"
"fam-398bdef91d87","Tanga Gardenia – Aqua","Lounge EU","Moda mujer","1","1","0","0","configurador","","Tallas disponibles: XS / S / M / L / XL / XXL"
"fam-c702aa4e35f4","Tanga Gardenia – rosa","Lounge EU","Moda mujer","1","1","0","0","configurador","","Tallas disponibles: XS / M / XXL"
"fam-7164cc5db592","Tanga Grow Like a Wildflower – azul","Lounge EU","Moda mujer","1","1","0","0","configurador","","Tallas disponibles: XS / S / M / L / XL / XXL"
"fam-7d5ef8826eb1","Tanga Ilianna Intimates & Suspender Belt – amarillo","Lounge EU","Moda mujer","1","1","0","0","configurador","","Tallas disponibles: XS / S / M / L / XL"
"fam-15a0f19a7a91","Tanga Joy – amarillo","Lounge EU","Moda mujer","1","1","0","0","configurador","","Tallas disponibles: XS / S"
"fam-d0d6e448e68c","Tanga Katrina – negro","Lounge EU","Moda mujer","1","1","0","0","configurador","","Tallas disponibles: S / M / L / XL / XXL"
"fam-e2f8b9ef1e42","Tanga Light – latte","Lounge EU","Moda mujer | Menos de 10","1","1","0","0","configurador","","Tallas disponibles: XS / S / L / XL / XXL / 3XL"
"fam-7d42f2be7c9c","Tanga Light – moca","Lounge EU","Moda mujer | Menos de 10","1","1","0","0","configurador","","Tallas disponibles: XS / S / M / L / XL / XXL / 3XL"
"fam-274e196838d9","Tanga Lila – Amarillo floral","Lounge EU","Moda mujer","1","1","0","0","configurador","","Tallas disponibles: XS / S / M / L / XL / XXL"
"fam-ea1324b40894","Tanga Lucielle – Lavender rosa","Lounge EU","Moda mujer","1","1","0","0","configurador","","Tallas disponibles: XS / S / M / L"
"fam-e44dca64c7ef","Tanga Luxury – castaño","Lounge EU","Moda mujer","1","1","0","0","configurador","","Tallas disponibles: XL / XXL / 3XL"
"fam-967fe06e3f09","Tanga Luxury – miel","Lounge EU","Moda mujer","1","1","0","0","configurador","","Tallas disponibles: XL / XXL / 3XL"
"fam-224bb1610881","Tanga Luxury – negro","Lounge EU","Moda mujer","1","1","0","0","configurador","","Tallas disponibles: XXL / 3XL"
"fam-f6ac597cce48","Tanga Lyra – azul","Lounge EU","Moda mujer","1","1","0","0","configurador","","Tallas disponibles: XS / S / M / L / XXL"
"fam-cb504948897b","Tanga Marcelina Suspender & (Set – frutos rojos","Lounge EU","Moda mujer","1","1","0","0","configurador","","Tallas disponibles: XS / S / M / L / XL / XXL"
"fam-b356cb085dde","Tanga Melody – rosa","Lounge EU","Moda mujer","1","1","0","0","configurador","","Tallas disponibles: XS / S / M / L"
"fam-042a9a3c4334","Tanga Mesh Balcony – rojo","Lounge EU","Moda mujer","1","1","0","0","configurador","","Tallas disponibles: XS / S / M / L"
"fam-abe917a00677","Tanga Midnight Tropics Tie-Side Bikini – Midnight azul","Lounge EU","Moda mujer","1","1","0","0","configurador","","Tallas disponibles: XS / S / XL / XXL"
"fam-5b09c20cf681","Tanga Mosaic Bikini – Azul estampado","Lounge EU","Moda mujer","1","1","0","0","configurador","","Tallas disponibles: L / XL / XXL"
"fam-4cc35c557062","Tanga Mosaic Pierna alta Bikini – Azul estampado","Lounge EU","Moda mujer","1","1","0","0","configurador","","Tallas disponibles: M / L / XL / XXL"
"fam-2ad2674b89d3","Tanga Nurture – crema","Lounge EU","Moda mujer","1","1","0","0","configurador","","Tallas disponibles: XS / S / M"
"fam-d0dc515cd939","Tanga Oriana – Dark rosa","Lounge EU","Moda mujer","1","1","0","0","configurador","","Tallas disponibles: XS / S / M / L / XL / XXL"
"fam-cfb1ee162996","Tanga PillowSoft™ – avellana","Lounge EU","Moda mujer","1","1","0","0","configurador","","Tallas disponibles: XS / S / M / L / XL / XXL"
"fam-102e1f7ecc97","Tanga PillowSoft™ – blanco","Lounge EU","Moda mujer","2","2","0","0","configurador","Color (visual)","Color: Blanco / Negro | Tallas disponibles: XS / S / M / L / XL / XXL"
"fam-1f9c5ae9d1e1","Tanga PillowSoft™ – latte","Lounge EU","Moda mujer","1","1","0","0","configurador","","Tallas disponibles: XS / S / M / L / XL / XXL"
"fam-1d2fbfeaca14","Tanga Pointelle – estampado floral pequeño","Lounge EU","Moda mujer","1","1","0","0","configurador","","Tallas disponibles: L / XL / XXL"
"fam-da5f5a63625c","Tanga Pointelle – Gris marl","Lounge EU","Moda mujer","1","1","0","0","configurador","","Tallas disponibles: XS / S / M / L / XL / XXL"
"fam-7c5dd0a6e876","Tanga Pointelle – Marfil estampado floral","Lounge EU","Moda mujer","1","1","0","0","configurador","","Tallas disponibles: XS / M / L / XL / XXL"
"fam-31d38c0df0d1","Tanga Pointelle s (3-Pack – Neutro estampado","Lounge EU","Moda mujer","1","1","0","0","configurador","","Tallas disponibles: XS / S / M / L / XL / XXL"
"fam-10f6c0e6a4fe","Tanga Pointelle s (3-Pack – Pastel estampado","Lounge EU","Moda mujer","1","1","0","0","configurador","","Tallas disponibles: XS / S / M / L / XXL"
"fam-739595435c9f","Tanga Rêve – chocolate oscuro","Lounge EU","Moda mujer","1","1","0","0","configurador","","Tallas disponibles: XS / S / M / L / XL / XXL"
"fam-ef2a801869a6","Tanga Rêve – Crema polka dot","Lounge EU","Moda mujer","1","1","0","0","configurador","","Tallas disponibles: XS / S / M / L / XL / XXL"
"fam-a3dd53a4bd20","Tanga Reveal – Dusty rosa","Lounge EU","Moda mujer","1","1","0","0","configurador","","Tallas disponibles: XS / S / M / L / XL / XXL"
"fam-48fe920c1458","Tanga Reveal – negro","Lounge EU","Moda mujer | Destacados","3","3","0","0","configurador","Color (visual)","Color: Negro / Blanco / Rojo | Tallas disponibles: XS / S / M / L / XL / XXL"
"fam-2a57d6028794","Tanga Reveal – salvia","Lounge EU","Moda mujer","1","1","0","0","configurador","","Tallas disponibles: XS / S / M / L / XL / XXL"
"fam-fd6441ea0cef","Tanga Rosebud Acanalado – Azul floral","Lounge EU","Moda mujer | Menos de 10","3","3","0","0","configurador","Color (visual)","Color: Azul floral / Blanco floral / rosa floral"
"fam-605cb46bc71b","Tanga Rosebud Acanalado – blanco","Lounge EU","Moda mujer | Menos de 10","2","2","0","0","configurador","Color (visual)","Color: Blanco / Negro | Tallas disponibles: XS / S / M / L / XL / XXL / 3XL"
"fam-60358f6d4964","Tanga Rosie – Blanco floral","Lounge EU","Moda mujer","1","1","0","0","configurador","","Tallas disponibles: XS / S / M / L / XL / XXL"
"fam-f1df5193eb56","Tanga Sadie – negro","Lounge EU","Moda mujer","1","1","0","0","configurador","","Tallas disponibles: XS / S / M / L / XL / XXL"
"fam-19d83f07a5df","Tanga Scandal – azul","Lounge EU","Moda mujer","1","1","0","0","configurador","","Tallas disponibles: M / L / XL / XXL"
"fam-6c438c65e64c","Tanga Seduce – blanco","Lounge EU","Moda mujer | Destacados","2","2","0","0","configurador","Color (visual)","Color: Blanco / Negro | Tallas disponibles: XS / S / M / L / XL / XXL / 3XL"
"fam-73982c30662f","Tanga Seduce – chocolate","Lounge EU","Moda mujer","1","1","0","0","configurador","","Tallas disponibles: XS / S / M / L / XL / XXL"
"fam-6f86054c5e6a","Tanga Serenity – blanco","Lounge EU","Moda mujer","1","1","0","0","configurador","","Tallas disponibles: XS / S / M / L / XL / XXL"
"fam-e065c731fd4e","Tanga Sin costuras – blanco","Lounge EU","Moda mujer","2","2","0","0","configurador","Color (visual)","Color: Blanco / Negro"
"fam-bacf707dced1","Tanga Sin costuras Bonded s (3-Pack – castaño","Lounge EU","Moda mujer","1","1","0","0","configurador","","Tallas disponibles: XS / S / M / L / XL / XXL"
"fam-a12a5a8eb3aa","Tanga Sin costuras Bonded s (3-Pack – miel","Lounge EU","Moda mujer","1","1","0","0","configurador","","Tallas disponibles: M / L / XL / XXL"
"fam-e8d9c018b581","Tanga Sin costuras Bonded s (3-Pack – negro","Lounge EU","Moda mujer","1","1","0","0","configurador","","Tallas disponibles: XL / XXL"
"fam-55402efd9a7f","Tanga Smooth Mesh – castaño","Lounge EU","Moda mujer | Menos de 10","1","1","0","0","configurador","","Tallas disponibles: XXL / 3XL"
"fam-e86de55da3c3","Tanga Smooth Mesh – Taupe","Lounge EU","Moda mujer | Menos de 10","2","2","0","0","configurador","Color (visual)","Color: Topo / Negro"
"fam-8c501adb1304","Tanga Snowflake s (2-Pack – Rojo/blanco","Lounge EU","Moda mujer | Menos de 10","1","1","0","0","configurador","","Tallas disponibles: L / XL / XXL"
"fam-6b2f33e5893e","Tanga Solene – amarillo","Lounge EU","Moda mujer","1","1","0","0","configurador","","Tallas disponibles: XS / M / L / XL / XXL"
"fam-6855c3c9dc45","Tanga Strappy Encaje – blanco","Lounge EU","Moda mujer","2","2","0","0","configurador","Color (visual)","Color: Blanco / Negro | Tallas disponibles: XS / S / M / L / XL / XXL"
"fam-fe922d95be2c","Tanga Strappy Pointelle – Avena marl","Lounge EU","Moda mujer","1","1","0","0","configurador","","Tallas disponibles: XS / S / M / L / XL / XXL"
"fam-4a27ed7ef0d2","Tanga Strappy Pointelle – Marrón estampado floral","Lounge EU","Moda mujer","1","1","0","0","configurador","","Tallas disponibles: XS / S / M / L / XL / XXL"
"fam-f94d65ca7fa0","Tanga Sunstripe Bikini – Retro stripe","Lounge EU","Moda mujer","1","1","0","0","configurador","","Tallas disponibles: L / XL"
"fam-4c2b99b97c38","Tanga Tempt – negro","Lounge EU","Moda mujer","2","2","0","0","configurador","Color (visual)","Color: Negro / Rojo"
"fam-23ed74e86f66","Tanga Thalia Babydoll (Set – verde","Lounge EU","Moda mujer","1","1","0","0","configurador","","Tallas disponibles: XS / S / M / L / XL / XXL"
"fam-0328f0a990a5","Tanga triangular Bambú – avena","Lounge EU","Moda mujer | Menos de 10","1","1","0","0","configurador","","Tallas disponibles: XS / XXL / 3XL"
"fam-f062724fe99c","Tanga triangular Bambú – azul claro","Lounge EU","Moda mujer","1","1","0","0","configurador","","Tallas disponibles: XS / S / M / L / XL"
"fam-08813001d00c","Tanga triangular Bambú – azul marino","Lounge EU","Moda mujer","1","1","0","0","configurador","","Tallas disponibles: XS / S / M / L / XL / XXL"
"fam-d31381d39af5","Tanga triangular Bambú – Burgundy","Lounge EU","Moda mujer","1","1","0","0","configurador","","Tallas disponibles: XS / S / M / L / XL"
"fam-4a7ed9368180","Tanga triangular Bambú – Coffee","Lounge EU","Moda mujer","1","1","0","0","configurador","","Tallas disponibles: XS / S / M / L / XL / XXL / 3XL"
"fam-03ad7b0db9a2","Tanga triangular Bambú – negro total","Lounge EU","Moda mujer","2","2","0","0","configurador","Color (visual)","Color: blanco total / negro total"
"fam-e1144eabc587","Tanga triangular Bambú – oliva","Lounge EU","Moda mujer | Menos de 10","1","1","0","0","configurador","","Tallas disponibles: XXL / 3XL"
"fam-2654219322ea","Tanga triangular Bambú – Pine verde","Lounge EU","Moda mujer","1","1","0","0","configurador","","Tallas disponibles: XS / S / M / L / XXL"
"fam-da0cbfecab7e","Tanga triangular Encaje – Alpine verde","Lounge EU","Moda mujer","1","1","0","0","configurador","","Tallas disponibles: XS / S / M / L / XL / XXL"
"fam-93d4d3ed8847","Tanga triangular Encaje – azul","Lounge EU","Moda mujer","3","3","0","0","configurador","Color (visual)","Color: Azul / Blanco / Negro"
"fam-5bb7ddedf1cb","Tanga triangular Encaje – granate","Lounge EU","Moda mujer","1","1","0","0","configurador","","Tallas disponibles: XS / S / M / L / XL"
"fam-ad3c003309f5","Tanga Tulip – rosa floral","Lounge EU","Moda mujer","1","1","0","0","configurador","","Tallas disponibles: XS / S / M / L / XL / XXL"
"fam-729bc387c42b","Tanga Valentina (Set – vino","Lounge EU","Moda mujer","1","1","0","0","configurador","","Tallas disponibles: XS / S / M / L / XL / XXL"
"fam-489cb2b303d8","Tanga Your Everyday – latte","Lounge EU","Moda mujer","1","1","0","0","configurador","","Tallas disponibles: XS / S / M / L / XL / XXL / 3XL"
"fam-f2063afe4815","Tanga Your Everyday – moca","Lounge EU","Moda mujer","1","1","0","0","configurador","","Tallas disponibles: XS / S / M / L / XL / XXL / 3XL"
"fam-5243810c2ea4","Tanga Your Everyday – negro","Lounge EU","Moda mujer","1","1","0","0","configurador","","Tallas disponibles: XS / S / M / L / XL / XXL / 3XL"
"fam-8e97dc5b1db1","Tanga Zalia – negro","Lounge EU","Moda mujer","1","1","0","0","configurador","","Tallas disponibles: XS / S / M / L / XL / XXL"
"fam-caa3c9fdb1c8","Top Acanalado Short-Sleeve Pyjama – Blanco floral","Lounge EU","Moda mujer","1","1","0","0","configurador","","Tallas disponibles: XS / M / L / XL / XXL"
"fam-c9e954febc8f","Top Algodón Blend Long Sleeve – Gris marl","Lounge EU","Moda mujer","1","1","0","0","configurador","","Tallas disponibles: L / XL / XXL / 3XL"
"fam-2f2c7a106fe4","Top Algodón Blend Short Sleeve – Gris marl","Lounge EU","Moda mujer","1","1","0","0","configurador","","Tallas disponibles: XS / S / M / L / XL / XXL / 3XL"
"fam-b50f29897307","Top Algodón Blend Short Sleeve – negro","Lounge EU","Moda mujer","1","1","0","0","configurador","","Tallas disponibles: XS / S / M / L / XL / XXL / 3XL"
"fam-46f418fa7b52","Top Bloom & Stripe Cami Pyjama – rosa","Lounge EU","Moda mujer","1","1","0","0","configurador","","Tallas disponibles: XS / S / M / L / XL"
"fam-e9a7dba02a77","Top Bloom & Stripe Cami Pyjama – salvia","Lounge EU","Moda mujer","1","1","0","0","configurador","","Tallas disponibles: XS / M / L / XL"
"fam-b3c0506b0430","Top Bordado Punto – crema","Lounge EU","Moda mujer","1","1","0","0","configurador","","Tallas disponibles: XS / L / XL / XXL"
"fam-181279db5838","Top Classic Fitted – Ash gris","Lounge EU","Moda mujer","1","1","0","0","configurador","","Tallas disponibles: XS / S / M / XL / XXL / 3XL"
"fam-69cc9b945bc7","Top Classic Fitted – Ink azul","Lounge EU","Moda mujer","1","1","0","0","configurador","","Tallas disponibles: XS / S / M / XL / XXL / 3XL"
"fam-58bfe78898a2","Top Classic Fitted – negro","Lounge EU","Moda mujer","1","1","0","0","configurador","","Tallas disponibles: XS / S / M / XL / XXL / 3XL"
"fam-bf85aa5da010","Top Encaje Vest Pyjama – blanco","Lounge EU","Moda mujer","1","1","0","0","configurador","","Tallas disponibles: XS / S / M / L / XL / XXL / 3XL"
"fam-78d66eb8f32d","Top Encaje Vest Pyjama – Verde stripe","Lounge EU","Moda mujer","1","1","0","0","configurador","","Tallas disponibles: XXL / 3XL"
"fam-7e4ceff32680","Top Layered Tank – blanco","Lounge EU","Moda mujer","1","1","0","0","configurador","","Tallas disponibles: M / L / XL / XXL"
"fam-c7b6f6f9cda1","Top Modal Cami Pyjama – Azul fruits","Lounge EU","Moda mujer","2","2","0","0","configurador","Color (visual)","Color: Azul fruits / Blanco fruits | Tallas disponibles: L / XL / XXL"
"fam-1cec86ed5aac","Top Monaco Bandeau Bikini – negro","Lounge EU","Moda mujer","1","1","0","0","configurador","","Tallas disponibles: XS / S"
"fam-2833104ccbf4","Top Monaco Triangle Bikini – chocolate","Lounge EU","Moda mujer","1","1","0","0","configurador","","Tallas disponibles: XS / S"
"fam-159859c061d5","Top Monaco Triangle Bikini – negro","Lounge EU","Moda mujer","1","1","0","0","configurador","","Tallas disponibles: XS / S"
"fam-ee9ec7695b74","Top Pointelle Cami Pyjama – Azul boat estampado","Lounge EU","Moda mujer","1","1","0","0","configurador","","Tallas disponibles: XS / S / M / L / XL"
"fam-c533bd15d980","Top Pointelle Cami Pyjama – Buttercup amarillo","Lounge EU","Moda mujer","1","1","0","0","configurador","","Tallas disponibles: L / XL / XXL"
"fam-f27e75f0a066","Top Pointelle Cami Pyjama – crema","Lounge EU","Moda mujer","1","1","0","0","configurador","","Tallas disponibles: L / XL / XXL"
"fam-bfdf00bc1f6f","Top Pointelle Cami Pyjama – Lila floral","Lounge EU","Moda mujer","1","1","0","0","configurador","","Tallas disponibles: M / L / XL / XXL / 3XL"
"fam-52009d323b11","Top Pointelle Cami Pyjama – rosa floral","Lounge EU","Moda mujer","2","2","0","0","configurador","Color (visual)","Color: rosa floral / Blanco floral"
"fam-7974f8f34ef3","Top Pointelle Fitted Pyjama – Azul floral","Lounge EU","Moda mujer","1","1","0","0","configurador","","Tallas disponibles: XS / L / XL"
"fam-810f0c46f479","Top Pointelle Strappy Pyjama – blanco","Lounge EU","Moda mujer","2","2","0","0","configurador","Color (visual)","Color: Blanco / Rosa | Tallas disponibles: M / L / XL / XXL / 3XL"
"fam-a18d41b25d78","Top Polo Vest – crema","Lounge EU","Moda mujer","1","1","0","0","configurador","","Tallas disponibles: XS / S / M / L / XL / XXL"
"fam-88c0755318f2","Top Punto Button Down – Avena marl","Lounge EU","Moda mujer","1","1","0","0","configurador","","Tallas disponibles: M / L / XL"
"fam-3c1c15b40191","Top Punto Button Down – Beige stripe","Lounge EU","Moda mujer","1","1","0","0","configurador","","Tallas disponibles: L / XL / XXL"
"fam-8f280779c2d4","Top Punto Polo – camel","Lounge EU","Moda mujer","1","1","0","0","configurador","","Tallas disponibles: XL / XXL"
"fam-1b3533f786a5","Top Punto Polo – rosa","Lounge EU","Moda mujer","1","1","0","0","configurador","","Tallas disponibles: XL / XXL"
"fam-937fc267c5ec","Top Soft Tejido waffle Pyjama – chocolate oscuro","Lounge EU","Moda mujer | Destacados","1","1","0","0","configurador","","Tallas disponibles: XS / S / M / L / XL / XXL"
"fam-89c5c70be3ff","Top Soft Tejido waffle Pyjama – crema","Lounge EU","Moda mujer","2","2","0","0","configurador","Color (visual)","Color: Crema / Rosa"
"fam-8b643979ccb5","Top Soft Tejido waffle Pyjama – Frost","Lounge EU","Moda mujer","1","1","0","0","configurador","","Tallas disponibles: M / L / XL"
"fam-65c0e1a4237e","Top Soft Tejido waffle Pyjama – visón","Lounge EU","Moda mujer","1","1","0","0","configurador","","Tallas disponibles: M / L / XL / XXL"
"fam-807515d4e75f","Top Transparente Punto Polo – crema","Lounge EU","Moda mujer","1","1","0","0","configurador","","Tallas disponibles: XS / M / L / XL / XXL"
"fam-2eff426ea9c4","Vestido largo Aurora Estampado Satén – estampado floral","Lounge EU","Moda mujer","1","1","0","0","configurador","","Tallas disponibles: 10 / 12"
"fam-bd5be05fe8b0","Vestido largo Bordado Encaje-Up – Buttercream","Lounge EU","Moda mujer","1","1","0","0","configurador","","Tallas disponibles: 6 / 8 / 10 / 12 / 14 / 16"
"fam-90f0b6d28943","Vestido largo Bordado Encaje-Up – limón","Lounge EU","Moda mujer","1","1","0","0","configurador","","Tallas disponibles: 6 / 8 / 10 / 12 / 14"
"fam-c42931c2b913","Vestido largo Bordado Encaje-Up – verde","Lounge EU","Moda mujer","1","1","0","0","configurador","","Tallas disponibles: 6 / 8 / 10 / 12 / 14"
"fam-d6f4dde3e1ff","Vestido largo Broderie – azul","Lounge EU","Moda mujer","1","1","0","0","configurador","","Tallas disponibles: 6 / 8 / 10 / 12"
"fam-dbb0672bdb21","Vestido largo Broderie & Encaje – blanco","Lounge EU","Moda mujer","1","1","0","0","configurador","","Tallas disponibles: 6 / 10 / 12 / 14 / 16"
"fam-e61edf30fc77","Vestido lencero Arabella Encaje (Set – negro","Lounge EU","Moda mujer","1","1","0","0","configurador","","Tallas disponibles: XS / S / M / L / XL / XXL"
"fam-d297144d449f","Vestido lencero Elina – azul","Lounge EU","Moda mujer","1","1","0","0","configurador","","Tallas disponibles: XS / S / S+ / M"
"fam-d02528f8ffeb","Vestido lencero Zalia (Set – negro","Lounge EU","Moda mujer","1","1","0","0","configurador","","Tallas disponibles: XS / S / M / L / XL / XXL"
"fam-ea118310b2cf","Vestido Structured Blazer – chocolate","Lounge EU","Moda mujer","1","1","0","0","configurador","","Tallas disponibles: 6 / 10 / 12 / 14"
"fam-5a5c006f5478","Vestido Tejido waffle ing Gown – blanco","Lounge EU","Moda mujer","1","1","0","0","configurador","","Tallas disponibles: XS-S / M-L / XL-XXL"
"fam-1bbd7dcc236c","Vestido Tejido waffle ing Gown – visón","Lounge EU","Moda mujer","1","1","0","0","configurador","","Tallas disponibles: XS-S / M-L"
"fam-984bccc37dbf","Zapatillas de casa Poppy Ballet – Ecru","Lounge EU","Accesorios mujer","1","1","0","0","configurador","","Tallas disponibles: 4 / 5 / 6 / 7 / 8"
"fam-1b13f242f5cf","Zapatillas de casa Poppy Ballet – gris","Lounge EU","Accesorios mujer","1","1","0","0","configurador","","Tallas disponibles: 4 / 5 / 6 / 7 / 8"
"fam-8e9ce9269430","Zapatillas de casa Scarlett – Taupe","Lounge EU","Accesorios mujer","2","2","0","0","configurador","Color (visual)","Color: Topo / Crema"
"fam-912ab7cff021","KAWOLA ADELIA","Muebles Style Spain","Hogar | Almacenaje","2","2","0","0","configurador","Medida (buttons)","Medida: 30.0 x 100.0 x 27.0cm / 30.0 x 100.0 x 80.0cm"
"fam-2b52ef946d30","KAWOLA ADORA","Muebles Style Spain","Hogar | Almacenaje","2","2","0","0","configurador","Medida (buttons)","Medida: 30.0 x 100.0 x 27.0cm / 30.0 x 100.0 x 80.0cm"
"fam-24ae8bcd2d98","KAWOLA ADRIANA","Muebles Style Spain","Hogar | Sofás","4","4","0","0","configurador","Color (visual) | Color o diseño (visual)","Color: Gris claro / Antracita | Color o diseño: Diseño 1 / Diseño 2"
"fam-988297f06bf0","KAWOLA AIDY","Muebles Style Spain","Hogar | Mesas y escritorios","3","3","0","0","configurador","Color o diseño (visual) | Medida (buttons)","Color o diseño: Diseño 1 / Diseño 2 | Medida: 35.0 x 44.0 x 45.0cm / 30.0 x 30.0 x 100.0cm"
"fam-1c7a19d20144","KAWOLA ALEA","Muebles Style Spain","Hogar | Bancos, pufs y reposapiés","20","20","0","0","configurador","Color (visual) | Medida (buttons)","Color: Gris / Azul claro / Gris claro / Blanco crema / Rosa / Topo / Verde oliva / Gris piedra / Óxido / Esmeralda | Medida: 66.0 x 66.0 x 40.0cm / 86.0 x 86.0 x 38.0cm"
"fam-10b4ef83ebd7","KAWOLA ALINA","Muebles Style Spain","Hogar | Sillas y sillones","8","8","0","0","configurador","Color (visual) | Color o diseño (visual)","Color: Mostaza / Blanco / Rojo / Blanco crema | Color o diseño: Diseño 1 / Diseño 2"
"fam-1dd122383ee4","KAWOLA ALIOTTA","Muebles Style Spain","Hogar | Camas y colchones","16","8","8","0","configurador","Color (visual) | Medida (buttons)","Color: Blanco crema / Gris | Medida: 226.0 x 169.0 x 96.0cm / 226.0 x 189.0 x 96.0cm / 226.0 x 207.0 x 96.0cm / 226.0 x 229.0 x 96.0cm"
"fam-29f8e034368b","KAWOLA AMALIA","Muebles Style Spain","Hogar | Sillas y sillones","2","2","0","0","configurador","Color (visual)","Color: Gris / Negro"
"fam-da65e555aaab","KAWOLA AMERIVA","Muebles Style Spain","Hogar | Sillas y sillones","36","22","14","0","configurador","Color (visual) | Medida (buttons) | Tejido o material (buttons)","Color: Esmeralda / Morado / Verde oliva / Plata / Gris / Curry / Negro / Blanco / Beige / Verde / Antracita / Rosa | Medida: 158.0 x 80.0 x 110.0cm / 158.0 x 120.0 x 110.0cm / 158.0 x 120.0 x 113.0cm | Tejido o material: Terciopelo / Pana"
"fam-259df16a1b60","KAWOLA AMINA","Muebles Style Spain","Hogar | Sofás","4","4","0","0","configurador","Color (visual)","Color: Blanco crema / Topo / Coñac / Verde"
"fam-4d21536537b9","KAWOLA AMUR","Muebles Style Spain","Hogar | Jardín y terraza","2","2","0","0","configurador","Color (visual)","Color: En tonos crema / Gris"
"fam-7742181bef1e","KAWOLA AMUR","Muebles Style Spain","Hogar | Jardín y terraza","2","2","0","0","configurador","Color (visual)","Color: En tonos crema / Gris"
"fam-fc70a2c6dd0c","KAWOLA ANISSA","Muebles Style Spain","Hogar | Sofás","8","8","0","0","configurador","Color (visual) | Color o diseño (visual)","Color: Amarillo / Verde / Marrón óxido / Blanco crema | Color o diseño: Diseño 1 / Diseño 2"
"fam-71bcd627e767","KAWOLA ANJO","Muebles Style Spain","Hogar | Almacenaje","2","2","0","0","configurador","Medida (buttons)","Medida: 40.0 x 150.0 x 85.0cm / 40.0 x 180.0 x 85.0cm"
"fam-ce73c1237282","KAWOLA ANNY","Muebles Style Spain","Hogar | Camas y colchones","72","72","0","0","configurador","Color (visual) | Medida (buttons) | Tejido o material (buttons)","Color: Morado / Verde oliva / Plata / Gris / Petróleo / Gris claro / Negro / Blanco | Medida: 234.0 x 176.0 x 111.0cm / 234.0 x 196.0 x 111.0cm / 234.0 x 216.0 x 111.0cm / 234.0 x 176.0 x 146.0cm / 234.0 x 236.0 x 111.0cm / 234.0 x 196.0 x 146.0cm / 234.0 x 216.0 x 146.0cm / 234.0 x 236.0 x 146.0cm | Tejido o material: Terciopelo / Piel"
"fam-6474ed83c08a","KAWOLA ARBORIO","Muebles Style Spain","Hogar | Mesas y escritorios","17","6","11","0","configurador","Medida (buttons)","Medida: 100.0 x 200.0 x 78.0cm / 100.0 x 220.0 x 78.0cm / 100.0 x 240.0 x 78.0cm / 100.0 x 260.0 x 78.0cm / 100.0 x 280.0 x 78.0cm / 100.0 x 300.0 x 78.0cm"
"fam-5619bc14fcba","KAWOLA ARELLA","Muebles Style Spain","Hogar | Sillas y sillones","2","2","0","0","configurador","Color (visual)","Color: Blanco crema / Verde"
"fam-fbed6c84d712","KAWOLA ARLY","Muebles Style Spain","Hogar | Sillas y sillones","4","4","0","0","configurador","Color (visual)","Color: Petróleo / Negro / Gris / Coñac"
"fam-67816dc3ea66","KAWOLA ARLY","Muebles Style Spain","Hogar | Sofás","4","4","0","0","configurador","Color (visual)","Color: Petróleo / Coñac / Gris / Negro"
"fam-1bbc35236ee0","KAWOLA ATTICO","Muebles Style Spain","Hogar | Camas y colchones","8","8","0","0","configurador","Color o diseño (visual) | Medida (buttons)","Color o diseño: Diseño 1 / Diseño 2 | Medida: 267.0 x 198.0 x 111.0cm / 267.0 x 218.0 x 111.0cm / 267.0 x 238.0 x 111.0cm / 267.0 x 258.0 x 111.0cm"
"fam-38b8a175a6cd","KAWOLA AVRIL","Muebles Style Spain","Hogar | Almacenaje","2","2","0","0","configurador","Color (visual)","Color: Marrón / Gris"
"fam-de88cc49aeb9","KAWOLA AVRIL","Muebles Style Spain","Hogar | Almacenaje","2","2","0","0","configurador","Color (visual)","Color: Marrón / Gris"
"fam-d8f40684eab8","KAWOLA AVRIL","Muebles Style Spain","Hogar | Almacenaje","2","2","0","0","configurador","Color (visual)","Color: Marrón / Gris"
"fam-9d7257b204a1","KAWOLA BARO","Muebles Style Spain","Hogar | Sillas y sillones","8","8","0","0","configurador","Color (visual) | Medida (buttons)","Color: Blanco / Gris / Rosa / Verde | Medida: 65.0 x 54.0 x 86.0cm / 65.0 x 59.0 x 86.0cm"
"fam-623abf0bc4b3","KAWOLA BERTINI","Muebles Style Spain","Hogar | Camas y colchones","6","6","0","0","configurador","Color (visual) | Medida (buttons)","Color: Crema / Verde | Medida: 232.0 x 213.0 x 147.0cm / 232.0 x 232.0 x 147.0cm / 232.0 x 254.0 x 147.0cm"
"fam-21864d9a7e9c","KAWOLA BISA","Muebles Style Spain","Hogar | Sillas y sillones","11","11","0","0","configurador","Color (visual) | Medida (buttons) | Tejido o material (buttons)","Color: Gris / Azul claro / Gris claro / Blanco crema / Rosa / Topo / Verde oliva / Gris piedra / Óxido / Esmeralda | Medida: 81.0 x 82.0 x 102.0cm / 82.0 x 81.0 x 102.0cm | Tejido o material: Pana / Piel"
"fam-7af50c4f9ade","KAWOLA BLOOM","Muebles Style Spain","Hogar | Sofás","8","8","0","0","configurador","Color (visual) | Color o diseño (visual)","Color: Coñac / Camello / Marrón oscuro / Gris claro | Color o diseño: Diseño 1 / Diseño 2"
"fam-4405929e817c","KAWOLA BODHI","Muebles Style Spain","Hogar | Sofás","4","4","0","0","configurador","Color (visual) | Tejido o material (buttons)","Color: Rosa / Blanco crema / negra / Marrón claro | Tejido o material: Pana / Piel"
"fam-d8356efe3ae2","KAWOLA BRITTO","Muebles Style Spain","Hogar | Sillas y sillones","2","2","0","0","configurador","Color (visual)","Color: Topo / Blanco crema"
"fam-84f742461cbf","KAWOLA CADY","Muebles Style Spain","Hogar | Sofás","2","2","0","0","configurador","Color (visual)","Color: Blanco crema / Topo"
"fam-f6ac3f3d9319","KAWOLA CALEBRE","Muebles Style Spain","Hogar | Textiles y cojines","3","3","0","0","configurador","Color (visual)","Color: Platino / Negro / Marfil"
"fam-1a07ad4ed8dc","KAWOLA CALI","Muebles Style Spain","Hogar | Sillas y sillones","2","2","0","0","configurador","Color (visual)","Color: Topo / Crema"
"fam-916d295940d8","KAWOLA CALLA","Muebles Style Spain","Hogar | Sofás","2","2","0","0","configurador","Color o diseño (visual)","Color o diseño: Diseño 1 / Diseño 2"
"fam-a0c51606e1dc","KAWOLA CANE","Muebles Style Spain","Hogar | Sofás","6","6","0","0","configurador","Color (visual) | Color o diseño (visual) | Medida (buttons)","Color: Gris / Lila | Color o diseño: Diseño 1 / Diseño 2 | Medida: 100.0 x 210.0 x 80.0cm / 210.0 x 310.0 x 80.0cm"
"fam-1308e372a4ab","KAWOLA CARA","Muebles Style Spain","Hogar | Sillas y sillones","8","8","0","0","configurador","Color (visual)","Color: Antracita / Gris / Verde oliva / Blanco / Beige / Verde / Plata / Rosa"
"fam-cffb2927b09f","KAWOLA CARA","Muebles Style Spain","Hogar | Sofás","20","10","10","0","configurador","Color (visual)","Color: Gris claro / Blanco crema / Topo / Rosa / Azul claro / Gris / Verde oliva / Gris piedra / Óxido / Esmeralda"
"fam-ae0350fd2f8b","KAWOLA CARA","Muebles Style Spain","Hogar | Sofás","20","10","10","0","configurador","Color (visual)","Color: Gris / Azul claro / Gris claro / Blanco crema / Rosa / Topo / Esmeralda / Óxido / Gris piedra / Verde oliva"
"fam-a0fc4f323985","KAWOLA CARLO","Muebles Style Spain","Hogar | Camas y colchones","52","52","0","0","configurador","Color (visual) | Medida (buttons)","Color: Gris claro / Blanco crema / Gris / Gris piedra / Antracita / Topo / Rosa / Verde oliva / Marrón / Azul claro / Gris oscuro / Azul oscuro / Negro | Medida: 230.0 x 182.0 x 91.0cm / 230.0 x 202.0 x 91.0cm / 230.0 x 222.0 x 91.0cm / 230.0 x 242.0 x 91.0cm"
"fam-0fe113de452c","KAWOLA CARMO","Muebles Style Spain","Hogar | Bancos, pufs y reposapiés","5","5","0","0","configurador","Color (visual)","Color: Blanco / Beige / Gris / Amarillo / Crema"
"fam-d999e6e0fad9","KAWOLA CARMO","Muebles Style Spain","Hogar | Sofás","18","18","0","0","configurador","Color (visual) | Medida (buttons) | Tejido o material (buttons)","Color: Blanco / Beige / Verde / Verde oliva / Plata / Antracita / Gris / Rosa / Marrón / Topo | Medida: 118.0 x 306.0 x 68.0cm / 118.0 x 266.0 x 68.0cm / 118.0 x 366.0 x 68.0cm | Tejido o material: Pana / Piel"
"fam-af959e04dbdb","KAWOLA CARMO","Muebles Style Spain","Hogar | Sofás","20","5","15","0","configurador","Color (visual)","Color: Blanco / Beige / Gris / Amarillo / Crema"
"fam-a8a8b060951c","KAWOLA CATAVI","Muebles Style Spain","Hogar | Iluminación","2","2","0","0","configurador","Medida (buttons)","Medida: 70.0 x 70.0 x 150.0cm / 35.0 x 170.0 x 150.0cm"
"fam-4e19c12f96c3","KAWOLA CATTURA","Muebles Style Spain","Hogar | Camas y colchones","16","8","8","0","configurador","Color (visual) | Medida (buttons)","Color: Crema / Gris | Medida: 226.0 x 169.0 x 115.0cm / 226.0 x 189.0 x 115.0cm / 226.0 x 211.0 x 115.0cm / 226.0 x 232.0 x 115.0cm"
"fam-71260fe578e0","KAWOLA CAVAL","Muebles Style Spain","Hogar | Sillas y sillones","4","4","0","0","configurador","Color (visual)","Color: Marrón / Gris claro / Gris oscuro / Negro"
"fam-7d32548a6f3a","KAWOLA CELESTE","Muebles Style Spain","Hogar | Bancos, pufs y reposapiés","4","4","0","0","configurador","Color (visual)","Color: Gris / Coñac / Marrón oscuro / Camello"
"fam-9ef987ffe1d1","KAWOLA CELESTE","Muebles Style Spain","Hogar | Sofás","22","11","11","0","configurador","Color (visual) | Tejido o material (buttons)","Color: Topo / Gris claro / Blanco crema / Gris / Antracita / Negro / Coñac / Marrón oscuro / Camello | Tejido o material: Pana / Tejido de fibras de cuero / Piel"
"fam-0f5bc77d2ede","KAWOLA CHARME","Muebles Style Spain","Hogar | Bancos, pufs y reposapiés","68","68","0","0","configurador","Color (visual) | Medida (buttons) | Tejido o material (buttons)","Color: Gris / Verde oliva / Plata / Esmeralda / Negro / Piedra / Morado / Curry / Azul claro / Gris claro / Blanco crema / Rosa / Topo / Gris piedra / Óxido | Medida: 69.0 x 166.0 x 85.0cm / 69.0 x 186.0 x 85.0cm / 68.0 x 166.0 x 85.0cm / 69.0 x 206.0 x 85.0cm / 68.0 x 186.0 x 85.0cm / 69.0 x 246.0 x 85.0cm / 68.0 x 206.0 x 85.0cm / 68.0 x 246.0 x 85.0cm | Tejido o material: Pana / Terciopelo"
"fam-6b40e10a6c1d","KAWOLA CHARME","Muebles Style Spain","Hogar | Bancos, pufs y reposapiés","20","20","0","0","configurador","Color (visual) | Medida (buttons)","Color: Gris / Azul claro / Gris claro / Blanco crema / Rosa / Topo / Verde oliva / Gris piedra / Óxido / Esmeralda | Medida: 60.0 x 90.0 x 45.0cm / 70.0 x 120.0 x 45.0cm"
"fam-8a078bd9dddd","KAWOLA CHARME","Muebles Style Spain","Hogar | Sillas y sillones","15","15","0","0","configurador","Color (visual) | Tejido o material (buttons)","Color: Plata / Piedra / Negro / Verde oliva / Esmeralda / Topo / Rosa / Blanco crema / Azul claro / Gris claro / Gris / Gris piedra / Óxido | Tejido o material: Terciopelo / Pana"
"fam-32892866596e","KAWOLA CHARME","Muebles Style Spain","Hogar | Sillas y sillones","20","10","10","0","configurador","Color (visual)","Color: Gris / Azul claro / Gris claro / Blanco crema / Rosa / Topo / Verde oliva / Gris piedra / Óxido / Esmeralda"
"fam-4451881bd766","KAWOLA CHARME","Muebles Style Spain","Hogar | Sillas y sillones","40","20","20","0","configurador","Color (visual) | Medida (buttons) | Tejido o material (buttons)","Color: Morado / Curry / Piedra / Plata / Negro / Verde oliva / Esmeralda / Gris rosado / Arena / Blanco / Gris / Azul claro / Gris claro / Blanco crema / Rosa / Topo / Gris piedra / Óxido | Medida: 66.0 x 52.0 x 87.0cm / 66.0 x 59.0 x 87.0cm | Tejido o material: Terciopelo / Pana"
"fam-35987ea58d5c","KAWOLA CHARME","Muebles Style Spain","Hogar | Sofás","55","55","0","0","configurador","Color (visual) | Medida (buttons) | Tejido o material (buttons)","Color: Verde musgo / Oro / Verde oliva / Gris piedra / Gris / Azul claro / Gris claro / Blanco crema / Rosa / Topo / Óxido / Esmeralda / Negro / Plata / Piedra / Curry / Morado / Gris rosado / Arena | Medida: 87.0 x 220.0 x 77.0cm / 95.0 x 175.0 x 94.0cm / 95.0 x 200.0 x 94.0cm / 95.0 x 225.0 x 94.0cm | Tejido o material: Terciopelo / Pana"
"fam-c8a43f196a8d","KAWOLA CHARME","Muebles Style Spain","Hogar | Sofás","30","30","0","0","configurador","Color (visual) | Medida (buttons)","Color: Gris / Azul claro / Gris claro / Blanco crema / Rosa / Topo / Verde oliva / Gris piedra / Óxido / Esmeralda | Medida: 95.0 x 175.0 x 94.0cm / 95.0 x 200.0 x 94.0cm / 95.0 x 225.0 x 94.0cm"
"fam-5b6bc472420a","KAWOLA CINE","Muebles Style Spain","Hogar | Sofás","2","2","0","0","configurador","Color (visual)","Color: Blanco crema / Marrón"
"fam-0361b97a6e1e","KAWOLA CLARA","Muebles Style Spain","Hogar | Sillas y sillones","2","2","0","0","configurador","Color (visual)","Color: Gris / Antracita"
"fam-7a53fcda0e5b","KAWOLA COPAS","Muebles Style Spain","Hogar | Almacenaje","3","3","0","0","configurador","Medida (buttons)","Medida: 40.0 x 150.0 x 85.0cm / 40.0 x 140.0 x 85.0cm / 40.0 x 180.0 x 85.0cm"
"fam-2bd33121ef80","KAWOLA DAMETO","Muebles Style Spain","Hogar | Sofás","10","10","0","0","configurador","Color (visual) | Color o diseño (visual)","Color: Blanco / Marrón / Gris / Rosa / Azul claro | Color o diseño: Diseño 1 / Diseño 2"
"fam-cc2c72355acf","KAWOLA DANI","Muebles Style Spain","Hogar | Sillas y sillones","5","5","0","0","configurador","Color (visual) | Color o diseño (visual) | Medida (buttons)","Color: Gris / Azul | Color o diseño: Diseño 1 / Diseño 2 | Medida: 52.0 x 60.0 x 79.0cm / 54.5 x 60.0 x 81.0cm"
"fam-4c33ffb50ee6","KAWOLA DARI","Muebles Style Spain","Hogar | Mesas y escritorios","6","6","0","0","configurador","Color (visual) | Medida (buttons)","Color: Cobre / Oro | Medida: 33.0 x 38.0 x 60.0cm / 42.0 x 50.0 x 55.0cm / 42.0 x 53.0 x 50.0cm"
"fam-87fc4a29269f","KAWOLA DELIA","Muebles Style Spain","Hogar | Sofás","112","25","87","0","configurador","Color (visual) | Medida (buttons)","Color: Blanco / Rosa / Antracita / Verde / Verde oliva / Beige / Plata / Gris / Azul claro / Gris claro / Blanco crema / Topo / Gris piedra / Óxido / Esmeralda | Medida: 219.0 x 276.0 x 74.0cm / 219.0 x 312.0 x 74.0cm"
"fam-3c5f92997106","KAWOLA DEON","Muebles Style Spain","Hogar | Sillas y sillones","5","5","0","0","configurador","Color (visual) | Tejido o material (buttons)","Color: Blanco crema / Gris / Negro | Tejido o material: Tejido / Terciopelo"
"fam-ed05827e6e63","KAWOLA DORI","Muebles Style Spain","Hogar | Sofás","2","2","0","0","configurador","Color o diseño (visual)","Color o diseño: Diseño 1 / Diseño 2"
"fam-0893993e29f3","KAWOLA DUMA","Muebles Style Spain","Hogar | Cocina y comedor","2","2","0","0","configurador","Color o diseño (visual)","Color o diseño: Diseño 1 / Diseño 2"
"fam-e2117cbc47e9","KAWOLA EDENIA","Muebles Style Spain","Hogar | Sillas y sillones","2","2","0","0","configurador","Color (visual)","Color: Verde / Gris"
"fam-5a97ca152522","KAWOLA EDESSA","Muebles Style Spain","Hogar | Iluminación","3","3","0","0","configurador","Medida (buttons)","Medida: 28.0 x 28.0 x 150.0cm / 50.0 x 50.0 x 150.0cm / 44.0 x 95.0 x 150.0cm"
"fam-39238af0d62e","KAWOLA ELARIA","Muebles Style Spain","Hogar | Sillas y sillones","2","2","0","0","configurador","Color (visual)","Color: Gris claro / Verde"
"fam-8cfbf848f8d7","KAWOLA ELEEN","Muebles Style Spain","Hogar | Bancos, pufs y reposapiés","70","70","0","0","configurador","Color (visual) | Medida (buttons)","Color: Verde oliva / Beige / Negro / Rojo / Marrón oscuro / Coñac / Gris / Gris claro / Antracita / Azul claro | Medida: 69.0 x 123.0 x 85.0cm / 69.0 x 143.0 x 85.0cm / 69.0 x 163.0 x 85.0cm / 69.0 x 183.0 x 85.0cm / 69.0 x 203.0 x 85.0cm / 69.0 x 223.0 x 85.0cm / 69.0 x 243.0 x 85.0cm"
"fam-19d15012a7ed","KAWOLA ELIARA","Muebles Style Spain","Hogar | Almacenaje","2","2","0","0","configurador","Medida (buttons)","Medida: 35.0 x 100.0 x 17.0cm / 33.0 x 55.0 x 80.0cm"
"fam-56754be39638","KAWOLA ELOISE","Muebles Style Spain","Hogar | Mesas y escritorios","2","2","0","0","configurador","Medida (buttons)","Medida: 90.0 x 180.0 x 76.0cm / 100.0 x 200.0 x 76.0cm"
"fam-2d2edb7fd8ee","KAWOLA EMMA","Muebles Style Spain","Hogar | Almacenaje","2","2","0","0","configurador","Color o diseño (visual)","Color o diseño: Diseño 1 / Diseño 2"
"fam-c6bb12a12ee9","KAWOLA ERGEA","Muebles Style Spain","Hogar | Almacenaje","11","11","0","0","configurador","Medida (select)","Medida: 25.0 x 20.0 x 30.0cm / 25.0 x 30.0 x 30.0cm / 20.0 x 60.0 x 4.0cm / 25.0 x 40.0 x 30.0cm / 25.0 x 65.0 x 30.0cm / 25.0 x 30.0 x 65.0cm / 20.0 x 90.0 x 4.0cm / 25.0 x 100.0 x 30.0cm / 25.0 x 30.0 x 100.0cm / 20.0 x 120.0 x 4.0cm / 15.0 x 25.0 x 75.0cm"
"fam-b8490a9ec7d3","KAWOLA ERGEA","Muebles Style Spain","Hogar | Mesas y escritorios","2","2","0","0","configurador","Medida (buttons)","Medida: 70.0 x 130.0 x 92.0cm / 80.0 x 147.0 x 92.0cm"
"fam-4ab2b10c616f","KAWOLA ETICO","Muebles Style Spain","Hogar | Sofás","2","2","0","0","configurador","Color o diseño (visual)","Color o diseño: Diseño 1 / Diseño 2"
"fam-ea8172e29256","KAWOLA FENICE","Muebles Style Spain","Hogar | Sofás","4","4","0","0","configurador","Color (visual) | Color o diseño (visual) | Tejido o material (buttons)","Color: Gris claro / Rojo burdeos | Color o diseño: Diseño 1 / Diseño 2 | Tejido o material: Tejido / Piel"
"fam-f65e3c52056f","KAWOLA FERREIRA","Muebles Style Spain","Hogar | Bancos, pufs y reposapiés","6","6","0","0","configurador","Color (visual) | Tejido o material (buttons)","Color: Coñac / Antracita / Negro / Gris / Marrón | Tejido o material: Tejido de fibras de cuero / Piel"
"fam-52560688a7a0","KAWOLA FES","Muebles Style Spain","Hogar | Bancos, pufs y reposapiés","2","2","0","0","configurador","Color (visual)","Color: Negro / Marrón oscuro"
"fam-f8a216da26f9","KAWOLA FIRU","Muebles Style Spain","Hogar | Mesas y escritorios","2","2","0","0","configurador","Medida (buttons)","Medida: 25.0 x 30.0 x 8.0cm / 25.0 x 40.0 x 8.0cm"
"fam-e72649e5963f","KAWOLA FREJA","Muebles Style Spain","Hogar | Sillas y sillones","4","4","0","0","configurador","Color (visual) | Medida (buttons)","Color: Gris / Negro / Verde / Naranja | Medida: 56.0 x 58.0 x 85.0cm / 55.0 x 59.0 x 86.0cm"
"fam-bfde90f38857","KAWOLA FYNN","Muebles Style Spain","Hogar | Bancos, pufs y reposapiés","3","3","0","0","configurador","Color (visual)","Color: Rosa / Blanco / Gris"
"fam-c6c78819a0cd","KAWOLA GALA","Muebles Style Spain","Hogar | Almacenaje","4","4","0","0","configurador","Color (visual) | Medida (buttons)","Color: Amarillo / De color dorado | Medida: 40.0 x 140.0 x 85.0cm / 40.0 x 180.0 x 85.0cm"
"fam-add45e2112a1","KAWOLA GALA","Muebles Style Spain","Hogar | Almacenaje","4","4","0","0","configurador","Color (visual) | Medida (buttons)","Color: Amarillo / De color dorado | Medida: 40.0 x 180.0 x 42.0cm / 40.0 x 200.0 x 42.0cm"
"fam-d89b19dfe9a1","KAWOLA GALA","Muebles Style Spain","Hogar | Mesas y escritorios","2","2","0","0","configurador","Color (visual)","Color: Amarillo / De color dorado"
"fam-3ef85a15ac08","KAWOLA GARBO","Muebles Style Spain","Hogar | Sofás","6","6","0","0","configurador","Color (visual) | Color o diseño (visual)","Color: Blanco crema / Gris / Negro | Color o diseño: Diseño 1 / Diseño 2"
"fam-9ea8090226cb","KAWOLA HAZEL","Muebles Style Spain","Hogar | Sillas y sillones","2","2","0","0","configurador","Color (visual) | Tejido o material (buttons)","Color: Beige múltiple / Gris | Tejido o material: Tejido,Piel sintética / Piel sintética,Tejido"
"fam-d8da1c407660","KAWOLA HENRY","Muebles Style Spain","Hogar | Camas y colchones","60","60","0","0","configurador","Color (visual) | Medida (buttons) | Tejido o material (buttons)","Color: Blanco / Rosa / Blanco crema / Topo / Azul claro / Gris claro / Gris / Verde oliva / Gris piedra / Óxido / Esmeralda / Negro | Medida: 236.0 x 178.0 x 100.0cm / 236.0 x 198.0 x 100.0cm / 236.0 x 218.0 x 100.0cm / 236.0 x 238.0 x 100.0cm | Tejido o material: Pana / Piel"
"fam-38578dc5f4b3","KAWOLA HEVE","Muebles Style Spain","Hogar | Mesas y escritorios","3","3","0","0","configurador","Medida (buttons)","Medida: 40.0 x 45.0 x 21.0cm / 35.0 x 50.0 x 20.0cm / 35.0 x 40.0 x 20.0cm"
"fam-3333230644a3","KAWOLA HOLLY","Muebles Style Spain","Hogar | Sofás","15","5","10","0","configurador","Color (visual)","Color: Mostaza / Antracita / Coñac / Blanco / Gris"
"fam-1386834e4f72","KAWOLA HURRICANE","Muebles Style Spain","Hogar | Sofás","6","6","0","0","configurador","Color (visual)","Color: Negro / Gris oscuro / Gris claro / Marrón / Rojo / Blanco"
"fam-b0867131bb65","KAWOLA HUZO","Muebles Style Spain","Hogar | Almacenaje","4","4","0","0","configurador","Medida (buttons)","Medida: 20.0 x 60.0 x 4.0cm / 20.0 x 90.0 x 4.0cm / 20.0 x 50.0 x 4.0cm / 20.0 x 120.0 x 4.0cm"
"fam-269c8558f6f1","KAWOLA IDA","Muebles Style Spain","Hogar | Bancos, pufs y reposapiés","4","4","0","0","configurador","Color (visual)","Color: Gris / Petróleo / Azul oscuro / Antracita"
"fam-4b652efa3d64","KAWOLA IDA","Muebles Style Spain","Hogar | Sofás","3","3","0","0","configurador","Color (visual)","Color: Petróleo / Azul oscuro / Antracita"
"fam-5528744aea4a","KAWOLA INDUS","Muebles Style Spain","Hogar | Jardín y terraza","2","2","0","0","configurador","Color (visual)","Color: En tonos crema / Gris"
"fam-a3461903c21a","KAWOLA INDUS","Muebles Style Spain","Hogar | Jardín y terraza","2","2","0","0","configurador","Color (visual)","Color: En tonos crema / Gris"
"fam-7af105b2e62f","KAWOLA INKA","Muebles Style Spain","Hogar | Sofás","6","6","0","0","configurador","Medida (buttons)","Medida: 39.0 x 84.0 x 43.0cm / 68.0 x 110.0 x 36.0cm / 50.0 x 60.0 x 43.0cm / 61.0 x 76.0 x 38.0cm / 60.0 x 77.0 x 38.0cm / 68.0 x 73.0 x 31.0cm"
"fam-7074f4780917","KAWOLA IVA","Muebles Style Spain","Hogar | Sillas y sillones","10","10","0","0","configurador","Color (visual)","Color: Gris / Azul claro / Gris claro / Blanco crema / Rosa / Topo / Verde oliva / Gris piedra / Óxido / Esmeralda"
"fam-e448b91237ac","KAWOLA JACINTA","Muebles Style Spain","Hogar | Almacenaje","2","2","0","0","configurador","Medida (buttons)","Medida: 10.0 x 100.0 x 33.0cm / 10.0 x 60.0 x 160.0cm"
"fam-76b70677cf39","KAWOLA JACK","Muebles Style Spain","Hogar | Sofás","3","3","0","0","configurador","Color (visual)","Color: Esmeralda / Morado / Verde oliva"
"fam-4fcb78c8d75f","KAWOLA JADA","Muebles Style Spain","Hogar | Bancos, pufs y reposapiés","4","4","0","0","configurador","Color (visual)","Color: Verde / Marrón / Gris / Azul"
"fam-2274c295c4e6","KAWOLA JADA","Muebles Style Spain","Hogar | Sillas y sillones","15","15","0","0","configurador","Color (visual) | Medida (buttons) | Tejido o material (buttons)","Color: Coñac / Verde / Azul / Gris / Marrón / Naranja / Negro | Medida: 55.0 x 59.0 x 79.0cm / 55.0 x 59.0 x 86.0cm / 55.0 x 58.0 x 79.0cm | Tejido o material: Piel sintética / Terciopelo / Piel"
"fam-f0f955f36e90","KAWOLA JELIA","Muebles Style Spain","Hogar | Sillas y sillones","6","6","0","0","configurador","Color (visual) | Color o diseño (visual)","Color: Coñac / Azul / Negro | Color o diseño: Diseño 1 / Diseño 2"
"fam-a24365ea1c2c","KAWOLA JONA","Muebles Style Spain","Hogar | Sillas y sillones","4","4","0","0","configurador","Color (visual)","Color: Blanco crema / Gris claro / Antracita / Marrón"
"fam-25610c598da2","KAWOLA JOSIANE","Muebles Style Spain","Hogar | Bancos, pufs y reposapiés","6","6","0","0","configurador","Color (visual) | Tejido o material (buttons)","Color: Coñac / Antracita / Negro / Gris / Marrón | Tejido o material: Tejido de fibras de cuero / Piel"
"fam-d9f4d7b0c5b9","KAWOLA KAYA","Muebles Style Spain","Hogar | Sillas y sillones","2","2","0","0","configurador","Color (visual)","Color: Antracita / Verde musgo"
"fam-c7a0bcd15702","KAWOLA KELIO","Muebles Style Spain","Hogar | Mesas y escritorios","2","2","0","0","configurador","Medida (buttons) | Tejido o material (buttons)","Medida: 80.0 x 120.0 x 75.0cm / 90.0 x 200.0 x 75.0cm | Tejido o material: Madera / Madera,Metal"
"fam-a27d93f79d72","KAWOLA KIANA","Muebles Style Spain","Hogar | Sofás","2","2","0","0","configurador","Color (visual)","Color: Blanco crema / Beige"
"fam-7583fe89af9d","KAWOLA KISO","Muebles Style Spain","Hogar | Jardín y terraza","4","4","0","0","configurador","Color (visual)","Color: Gris / Verde / Azul claro / Azul oscuro"
"fam-ad1617864842","KAWOLA KYRA","Muebles Style Spain","Hogar | Sillas y sillones","4","4","0","0","configurador","Color (visual)","Color: Topo / Blanco crema / Verde oliva / Azul-gris"
"fam-817001db094d","KAWOLA LAGO","Muebles Style Spain","Hogar | Almacenaje","2","2","0","0","configurador","Medida (buttons)","Medida: 40.0 x 180.0 x 42.0cm / 40.0 x 200.0 x 42.0cm"
"fam-0bc358644f0c","KAWOLA LAISKA","Muebles Style Spain","Hogar | Sofás","40","10","30","0","configurador","Color (visual)","Color: Gris / Azul claro / Gris claro / Blanco crema / Rosa / Topo / Verde oliva / Gris piedra / Óxido / Esmeralda"
"fam-4dcdc0ec2d06","KAWOLA LANA","Muebles Style Spain","Hogar | Sofás","40","20","20","0","configurador","Color (visual) | Medida (buttons)","Color: Gris / Azul claro / Gris claro / Blanco crema / Rosa / Topo / Verde oliva / Gris piedra / Óxido / Esmeralda | Medida: 205.0 x 296.0 x 83.0cm / 205.0 x 416.0 x 83.0cm"
"fam-f56c458c7326","KAWOLA LANA","Muebles Style Spain","Hogar | Sofás","4","4","0","0","configurador","Color (visual)","Color: Gris / Gris claro / Blanco / Negro"
"fam-cf75576754d8","KAWOLA LANI","Muebles Style Spain","Hogar | Sofás","3","3","0","0","configurador","Medida (buttons)","Medida: 65.0 x 65.0 x 40.0cm / 80.0 x 80.0 x 40.0cm / 78.0 x 78.0 x 40.0cm"
"fam-cd15e7929338","KAWOLA LARA","Muebles Style Spain","Hogar | Sillas y sillones","5","5","0","0","configurador","Color (visual)","Color: Topo / Blanco crema / Verde oliva / Verde / Azul-gris"
"fam-e1bbcc7855ba","KAWOLA LAUCA","Muebles Style Spain","Hogar | Sofás","5","5","0","0","configurador","Color (visual) | Medida (buttons)","Color: Negro / Bronce / Negro / Bronce | Medida: 39.0 x 84.0 x 42.0cm / 59.0 x 80.0 x 41.0cm / 59.0 x 80.0 x 43.0cm / 48.0 x 54.0 x 43.0cm / 70.0 x 80.0 x 42.0cm"
"fam-2ecfe159a5f8","KAWOLA LAYLA","Muebles Style Spain","Hogar | Sofás","8","8","0","0","configurador","Color (visual) | Medida (buttons)","Color: Amarillo / Topo | Medida: 99.0 x 92.0 x 74.0cm / 99.0 x 166.0 x 74.0cm / 99.0 x 183.0 x 74.0cm / 99.0 x 274.0 x 74.0cm"
"fam-765588a193e7","KAWOLA LAYLA","Muebles Style Spain","Hogar | Sofás","6","6","0","0","configurador","Color (visual) | Medida (buttons)","Color: Amarillo / Topo | Medida: 213.0 x 213.0 x 74.0cm / 213.0 x 305.0 x 74.0cm / 305.0 x 305.0 x 74.0cm"
"fam-20f92ce03dc9","KAWOLA LAYLA","Muebles Style Spain","Hogar | Textiles y cojines","2","2","0","0","configurador","Color (visual)","Color: Amarillo / Topo"
"fam-e81c2c260649","KAWOLA LEIA","Muebles Style Spain","Hogar | Sillas y sillones","3","3","0","0","configurador","Color (visual)","Color: Gris / Negro / Verde"
"fam-06e382958765","KAWOLA LENA","Muebles Style Spain","Hogar | Sillas y sillones","6","6","0","0","configurador","Color (visual) | Tejido o material (buttons)","Color: Petróleo / Blanco crema / Gris / Marrón / Negro | Tejido o material: Terciopelo / Pana"
"fam-2e990c4b103a","KAWOLA LEO","Muebles Style Spain","Hogar | Camas y colchones","6","6","0","0","configurador","Color (visual) | Medida (buttons)","Color: Azul / Gris / Rosa | Medida: 208.0 x 125.0 x 76.0cm / 208.0 x 145.0 x 76.0cm"
"fam-6a79396cce44","KAWOLA LETICIA","Muebles Style Spain","Hogar | Sillas y sillones","72","18","54","0","configurador","Color (visual) | Tejido o material (buttons)","Color: Blanco / Beige / Verde / Verde oliva / Plata / Antracita / Gris / Rosa / Amarillo / Coñac / Rojo / Negro | Tejido o material: Pana / Tejido plano / Piel"
"fam-892c7c3bf01b","KAWOLA LIAN","Muebles Style Spain","Hogar | Mesas y escritorios","2","2","0","0","configurador","Medida (buttons)","Medida: 90.0 x 180.0 x 76.0cm / 100.0 x 200.0 x 76.0cm"
"fam-0286c1799c14","KAWOLA LILIANA","Muebles Style Spain","Hogar | Bancos, pufs y reposapiés","2","2","0","0","configurador","Color (visual)","Color: Verde / Gris"
"fam-6d0abf7cb511","KAWOLA LIMA","Muebles Style Spain","Hogar | Sillas y sillones","3","3","0","0","configurador","Color (visual)","Color: Blanco crema / Marrón claro / Negro"
"fam-2734723666fd","KAWOLA LINDA","Muebles Style Spain","Hogar | Sillas y sillones","3","3","0","0","configurador","Color (visual)","Color: Verde / Gris / Negro"
"fam-d570aa3bd6c1","KAWOLA LOLA","Muebles Style Spain","Hogar | Sofás","20","10","10","0","configurador","Color (visual) | Tejido o material (buttons)","Color: Verde musgo / Coñac / Negro / Gris / Curry / Marrón | Tejido o material: Tejido / Piel"
"fam-57c56651eb64","KAWOLA LONGA","Muebles Style Spain","Hogar | Jardín y terraza","4","4","0","0","configurador","Color (visual) | Color o diseño (visual)","Color: Gris oscuro / Gris claro | Color o diseño: Diseño 1 / Diseño 2"
"fam-fab15ece580a","KAWOLA LORA","Muebles Style Spain","Hogar | Mesas y escritorios","9","9","0","0","configurador","Color (visual) | Color o diseño (visual) | Medida (buttons) | Tejido o material (buttons)","Color: Colores de madera / Color nogal | Color o diseño: Diseño 1 / Diseño 2 | Medida: 80.0 x 140.0 x 72.0cm / 90.0 x 180.0 x 72.0cm / 80.0 x 160.0 x 72.0cm | Tejido o material: Acacia / Madera"
"fam-e67c32551efd","KAWOLA LORE","Muebles Style Spain","Hogar | Mesas y escritorios","13","11","2","0","configurador","Color (visual) | Medida (buttons)","Color: Colores de madera / Color nogal | Medida: 90.0 x 180.0 x 78.0cm / 100.0 x 200.0 x 78.0cm / 160.0 x 85.0 x 78.0cm / 90.0 x 180.0 x 76.0cm / 90.0 x 140.0 x 77.0cm / 100.0 x 200.0 x 76.0cm / 100.0 x 240.0 x 76.0cm / 100.0 x 240.0 x 78.0cm"
"fam-d1ca211c7713","KAWOLA LOTTE","Muebles Style Spain","Hogar | Bancos, pufs y reposapiés","7","7","0","0","configurador","Color (visual)","Color: Esmeralda / Morado / Verde oliva / Plata / Piedra / Curry / Negro"
"fam-3197490da675","KAWOLA LOTTE","Muebles Style Spain","Hogar | Bancos, pufs y reposapiés","7","7","0","0","configurador","Color (visual)","Color: Esmeralda / Morado / Verde oliva / Plata / Piedra / Curry / Negro"
"fam-5ea363fe186f","KAWOLA LOTTE","Muebles Style Spain","Hogar | Sillas y sillones","10","10","0","0","configurador","Color (visual)","Color: Gris / Azul claro / Gris claro / Blanco crema / Rosa / Topo / Verde oliva / Gris piedra / Óxido / Esmeralda"
"fam-cc64a94c02b5","KAWOLA LUANA","Muebles Style Spain","Hogar | Almacenaje","2","2","0","0","configurador","Medida (buttons)","Medida: 30.0 x 100.0 x 20.0cm / 30.0 x 100.0 x 80.0cm"
"fam-163b1b6af2ca","KAWOLA LUSHA","Muebles Style Spain","Hogar | Jardín y terraza","3","3","0","0","configurador","Color (visual)","Color: Gris claro / Turquesa / Gris oscuro"
"fam-1a3294828884","KAWOLA LUSHA","Muebles Style Spain","Hogar | Jardín y terraza","2","2","0","0","configurador","Color (visual)","Color: Turquesa / Gris oscuro"
"fam-33f75d6f5e20","KAWOLA LYNN","Muebles Style Spain","Hogar | Almacenaje","2","2","0","0","configurador","Color (visual)","Color: Petróleo / Blanco"
"fam-f12a8a42bf17","KAWOLA LYNN","Muebles Style Spain","Hogar | Almacenaje","2","2","0","0","configurador","Color (visual)","Color: Petróleo / Blanco"
"fam-d6bcc702c340","KAWOLA LYNN","Muebles Style Spain","Hogar | Almacenaje","2","2","0","0","configurador","Color (visual)","Color: Petróleo / Blanco"
"fam-a3059869b270","KAWOLA LYSSIA","Muebles Style Spain","Hogar | Sillas y sillones","2","2","0","0","configurador","Color (visual)","Color: Verde / Gris"
"fam-778a83de2efa","KAWOLA MADELINE","Muebles Style Spain","Hogar | Bancos, pufs y reposapiés","10","10","0","0","configurador","Color (visual)","Color: Blanco crema / Topo / Gris claro / Gris / Rosa / Azul claro / Verde oliva / Gris piedra / Óxido / Esmeralda"
"fam-ab0d921aec23","KAWOLA MADELINE","Muebles Style Spain","Hogar | Cocina y comedor","3","3","0","0","configurador","Color (visual) | Medida (buttons) | Tejido o material (buttons)","Color: Naturaleza / Negro / Color plata | Medida: 40.0 x 27.0 x 4.0cm / 40.0 x 25.0 x 4.0cm | Tejido o material: Madera / Metal"
"fam-31668a606704","KAWOLA MADELINE","Muebles Style Spain","Hogar | Sillas y sillones","8","8","0","0","configurador","Color (visual)","Color: Antracita / Gris / Verde oliva / Blanco / Beige / Verde / Plata / Rosa"
"fam-50709e792b63","KAWOLA MADELINE","Muebles Style Spain","Hogar | Sillas y sillones","4","4","0","0","configurador","Color (visual)","Color: Blanco crema / Topo / Gris claro / Gris"
"fam-8acdcd7ea500","KAWOLA MADELINE","Muebles Style Spain","Hogar | Sofás","102","30","72","0","configurador","Color (visual) | Medida (buttons) | Tejido o material (buttons)","Color: Blanco crema / Topo / Gris claro / Gris / Petróleo / Coñac / Verde oliva / Plata / Rosa / Azul claro / Gris piedra / Óxido / Esmeralda | Medida: 170.0 x 290.0 x 85.0cm / 190.0 x 290.0 x 85.0cm | Tejido o material: Pana / Tejido"
"fam-ea2c399ab9cf","KAWOLA MADELINE","Muebles Style Spain","Hogar | Sofás","30","30","0","0","configurador","Color (visual) | Medida (buttons)","Color: Gris / Azul claro / Gris claro / Blanco crema / Rosa / Topo / Verde oliva / Gris piedra / Óxido / Esmeralda | Medida: 127.0 x 170.0 x 86.0cm / 127.0 x 230.0 x 85.0cm / 127.0 x 290.0 x 85.0cm"
"fam-22bb1daa42d6","KAWOLA MADELINE","Muebles Style Spain","Hogar | Sofás","40","20","20","0","configurador","Color (visual) | Medida (buttons)","Color: Gris / Azul claro / Gris claro / Blanco crema / Rosa / Topo / Verde oliva / Gris piedra / Óxido / Esmeralda | Medida: 190.0 x 270.0 x 85.0cm / 224.0 x 325.0 x 86.0cm"
"fam-7eb8c246f0d4","KAWOLA MADELINE","Muebles Style Spain","Hogar | Sofás","20","10","10","0","configurador","Color (visual)","Color: Gris / Azul claro / Gris claro / Blanco crema / Rosa / Topo / Esmeralda / Óxido / Gris piedra / Verde oliva"
"fam-2e70e9beabb2","KAWOLA MADELINE","Muebles Style Spain","Hogar | Textiles y cojines","8","8","0","0","configurador","Color (visual) | Medida (buttons)","Color: Topo / Gris claro / Gris / Blanco crema | Medida: 14.0 x 50.0 x 50.0cm / 12.0 x 75.0 x 75.0cm"
"fam-cc347757aac1","KAWOLA MALTA","Muebles Style Spain","Hogar | Sofás","81","27","54","0","configurador","Color (visual) | Medida (buttons)","Color: Gris / Beige / Azul / Antracita / Marrón / Verde musgo / Negro / Oro / Coñac | Medida: 15.0 x 100.0 x 23.0cm / 175.0 x 302.0 x 86.0cm / 175.0 x 302.0 x 109.0cm"
"fam-b00495ce6286","KAWOLA MARGO","Muebles Style Spain","Hogar | Almacenaje","2","2","0","0","configurador","Medida (buttons)","Medida: 40.0 x 140.0 x 85.0cm / 40.0 x 180.0 x 85.0cm"
"fam-6a10f9a3ac5a","KAWOLA MARGO","Muebles Style Spain","Hogar | Almacenaje","2","2","0","0","configurador","Medida (buttons)","Medida: 40.0 x 180.0 x 42.0cm / 40.0 x 200.0 x 42.0cm"
"fam-7c01c24f1509","KAWOLA MARIA","Muebles Style Spain","Hogar | Almacenaje","4","4","0","0","configurador","Color (visual) | Tejido o material (buttons)","Color: Blanco / Azul claro / Verde oliva / Gris | Tejido o material: Piel sintética,Mármol / Mármol,Piel sintética"
"fam-0d2dfde63eda","KAWOLA MARIA","Muebles Style Spain","Hogar | Almacenaje","4","4","0","0","configurador","Color (visual) | Tejido o material (buttons)","Color: Blanco / Gris / Azul claro / Verde oliva | Tejido o material: Mármol,Piel sintética / Piel sintética,Mármol"
"fam-36aa133a982e","KAWOLA MARIA","Muebles Style Spain","Hogar | Mesas y escritorios","3","3","0","0","configurador","Color (visual)","Color: Blanco / Verde oliva / Gris"
"fam-7da528cd96b8","KAWOLA MERLE","Muebles Style Spain","Hogar | Sillas y sillones","2","2","0","0","configurador","Color (visual)","Color: Antracita / Gris"
"fam-df191832945f","KAWOLA MEVA","Muebles Style Spain","Hogar | Mesas y escritorios","2","2","0","0","configurador","Medida (buttons)","Medida: 45.0 x 45.0 x 56.0cm / 60.0 x 60.0 x 46.0cm"
"fam-cc5d81965524","KAWOLA MIA","Muebles Style Spain","Hogar | Sofás","18","18","0","0","configurador","Color (visual) | Medida (buttons) | Tejido o material (buttons)","Color: Verde / Topo / Coñac | Medida: 40.0 x 120.0 x 72.0cm / 84.0 x 117.0 x 47.0cm / 120.0 x 120.0 x 72.0cm / 120.0 x 192.0 x 72.0cm / 120.0 x 306.0 x 72.0cm / 120.0 x 418.0 x 72.0cm | Tejido o material: Terciopelo / Pana / Tejido de fibras de cuero"
"fam-b37df55bf523","KAWOLA MIAVA","Muebles Style Spain","Hogar | Jardín y terraza","2","2","0","0","configurador","Color o diseño (visual)","Color o diseño: Diseño 1 / Diseño 2"
"fam-d064ca648e56","KAWOLA MIKA","Muebles Style Spain","Hogar | Sofás","40","20","20","0","configurador","Color (visual) | Medida (buttons)","Color: Gris / Azul claro / Gris claro / Blanco crema / Rosa / Topo / Verde oliva / Gris piedra / Óxido / Esmeralda | Medida: 167.0 x 276.0 x 86.0cm / 167.0 x 296.0 x 86.0cm"
"fam-9212a962a234","KAWOLA MIKA","Muebles Style Spain","Hogar | Sofás","8","8","0","0","configurador","Color (visual)","Color: Blanco / Rosa / Antracita / Gris / Verde / Verde oliva / Beige / Plata"
"fam-64f4cf5e4f6b","KAWOLA MIKO","Muebles Style Spain","Hogar | Sillas y sillones","5","5","0","0","configurador","Color (visual) | Tejido o material (buttons)","Color: Verde / Gris piedra / Negro / Gris / Marrón | Tejido o material: Terciopelo / Piel"
"fam-2c7567658d0d","KAWOLA MODO","Muebles Style Spain","Hogar | Bancos, pufs y reposapiés","2","2","0","0","configurador","Color (visual)","Color: Negro / Gris oscuro"
"fam-cc8497172cda","KAWOLA MONTY","Muebles Style Spain","Hogar | Bancos, pufs y reposapiés","4","4","0","0","configurador","Color (visual) | Medida (buttons)","Color: Negro / Blanco crema / Rosa | Medida: 62.0 x 180.0 x 78.0cm / 62.0 x 220.0 x 78.0cm / 62.0 x 240.0 x 78.0cm"
"fam-1e093c30aef4","KAWOLA NAMA","Muebles Style Spain","Hogar | Sillas y sillones","5","5","0","0","configurador","Color (visual) | Tejido o material (buttons)","Color: Gris claro / Topo / Negro / Gris / Marrón | Tejido o material: Tejido / Piel"
"fam-1a9da9e29ce8","KAWOLA NARLA","Muebles Style Spain","Hogar | Bancos, pufs y reposapiés","2","2","0","0","configurador","Color (visual)","Color: Verde / Plata"
"fam-4748428a63d7","KAWOLA NARLA","Muebles Style Spain","Hogar | Sofás","3","3","0","0","configurador","Color (visual)","Color: Rojo / Verde / Negro"
"fam-721271fba882","KAWOLA NARLA","Muebles Style Spain","Hogar | Sofás","2","2","0","0","configurador","Color o diseño (visual)","Color o diseño: Diseño 1 / Diseño 2"
"fam-00ee8e4b7e4c","KAWOLA NELSON","Muebles Style Spain","Hogar | Bancos, pufs y reposapiés","10","10","0","0","configurador","Color (visual)","Color: Beige / Gris / Gris claro / Antracita / Negro / Verde oliva / Azul claro / Rojo / Marrón oscuro / Coñac"
"fam-50b48b3e1cff","KAWOLA NELSON","Muebles Style Spain","Hogar | Sofás","108","17","91","0","configurador","Color (visual) | Medida (buttons) | Tejido o material (buttons)","Color: Esmeralda / Morado / Verde oliva / Plata / Gris / Curry / Negro / Beige / Gris claro / Antracita / Azul claro / Rojo / Marrón oscuro / Coñac | Medida: 216.0 x 321.0 x 85.0cm / 216.0 x 321.0 x 72.0cm | Tejido o material: Terciopelo / Piel"
"fam-4f8e7ea83d4f","KAWOLA NEREA","Muebles Style Spain","Hogar | Almacenaje","3","3","0","0","configurador","Medida (buttons)","Medida: 25.0 x 100.0 x 32.0cm / 33.0 x 100.0 x 27.0cm / 33.0 x 100.0 x 80.0cm"
"fam-c4e4617e3b90","KAWOLA NETTA","Muebles Style Spain","Hogar | Sofás","9","9","0","0","configurador","Color (visual) | Medida (buttons)","Color: Blanco crema / Topo / Gris / Gris claro / Verde musgo | Medida: 116.0 x 226.0 x 90.0cm / 116.0 x 258.0 x 90.0cm"
"fam-9bbd2b8cf8d1","KAWOLA NEVADA","Muebles Style Spain","Hogar | Sofás","60","15","45","0","configurador","Color (visual) | Medida (buttons) | Tejido o material (buttons)","Color: Plata / Verde oliva / Gris / Curry / Negro / Esmeralda / Morado / Blanco / Rosa / Antracita / Verde / Beige | Medida: 215.0 x 319.0 x 82.0cm / 215.0 x 319.0 x 70.0cm | Tejido o material: Terciopelo / Pana"
"fam-fdceb89d463e","KAWOLA NEW CHARME","Muebles Style Spain","Hogar | Sillas y sillones","20","20","0","0","configurador","Color (visual) | Medida (buttons) | Tejido o material (buttons)","Color: Blanco / Gris / Azul claro / Gris claro / Blanco crema / Rosa / Topo / Verde oliva / Gris piedra / Óxido / Esmeralda / Piedra / Plata / Negro / Morado / Curry / Gris rosado / Arena | Medida: 66.0 x 52.0 x 87.0cm / 66.0 x 59.0 x 87.0cm | Tejido o material: Pana / Terciopelo"
"fam-0d90c8932c35","KAWOLA NILO","Muebles Style Spain","Hogar | Sofás","3","3","0","0","configurador","Color (visual) | Medida (buttons) | Tejido o material (buttons)","Color: Antracita / Coñac / Negro | Medida: 87.0 x 220.0 x 77.0cm / 86.0 x 219.0 x 77.0cm | Tejido o material: Terciopelo / Piel"
"fam-b5465ed76427","KAWOLA OHIO","Muebles Style Spain","Hogar | Sofás","32","8","24","0","configurador","Color (visual)","Color: Blanco / Rosa / Antracita / Gris / Verde / Verde oliva / Beige / Plata"
"fam-6f0b72135fbe","KAWOLA PADANA","Muebles Style Spain","Hogar | Sofás","5","5","0","0","configurador","Color (visual)","Color: Beige / Crema / Blanco / Gris / Amarillo"
"fam-5d18482a80f9","KAWOLA PALACE","Muebles Style Spain","Hogar | Bancos, pufs y reposapiés","4","4","0","0","configurador","Color (visual)","Color: Negro / Verde oliva / Esmeralda / Plata"
"fam-0da78d6f77e2","KAWOLA PALACE","Muebles Style Spain","Hogar | Sofás","18","18","0","0","configurador","Color (visual) | Tejido o material (buttons)","Color: Gris / Azul claro / Gris claro / Blanco / Rosa / Topo / Verde oliva / Gris piedra / Óxido / Esmeralda / Plata / Negro / Brandy | Tejido o material: Pana / Tejido / Terciopelo / Piel"
"fam-cc2c28ba287a","KAWOLA PALO","Muebles Style Spain","Hogar | Mesas y escritorios","14","8","6","0","configurador","Color (visual) | Medida (buttons)","Color: Colores de madera / Marrón | Medida: 100.0 x 200.0 x 78.0cm / 100.0 x 220.0 x 78.0cm / 100.0 x 240.0 x 78.0cm / 100.0 x 260.0 x 78.0cm / 100.0 x 280.0 x 78.0cm / 100.0 x 300.0 x 78.0cm"
"fam-8a06ba78f4ea","KAWOLA PALO","Muebles Style Spain","Hogar | Mesas y escritorios","3","3","0","0","configurador","Color o diseño (visual) | Medida (buttons)","Color o diseño: Diseño 1 / Diseño 2 | Medida: 100.0 x 200.0 x 78.0cm / 100.0 x 300.0 x 78.0cm"
"fam-9f3c4c8e9d7a","KAWOLA PARANA","Muebles Style Spain","Hogar | Sofás","2","2","0","0","configurador","Medida (buttons)","Medida: 44.0 x 80.0 x 40.0cm / 79.0 x 85.0 x 40.0cm"
"fam-29e823d3e4eb","KAWOLA PEARA","Muebles Style Spain","Hogar | Almacenaje","2","2","0","0","configurador","Medida (buttons)","Medida: 35.0 x 130.0 x 85.0cm / 35.0 x 140.0 x 181.0cm"
"fam-1f90750278f8","KAWOLA PIRI","Muebles Style Spain","Hogar | Bancos, pufs y reposapiés","2","2","0","0","configurador","Color (visual)","Color: Topo / Verde"
"fam-9a7b2454d676","KAWOLA PONTE","Muebles Style Spain","Hogar | Sofás","2","2","0","0","configurador","Medida (buttons)","Medida: 55.0 x 91.0 x 40.0cm / 58.0 x 70.0 x 40.0cm"
"fam-ae9bce4a281a","KAWOLA PRETO","Muebles Style Spain","Hogar | Sofás","4","4","0","0","configurador","Medida (buttons)","Medida: 76.0 x 76.0 x 30.0cm / 43.0 x 90.0 x 40.0cm / 44.0 x 88.0 x 36.0cm / 80.0 x 80.0 x 35.0cm"
"fam-d8b622a85116","KAWOLA QUEN","Muebles Style Spain","Hogar | Sillas y sillones","4","4","0","0","configurador","Color (visual)","Color: Marrón / Verde / Negro / Gris"
"fam-ccd6925d5a87","KAWOLA QUENYA","Muebles Style Spain","Hogar | Sofás","4","4","0","0","configurador","Color (visual) | Color o diseño (visual)","Color: Gris claro / Gris oscuro | Color o diseño: Diseño 1 / Diseño 2"
"fam-ae38d1783f6b","KAWOLA RADEL","Muebles Style Spain","Hogar | Almacenaje","3","3","0","0","configurador","Medida (buttons)","Medida: 25.0 x 30.0 x 30.0cm / 25.0 x 40.0 x 40.0cm / 25.0 x 50.0 x 50.0cm"
"fam-313fa413eb94","KAWOLA RAINA","Muebles Style Spain","Hogar | Sofás","30","30","0","0","configurador","Color (visual) | Medida (buttons) | Tejido o material (buttons)","Color: Gris / Azul claro / Gris claro / Blanco crema / Rosa / Topo / Verde oliva / Gris piedra / Óxido / Esmeralda / Antracita / Marrón | Medida: 150.0 x 254.0 x 85.0cm / 150.0 x 294.0 x 85.0cm | Tejido o material: Pana / Piel"
"fam-4e7dc18026cf","KAWOLA RANDY","Muebles Style Spain","Hogar | Sillas y sillones","8","8","0","0","configurador","Color (visual) | Color o diseño (visual) | Tejido o material (buttons)","Color: Verde oliva / Rojo | Color o diseño: Diseño 1 / Diseño 2 / Diseño 3 / Diseño 4 | Tejido o material: Terciopelo / Piel"
"fam-418f2b2f16f8","KAWOLA RANI","Muebles Style Spain","Hogar | Bancos, pufs y reposapiés","18","15","3","0","configurador","Color (visual)","Color: Gris / Azul claro / Gris claro / Blanco crema / Rosa / Topo / Verde oliva / Gris piedra / Óxido / Esmeralda / Antracita / Blanco / Beige / Verde / Plata"
"fam-5254a57c1f54","KAWOLA RANI","Muebles Style Spain","Hogar | Sofás","18","15","3","0","configurador","Color (visual)","Color: Verde oliva / Gris piedra / Óxido / Esmeralda / Blanco crema / Rosa / Topo / Gris / Azul claro / Gris claro / Antracita / Blanco / Beige / Verde / Plata"
"fam-2e519355cd8e","KAWOLA RANI","Muebles Style Spain","Hogar | Sofás","36","18","18","0","configurador","Color (visual) | Medida (buttons)","Color: Antracita / Gris / Verde oliva / Blanco / Beige / Verde / Plata / Rosa / Esmeralda / Blanco crema / Topo / Gris piedra / Óxido / Azul claro / Gris claro | Medida: 189.0 x 228.0 x 71.0cm / 189.0 x 299.0 x 71.0cm"
"fam-864ed70e4148","KAWOLA RELEXA","Muebles Style Spain","Hogar | Sillas y sillones","3","3","0","0","configurador","Color (visual)","Color: Verde oliva / Coñac / Negro"
"fam-d6c2acd92799","KAWOLA RENO","Muebles Style Spain","Hogar | Sofás","32","8","24","0","configurador","Color (visual)","Color: Blanco / Rosa / Antracita / Gris / Verde / Verde oliva / Beige / Plata"
"fam-0d28fd6904e3","KAWOLA REY","Muebles Style Spain","Hogar | Mesas y escritorios","13","8","5","0","configurador","Color (visual) | Medida (buttons)","Color: Colores de madera / Marrón | Medida: 100.0 x 200.0 x 78.0cm / 100.0 x 220.0 x 78.0cm / 100.0 x 240.0 x 78.0cm / 100.0 x 260.0 x 78.0cm / 100.0 x 280.0 x 78.0cm / 100.0 x 300.0 x 78.0cm"
"fam-3a1bd7f8c3c8","KAWOLA REY","Muebles Style Spain","Hogar | Mesas y escritorios","3","3","0","0","configurador","Color o diseño (visual) | Medida (buttons)","Color o diseño: Diseño 1 / Diseño 2 | Medida: 100.0 x 200.0 x 78.0cm / 100.0 x 300.0 x 78.0cm"
"fam-4a0dd3cedb22","KAWOLA RICARDA","Muebles Style Spain","Hogar | Sofás","20","10","10","0","configurador","Color (visual)","Color: Gris / Azul claro / Gris claro / Blanco crema / Rosa / Topo / Verde oliva / Gris piedra / Óxido / Esmeralda"
"fam-ed495f48460f","KAWOLA RISO","Muebles Style Spain","Hogar | Sofás","8","8","0","0","configurador","Color (visual) | Color o diseño (visual)","Color: Marrón / Antracita / Negro / Gris | Color o diseño: Diseño 1 / Diseño 2"
"fam-00e029913db7","KAWOLA RISO","Muebles Style Spain","Hogar | Sofás","2","2","0","0","configurador","Color o diseño (visual)","Color o diseño: Diseño 1 / Diseño 2"
"fam-0145c821e172","KAWOLA ROSARIO","Muebles Style Spain","Hogar | Sofás","12","12","0","0","configurador","Color (visual) | Color o diseño (visual)","Color: Oro / Petróleo / Antracita / Gris claro / Verde musgo / Burdeos | Color o diseño: Diseño 1 / Diseño 2"
"fam-05a609f0228e","KAWOLA ROSARIO","Muebles Style Spain","Hogar | Sofás","19","19","0","0","configurador","Color (visual) | Medida (buttons) | Tejido o material (buttons)","Color: Antracita / Gris claro / Verde musgo / Burdeos / Oro / Petróleo / Amarillo | Medida: 105.0 x 207.0 x 68.0cm / 105.0 x 236.0 x 68.0cm / 105.0 x 282.0 x 68.0cm | Tejido o material: Terciopelo / Tejido"
"fam-c38c979d3648","KAWOLA ROWA","Muebles Style Spain","Hogar | Bancos, pufs y reposapiés","2","2","0","0","configurador","Color (visual)","Color: Negro / Gris"
"fam-cf7061947c2b","KAWOLA RUNA","Muebles Style Spain","Hogar | Sillas y sillones","3","3","0","0","configurador","Color (visual)","Color: Blanco crema / Marrón claro / Negro"
"fam-4ce595587665","KAWOLA SADIRA","Muebles Style Spain","Hogar | Sofás","12","12","0","0","configurador","Color (visual) | Color o diseño (visual) | Tejido o material (buttons)","Color: Blanco crema / Gris / Topo | Color o diseño: Diseño 1 / Diseño 2 | Tejido o material: Pana / Tejido plano"
"fam-048c2817761a","KAWOLA SAMU","Muebles Style Spain","Hogar | Sofás","48","24","24","0","configurador","Color (visual) | Medida (buttons) | Tejido o material (buttons)","Color: Plata / Beige / Verde oliva / Verde / Gris / Antracita / Rosa / Blanco / Azul claro / Gris claro / Blanco crema / Topo / Gris piedra / Óxido / Esmeralda | Medida: 168.0 x 276.0 x 72.0cm / 224.0 x 226.0 x 72.0cm / 224.0 x 254.0 x 72.0cm | Tejido o material: Pana / Tejido"
"fam-9df403de82e6","KAWOLA SAMU","Muebles Style Spain","Hogar | Sofás","42","38","4","0","configurador","Color (visual) | Medida (buttons) | Tejido o material (buttons)","Color: Blanco / Rosa / Antracita / Gris / Verde / Verde oliva / Beige / Plata / Crema / Topo / Gris claro / Negro / Amarillo / Azul claro / Gris oscuro / Marrón oscuro | Medida: 106.0 x 236.0 x 72.0cm / 106.0 x 256.0 x 72.0cm / 106.0 x 266.0 x 72.0cm / 106.0 x 418.0 x 72.0cm | Tejido o material: Pana / Tejido"
"fam-aaef21e542b8","KAWOLA SAMU","Muebles Style Spain","Hogar | Sofás","5","5","0","0","configurador","Color (visual)","Color: Gris / Gris claro / Crema / Topo / Beige"
"fam-eefb739c79b7","KAWOLA SAMU","Muebles Style Spain","Hogar | Sofás","8","8","0","0","configurador","Color (visual)","Color: Gris / Verde / Verde oliva / Beige / Plata / Antracita / Rosa / Blanco"
"fam-b523c18c0c3e","KAWOLA SARI","Muebles Style Spain","Hogar | Sillas y sillones","4","4","0","0","configurador","Color (visual) | Tejido o material (buttons)","Color: Gris claro / Topo / Negro / Marrón | Tejido o material: Tejido / Piel"
"fam-4226527d394b","KAWOLA SELVA","Muebles Style Spain","Hogar | Mesas y escritorios","13","6","7","0","configurador","Color (visual) | Medida (buttons)","Color: Colores de madera / Marrón | Medida: 100.0 x 200.0 x 78.0cm / 100.0 x 220.0 x 78.0cm / 100.0 x 240.0 x 78.0cm / 100.0 x 260.0 x 78.0cm / 100.0 x 280.0 x 78.0cm / 100.0 x 300.0 x 78.0cm"
"fam-a4ccd3e035e8","KAWOLA SELVA","Muebles Style Spain","Hogar | Mesas y escritorios","4","4","0","0","configurador","Color o diseño (visual) | Medida (buttons)","Color o diseño: Diseño 1 / Diseño 2 | Medida: 100.0 x 200.0 x 78.0cm / 100.0 x 220.0 x 78.0cm / 100.0 x 300.0 x 78.0cm"
"fam-66d4c1c4cb17","KAWOLA SENSO","Muebles Style Spain","Hogar | Sillas y sillones","3","3","0","0","configurador","Color (visual)","Color: Verde / Negro / Gris plateado"
"fam-030408099bcf","KAWOLA SEPHI","Muebles Style Spain","Hogar | Sofás","4","4","0","0","configurador","Color (visual) | Medida (buttons) | Tejido o material (buttons)","Color: Plata / Rojo | Medida: 27.0 x 82.0 x 62.0cm / 27.0 x 107.0 x 62.0cm / 82.0 x 107.0 x 39.0cm | Tejido o material: Metal / Pana"
"fam-636f0fadfacb","KAWOLA SEPHI","Muebles Style Spain","Hogar | Textiles y cojines","11","11","0","0","configurador","Color (visual) | Medida (buttons)","Color: Rojo / Rosa / Gris / Antracita / Plata | Medida: 50.0 x 50.0 x 50.0cm / 60.0 x 60.0 x 40.0cm / 75.0 x 75.0 x 75.0cm / 19.0 x 67.0 x 37.0cm / 95.0 x 95.0 x 95.0cm / 20.0 x 70.0 x 46.0cm / 19.0 x 92.0 x 37.0cm"
"fam-5492f79fcee2","KAWOLA SESA","Muebles Style Spain","Hogar | Almacenaje","3","3","0","0","configurador","Medida (buttons)","Medida: 25.0 x 100.0 x 8.0cm / 25.0 x 150.0 x 8.0cm / 25.0 x 200.0 x 8.0cm"
"fam-8d73f9629546","KAWOLA SESA","Muebles Style Spain","Hogar | Mesas y escritorios","2","2","0","0","configurador","Medida (buttons)","Medida: 20.0 x 30.0 x 8.0cm / 20.0 x 40.0 x 10.0cm"
"fam-bf6585bbea82","KAWOLA SESTA","Muebles Style Spain","Hogar | Almacenaje","2","2","0","0","configurador","Medida (buttons)","Medida: 30.0 x 80.0 x 24.0cm / 30.0 x 80.0 x 90.0cm"
"fam-7f36194c6892","KAWOLA SESTA","Muebles Style Spain","Hogar | Mesas y escritorios","2","2","0","0","configurador","Medida (buttons)","Medida: 75.0 x 140.0 x 92.0cm / 80.0 x 140.0 x 93.0cm"
"fam-2598923fdb69","KAWOLA SILVA","Muebles Style Spain","Hogar | Bancos, pufs y reposapiés","3","3","0","0","configurador","Color (visual) | Medida (buttons) | Tejido o material (buttons)","Color: Beige / Gris claro / Negro | Medida: 86.0 x 77.0 x 106.0cm / 85.0 x 78.0 x 109.0cm | Tejido o material: Piel de oveja / Piel"
"fam-938cecc6df14","KAWOLA SINDAR","Muebles Style Spain","Hogar | Camas y colchones","3","3","0","0","configurador","Color (visual) | Color o diseño (visual)","Color: Antracita / Azul oscuro | Color o diseño: Diseño 1 / Diseño 2"
"fam-a5ad164f9085","KAWOLA SIRY","Muebles Style Spain","Hogar | Sillas y sillones","3","3","0","0","configurador","Color (visual) | Medida (buttons)","Color: Coñac / Verde oliva / Negro | Medida: 150.0 x 61.0 x 88.0cm / 88.0 x 150.0 x 88.0cm"
"fam-44d6ef61aaa0","KAWOLA SIVO","Muebles Style Spain","Hogar | Sillas y sillones","3","3","0","0","configurador","Color (visual)","Color: Gris claro / Beige / Antracita"
"fam-cf29b0406130","KAWOLA SNOOZE","Muebles Style Spain","Hogar | Sillas y sillones","2","2","0","0","configurador","Color (visual)","Color: Coñac / Negro"
"fam-f6726163a0aa","KAWOLA SOLO","Muebles Style Spain","Hogar | Camas y colchones","30","9","21","0","configurador","Medida (buttons)","Medida: 200.0 x 160.0 x 5.0cm / 200.0 x 180.0 x 5.0cm / 200.0 x 200.0 x 5.0cm / 200.0 x 160.0 x 6.0cm / 200.0 x 180.0 x 6.0cm / 200.0 x 200.0 x 6.0cm / 200.0 x 160.0 x 9.0cm / 200.0 x 180.0 x 9.0cm / 200.0 x 200.0 x 9.0cm"
"fam-e1c1aebab8a0","KAWOLA STELLA","Muebles Style Spain","Hogar | Sillas y sillones","5","5","0","0","configurador","Color (visual)","Color: Gris / Gris claro / Verde / Marrón / Flamenco"
"fam-e26a667db55e","KAWOLA TARA","Muebles Style Spain","Hogar | Sofás","2","2","0","0","configurador","Color (visual)","Color: Coñac / Negro"
"fam-63c2f70d9a2d","KAWOLA TIBALI","Muebles Style Spain","Hogar | Sofás","3","3","0","0","configurador","Medida (buttons)","Medida: 56.0 x 71.0 x 40.0cm / 60.0 x 77.0 x 43.0cm / 51.0 x 62.0 x 43.0cm"
"fam-fb21572f244c","KAWOLA TOMA","Muebles Style Spain","Hogar | Camas y colchones","3","3","0","0","configurador","Medida (buttons)","Medida: 225.0 x 162.0 x 87.0cm / 225.0 x 202.0 x 87.0cm / 225.0 x 222.0 x 87.0cm"
"fam-1f2146fe0b53","KAWOLA TOSAR","Muebles Style Spain","Hogar | Bancos, pufs y reposapiés","6","6","0","0","configurador","Color (visual) | Tejido o material (buttons)","Color: Gris piedra / Verde / Blanco crema / Negro / Gris / Marrón | Tejido o material: Terciopelo / Piel"
"fam-aafd1b4053f1","KAWOLA TRIVIA","Muebles Style Spain","Hogar | Bancos, pufs y reposapiés","3","3","0","0","configurador","Color (visual)","Color: Coñac / Gris / Negro"
"fam-5c7e980bd296","KAWOLA VELO","Muebles Style Spain","Hogar | Sillas y sillones","4","4","0","0","configurador","Color (visual)","Color: Blanco / Gris / Gris-verde / Gris piedra"
"fam-fdf9c3c85751","KAWOLA VILNIUS","Muebles Style Spain","Hogar | Sofás","3","3","0","0","configurador","Color (visual) | Medida (buttons)","Color: Negro / Coñac | Medida: 99.0 x 166.0 x 85.0cm / 99.0 x 206.0 x 85.0cm"
"fam-a138406ffb82","KAWOLA VINCE","Muebles Style Spain","Hogar | Bancos, pufs y reposapiés","3","3","0","0","configurador","Color (visual) | Medida (buttons) | Tejido o material (buttons)","Color: Gris / Gris claro | Medida: 58.0 x 45.0 x 105.0cm / 58.0 x 46.0 x 121.0cm | Tejido o material: Microfibra / Tejido"
"fam-f54d3047bb1b","KAWOLA VINCE","Muebles Style Spain","Hogar | Bancos, pufs y reposapiés","2","2","0","0","configurador","Color (visual) | Tejido o material (buttons)","Color: Gris / Gris claro | Tejido o material: Microfibra / Tejido"
"fam-07dbb400b5cd","KAWOLA VINCE","Muebles Style Spain","Hogar | Sillas y sillones","2","2","0","0","configurador","Color (visual) | Medida (buttons)","Color: Azul claro / Gris claro | Medida: 52.0 x 58.0 x 90.0cm / 58.0 x 60.0 x 92.0cm"
"fam-3f028889c890","KAWOLA VINO","Muebles Style Spain","Hogar | Mesas y escritorios","6","6","0","0","configurador","Color (visual) | Medida (buttons)","Color: Plata / Oro rosa | Medida: 65.0 x 65.0 x 111.0cm / 80.0 x 80.0 x 111.0cm / 90.0 x 90.0 x 111.0cm"
"fam-0d34ebc096e9","KAWOLA VIVIEN","Muebles Style Spain","Hogar | Bancos, pufs y reposapiés","17","17","0","0","configurador","Color (visual) | Tejido o material (buttons)","Color: Plata / Blanco / Beige / Verde / Verde oliva / Antracita / Gris / Rosa / Arena / Negro / Morado / Esmeralda / Piedra / Curry / Gris rosado | Tejido o material: Pana / Terciopelo"
"fam-159a9b1c3a24","KAWOLA VIVIEN","Muebles Style Spain","Hogar | Sillas y sillones","17","17","0","0","configurador","Color (visual) | Tejido o material (buttons)","Color: Plata / Blanco / Beige / Verde / Verde oliva / Antracita / Gris / Rosa / Arena / Negro / Morado / Esmeralda / Piedra / Curry / Gris rosado | Tejido o material: Pana / Terciopelo"
"fam-e043aeebb489","KAWOLA VIVIEN","Muebles Style Spain","Hogar | Sofás","34","17","17","0","configurador","Color (visual) | Tejido o material (buttons)","Color: Plata / Blanco / Beige / Verde / Verde oliva / Antracita / Gris / Rosa / Esmeralda / Piedra / Curry / Gris rosado / Arena / Negro / Morado | Tejido o material: Pana / Terciopelo"
"fam-d003031c849b","KAWOLA VIVIEN","Muebles Style Spain","Hogar | Sofás","34","17","17","0","configurador","Color (visual) | Tejido o material (buttons)","Color: Arena / Negro / Morado / Verde oliva / Esmeralda / Plata / Piedra / Curry / Gris rosado / Blanco / Beige / Verde / Antracita / Gris / Rosa | Tejido o material: Terciopelo / Pana"
"fam-b68c5c243740","KAWOLA VIVIEN","Muebles Style Spain","Hogar | Sofás","17","17","0","0","configurador","Color (visual) | Tejido o material (buttons)","Color: Piedra / Arena / Negro / Morado / Verde oliva / Esmeralda / Plata / Curry / Gris rosado / Beige / Blanco / Verde / Antracita / Gris / Rosa | Tejido o material: Terciopelo / Pana"
"fam-b793dced81f7","KAWOLA WIOLO","Muebles Style Spain","Hogar | Bancos, pufs y reposapiés","10","10","0","0","configurador","Color (visual) | Tejido o material (buttons)","Color: Verde musgo / Coñac / Antracita / Topo / Blanco crema / Gris / Negro / Camello / Marrón oscuro | Tejido o material: Terciopelo / Tejido / Piel"
"fam-15a11b6646fe","KAWOLA WIOLO","Muebles Style Spain","Hogar | Sofás","36","27","9","0","configurador","Color (visual) | Medida (buttons) | Tejido o material (buttons)","Color: Antracita / Coñac / Verde musgo / Topo / Blanco crema / Gris / Camello / Marrón oscuro | Medida: 110.0 x 240.0 x 80.0cm / 240.0 x 350.0 x 80.0cm / 110.0 x 240.0 x 83.0cm / 350.0 x 350.0 x 80.0cm / 240.0 x 350.0 x 83.0cm / 350.0 x 350.0 x 83.0cm | Tejido o material: Terciopelo / Piel"
"fam-8541e3039a04","KAWOLA WIOLO","Muebles Style Spain","Hogar | Textiles y cojines","6","6","0","0","configurador","Color (visual)","Color: Verde musgo / Coñac / Antracita / Topo / Blanco crema / Gris"
"fam-ce3db6f40505","KAWOLA WIOLO SOFT","Muebles Style Spain","Hogar | Sofás","47","35","12","0","configurador","Color (visual) | Medida (buttons)","Color: Gris claro / Blanco crema / Rosa / Gris / Topo | Medida: 46.0 x 83.0 x 41.0cm / 111.0 x 111.0 x 43.0cm / 111.0 x 111.0 x 84.0cm / 111.0 x 222.0 x 84.0cm / 111.0 x 333.0 x 84.0cm / 222.0 x 222.0 x 84.0cm / 222.0 x 333.0 x 84.0cm / 333.0 x 333.0 x 84.0cm"
"fam-98946b382e8c","KAWOLA WOODY","Muebles Style Spain","Hogar | Mesas y escritorios","14","8","6","0","configurador","Color (visual) | Medida (buttons)","Color: Colores de madera / Marrón | Medida: 100.0 x 200.0 x 78.0cm / 100.0 x 220.0 x 78.0cm / 100.0 x 240.0 x 78.0cm / 100.0 x 260.0 x 78.0cm / 100.0 x 280.0 x 78.0cm / 100.0 x 300.0 x 78.0cm"
"fam-44cb59e82a76","KAWOLA WOODY","Muebles Style Spain","Hogar | Mesas y escritorios","3","3","0","0","configurador","Color o diseño (visual) | Medida (buttons)","Color o diseño: Diseño 1 / Diseño 2 | Medida: 100.0 x 200.0 x 78.0cm / 100.0 x 300.0 x 78.0cm"
"fam-8d925c45786b","KAWOLA YORK","Muebles Style Spain","Hogar | Sofás","6","6","0","0","configurador","Color o diseño (visual) | Medida (buttons)","Color o diseño: Diseño 1 / Diseño 2 / Diseño 3 / Diseño 4 / Diseño 5 | Medida: 180.0 x 284.0 x 85.0cm / 111.0 x 284.0 x 105.0cm"
"fam-010c7e078d41","KAWOLA ZAJA","Muebles Style Spain","Hogar | Bancos, pufs y reposapiés","13","13","0","0","configurador","Color (visual) | Medida (buttons) | Tejido o material (buttons)","Color: Negro / Petróleo / Gris / Blanco crema / Coñac / Blanco / Marrón oscuro / Verde oliva | Medida: 59.0 x 57.0 x 114.0cm / 59.0 x 57.0 x 103.0cm | Tejido o material: Piel sintética / Terciopelo / Microfibra / Plástico"
"fam-996e4db98095","KAWOLA ZAJA","Muebles Style Spain","Hogar | Sillas y sillones","20","20","0","0","configurador","Color (visual) | Medida (buttons) | Tejido o material (buttons)","Color: Blanco / Crema / Negro / Coñac / Gris / Blanco crema / Marrón / Verde oliva / Marrón arena | Medida: 59.0 x 57.0 x 82.0cm / 59.0 x 57.0 x 80.0cm / 59.0 x 57.0 x 85.0cm | Tejido o material: Plástico,Madera / Microfibra / Piel sintética / Terciopelo / Pana / Plástico / Piel"
"fam-2ac823ec9cca","KAWOLA ZINA","Muebles Style Spain","Hogar | Sillas y sillones","2","2","0","0","configurador","Color (visual) | Medida (buttons)","Color: Azul / Verde | Medida: 58.0 x 56.0 x 87.0cm / 57.0 x 53.0 x 87.0cm"
"ss-es-4fec2b3d8ccf","Muñeca Llorens 35 cm – Las Lindas Muñecas – Elena - 35 cm / Cuerpo de tela con extremidades de vinilo","Muñecas Llorens (ES)","Juguetes","2","2","0","0","configurador","Color o diseño (visual)","Color o diseño: Diseño 1 / Diseño 2"
"ss-es-c3d466b7ae5e","Muñeca Llorens 35 cm – Las Lindas Muñecas – Sara - 35 cm / Cuerpo de tela con extremidades de vinilo","Muñecas Llorens (ES)","Juguetes","2","2","0","0","configurador","Color o diseño (visual)","Color o diseño: Diseño 1 / Diseño 2"
"ss-es-0a8b1f6118f8","Muñeca Llorens que llora 33 cm – Los Llorones – Roberta Llorona - 33 cm / Cuerpo de tela con extremidades de vinilo","Muñecas Llorens (ES)","Juguetes","4","4","0","0","configurador","Color o diseño (visual)","Color o diseño: Diseño 1 / Diseño 2 / Diseño 3 / Diseño 4"
"ss-es-f3c6b99822cf","Muñeca Llorens que llora 38 cm – Los Llorones – Joelle Llorona - 38 cm / Cuerpo de tela con extremidades de vinilo","Muñecas Llorens (ES)","Juguetes","3","3","0","0","configurador","Color o diseño (visual)","Color o diseño: Diseño 1 / Diseño 2 / Diseño 3"
"ss-es-4d2005bac627","Muñeca Llorens que llora 42 cm – Los Llorones – Alexandra Llorona - 42 cm / Cuerpo de tela con extremidades de vinilo","Muñecas Llorens (ES)","Juguetes","3","3","0","0","configurador","Color o diseño (visual)","Color o diseño: Diseño 1 / Diseño 2 / Diseño 3"
"ss-es-b2b4f32df2d8","Muñeca Llorens que llora 42 cm – Los Llorones – Carla Llorona - 42 cm / Cuerpo de tela con extremidades de vinilo","Muñecas Llorens (ES)","Juguetes","2","2","0","0","configurador","Color o diseño (visual)","Color o diseño: Diseño 1 / Diseño 2"
"ss-es-677574c73ae8","Muñeca Llorens que llora 42 cm – Los Llorones – Julia Llorona - 42 cm / Cuerpo de tela con extremidades de vinilo","Muñecas Llorens (ES)","Juguetes","2","2","0","0","configurador","Color o diseño (visual)","Color o diseño: Diseño 1 / Diseño 2"
"ss-es-dee82aa24542","Muñeco Llorens 32 cm – Little Baby – Little Girl - 32 cm / Cuerpo de tela con extremidades de vinilo","Muñecas Llorens (ES)","Juguetes","2","2","0","0","configurador","Color o diseño (visual)","Color o diseño: Diseño 1 / Diseño 2"
"ss-es-2047f952232a","Muñeco Llorens articulado 35 cm – Recién Nacidos muy suaves – Bimba con cojín - 35 cm / Cuerpo de vinilo articulado","Muñecas Llorens (ES)","Juguetes","3","3","0","0","configurador","Color o diseño (visual)","Color o diseño: Diseño 1 / Diseño 2 / Diseño 3"
"ss-es-80486ea5bccd","Muñeco Llorens articulado 35 cm – Recién Nacidos muy suaves – Bimbo con cojín - 35 cm / Cuerpo de vinilo articulado","Muñecas Llorens (ES)","Juguetes","2","2","0","0","configurador","Color o diseño (visual)","Color o diseño: Diseño 1 / Diseño 2"
"ss-es-9cd97ea81c9a","Muñeco Llorens articulado 40 cm – Recién Nacidos muy suaves – Nico con cojín azul y osito - 40 cm / Cuerpo de vinilo","Muñecas Llorens (ES)","Juguetes","2","2","0","0","configurador","Color o diseño (visual)","Color o diseño: Diseño 1 / Diseño 2"
"ss-es-8a356a5073cd","Muñeco Llorens que ríe 42 cm - Recién Nacidos con sonidos de bebé – Mimi sonrisas con cojín camita - 42 cm / Cuerpo de tela con extremidades de vinilo","Muñecas Llorens (ES)","Juguetes","2","2","0","0","configurador","Color o diseño (visual)","Color o diseño: Diseño 1 / Diseño 2"
"outin-64a5aaa3ae66","Customized Nano Portable Espresso Machine","OutIn","Hogar y cocina | Aventura y viajes","5","5","0","5","configurador","Color o diseño (visual)","Color o diseño: Diseño 1 / Diseño 2 / Diseño 3 / Diseño 4 / Diseño 5"
"outin-bfacab7ad657","EVA Protective Case Plus","OutIn","Hogar y cocina | Aventura y viajes","2","2","0","0","configurador","Color (visual)","Color: Maple Brown / Sand Beige"
"outin-a70dafda8002","Flex Messenger","OutIn","Hogar y cocina | Aventura y viajes","2","2","0","0","configurador","Color (visual)","Color: Amber Brown / Cypress Green"
"outin-cb0f6e39ee39","Nano Portable Espresso Machine","OutIn","Hogar y cocina | Aventura y viajes","5","5","0","5","configurador","Color (visual) | Color o diseño (visual)","Color: Gris / Rojo | Color o diseño: Diseño 1 / Diseño 2 / Diseño 3"
"outin-c1a47b94a892","OutIn Mino Portable Electric Espresso Machine","OutIn","Hogar y cocina | Aventura y viajes","3","3","0","0","configurador","Color (visual)","Color: Sandstone White / Moss Green / Rose Clay"
"pixar-ea91df8cacfc","PIXAR® C1 Electric Bike 25km/h","PIXAR Bikes","Deportes y aire libre","20","20","0","0","configurador","Color (visual) | Configuración (buttons)","Color: Negro / Arena / Verde menta / Azul claro / Champán | Configuración: Sin cesta / Cesta delantera / Cesta trasera / Ambas cestas"
"pixar-12e2a60aa2a3","PIXAR® C1 Pro Electric Bike 25km/h","PIXAR Bikes","Deportes y aire libre","8","8","0","0","configurador","Color (visual) | Configuración (buttons)","Color: Negro / Blanco / Cyan Blue / Verde salvia | Configuración: Cesta delantera / Ambas cestas"
"pixar-13f6f7e03d74","PIXAR® C1 Pro Replacement New Battery","PIXAR Bikes","Deportes y aire libre","4","4","0","0","configurador","Color (visual)","Color: Blanco / Verde / Azul / Negro"
"pixar-5bdd900c6d8c","PIXAR® C1 Replacement New Battery","PIXAR Bikes","Deportes y aire libre","2","2","0","0","configurador","Color (visual)","Color: Arena / Negro"
"pixar-1fbfa6aaee66","PIXAR® Cruiser Electric Bike 25km/h","PIXAR Bikes","Deportes y aire libre","16","16","0","0","configurador","Color (visual) | Configuración (buttons)","Color: Negro / Blanco / Amarillo / Gris | Configuración: Sin cesta / Cesta delantera / Cesta trasera / Ambas cestas"
"pixar-ce23a3b51c90","PIXAR® Forge Folding Electric Bike 25km/h","PIXAR Bikes","Deportes y aire libre","16","16","0","0","configurador","Color (visual) | Configuración (buttons)","Color: Naranja / Blanco / Negro / Gris | Configuración: Sin cesta / Cesta delantera / Cesta trasera / Ambas cestas"
"pixar-e269d0c9c8d7","PIXAR® Largo Touring Electric Bike 25km/h","PIXAR Bikes","Deportes y aire libre","16","16","0","0","configurador","Color (visual) | Configuración (buttons)","Color: Verde hierba / Negro / Blanco / Gris | Configuración: Sin cesta / Ambas cestas / Cesta delantera / Cesta trasera"
"pixar-f6e114e046b0","PIXAR® Rusher Electric Bike 25km/h","PIXAR Bikes","Deportes y aire libre","12","12","0","0","configurador","Color (visual) | Configuración (buttons)","Color: Negro / Blanco / Amarillo | Configuración: Sin cesta / Cesta trasera / Cesta delantera / Ambas cestas"
"plantifique-a0d53b537473","Chin Strap Lifting Mask","Plantifique","Belleza y cuidado","3","2","1","1","configurador","Color (visual)","Color: Azul / Rosa"
"plantifique-c7e1bf8901d2","Face Cleaning Towels","Plantifique","Belleza y cuidado","4","3","1","1","configurador","Talla (buttons) | Configuración (buttons)","Talla: pack-15 / pack-50 / pack-100 | Configuración: pack-15 / pack-50 / pack-100"
"plantifique-c9b3ad98a985","Glycolic Acid & Centella Peeling Pads","Plantifique","Belleza y cuidado","3","2","1","3","configurador","Configuración (buttons)","Configuración: Original Container / Refill Container"
"plantifique-c4dc934f251d","Golden Under Eye Gel Patches","Plantifique","Belleza y cuidado","4","3","1","4","configurador","Configuración (buttons)","Configuración: 20 pairs / 30 pairs / 5 pairs"
"plantifique-de29cae9de5a","Hydrating Foot Mask","Plantifique","Belleza y cuidado","4","3","1","4","configurador","Configuración (buttons)","Configuración: 2-pack / 4-pack / 8-pack"
"plantifique-6589a9322dd7","Kojic Acid & Turmeric Brightening Soap","Plantifique","Belleza y cuidado","5","4","1","5","configurador","Configuración (buttons)","Configuración: 1-pack + Case / 2-pack / 3-pack + Net / 4-pack + Bag"
"plantifique-1d85c8ef7c79","Peach Foot Peeling Mask","Plantifique","Belleza y cuidado","4","3","1","1","configurador","Talla (buttons) | Configuración (buttons)","Talla: 1-pack / 2-pack / 4-pack | Configuración: 1-pack / 2-pack / 4-pack"
"plantifique-4f0de260f57c","Superfoods Sheet Masks","Plantifique","Belleza y cuidado","3","2","1","1","configurador","Talla (buttons) | Configuración (buttons)","Talla: 5-pack / 10-pack | Configuración: 5-pack / 10-pack"
"plantifique-ff858ff40ab4","Vitamins Foot Peeling Mask","Plantifique","Belleza y cuidado","3","2","1","3","configurador","Configuración (buttons)","Configuración: 1-pack / 2-pack"
"fam-5b934f6cbf7f","Shokz Accesorio para auriculares","SHOKZ ES","Tecnología","3","3","0","0","configurador","Color (visual)","Color: Lila / Nácar / Teclas de piano"
"fam-b52a08ead692","Shokz Almohadillas de alivio de presión OpenMeet(UC)","SHOKZ ES","Tecnología","3","3","0","0","configurador","Talla (buttons)","Talla: Tamaño L / Tamaño M / Tamaño S"
"fam-eb99b763dd2a","Shokz Bolsa tote","SHOKZ ES","Tecnología","2","2","0","2","configurador","Configuración (buttons)","Configuración: Shokz Tote Bag / Tote Bag"
"fam-84d7493e98aa","Shokz OpenComm2 UC Actualización 2025","SHOKZ ES","Tecnología","2","2","0","0","configurador","Configuración (buttons)","Configuración: USB-A / USB-C"
"fam-586dcdf850df","Shokz OpenDots 2","SHOKZ ES","Tecnología","3","3","0","0","configurador","Color (visual)","Color: Blanco Perla / Negro / Gris"
"fam-2330f02705b5","Shokz OpenDots Air","SHOKZ ES","Tecnología","2","2","0","0","configurador","Color (visual)","Color: Púrpura amanecer / Negro"
"fam-08690a6ed2d0","Shokz OPENDOTS ONE","SHOKZ ES","Tecnología","3","3","0","0","configurador","Color (visual)","Color: Negro / Gris / Rosa"
"fam-5e2479dc007d","Shokz OpenDots One Funda protectora","SHOKZ ES","Tecnología","3","3","0","0","configurador","Color (visual)","Color: Negro / Gris / Rosa"
"fam-42e66df2c242","Shokz OpenFit 2+","SHOKZ ES","Tecnología","2","2","0","0","configurador","Color (visual)","Color: Negro / Gris"
"fam-8d7853685787","Shokz OpenFit 2+ Funda protectora","SHOKZ ES","Tecnología","2","2","0","0","configurador","Color (visual)","Color: Negro / Gris"
"fam-2edda183942c","Shokz OpenFit Air","SHOKZ ES","Tecnología","3","3","0","0","configurador","Color (visual)","Color: Negro / Blanco / Rosa"
"fam-da25e4de1771","Shokz OPENFIT PRO","SHOKZ ES","Tecnología","2","2","0","0","configurador","Color (visual)","Color: Negro / Blanco"
"fam-11836fa9f2c8","Shokz OPENMOVE","SHOKZ ES","Tecnología","2","2","0","0","configurador","Color (visual)","Color: Gris Pizarra / Azul Elevación"
"fam-92d0b08c77a9","Shokz OPENRUN","SHOKZ ES","Tecnología","3","3","0","0","configurador","Color (visual)","Color: Negro Cósmico / Azul Eclipse / Negro Cósmico Mini"
"fam-213f20317714","Shokz OpenRun Pro2","SHOKZ ES","Tecnología","5","5","0","0","configurador","Color (visual)","Color: Negro / Naranja / Negro Mini / Naranja Mini / Edición conjunta con Kipchoge"
"fam-efa5489e7d0a","Shokz OPENSWIM PRO","SHOKZ ES","Tecnología","2","2","0","0","configurador","Color (visual)","Color: Gris / Rojo"
"ss-es-4549d23e79ec","Champú curly 300 ml","Vegairoa","Belleza y cuidado | Cuidado del cabello","2","2","0","2","configurador","Color o diseño (visual)","Color o diseño: Diseño 1 / Diseño 2"
"ss-es-bcf084816719","Champú no orange 300 ml","Vegairoa","Belleza y cuidado | Cuidado del cabello","2","2","0","2","configurador","Color o diseño (visual)","Color o diseño: Diseño 1 / Diseño 2"
"ss-es-0cfc8d5205e1","Champú no yellow 300 ml","Vegairoa","Belleza y cuidado | Cuidado del cabello","2","2","0","2","configurador","Color o diseño (visual)","Color o diseño: Diseño 1 / Diseño 2"
"ss-es-d440b0b194f3","Champú post alisado 300 ml","Vegairoa","Belleza y cuidado | Cuidado del cabello","2","2","0","2","configurador","Color o diseño (visual)","Color o diseño: Diseño 1 / Diseño 2"
"ss-es-658f749be982","Champú repair 300 ml","Vegairoa","Belleza y cuidado | Cuidado del cabello","2","2","0","2","configurador","Color o diseño (visual)","Color o diseño: Diseño 1 / Diseño 2"
"ss-es-1242884b086c","Mascarilla curly 275 ml","Vegairoa","Belleza y cuidado | Cuidado del cabello","2","2","0","2","configurador","Color o diseño (visual)","Color o diseño: Diseño 1 / Diseño 2"
"ss-es-22aa31fb69fc","Mascarilla no orange 275ml","Vegairoa","Belleza y cuidado | Cuidado del cabello","2","2","0","2","configurador","Color o diseño (visual)","Color o diseño: Diseño 1 / Diseño 2"
"ss-es-ac1fc2b806e8","Mascarilla no yellow 275ml","Vegairoa","Belleza y cuidado | Cuidado del cabello","2","2","0","2","configurador","Color o diseño (visual)","Color o diseño: Diseño 1 / Diseño 2"
"ss-es-603fa773871c","Mascarilla post alisado 275ml","Vegairoa","Belleza y cuidado | Cuidado del cabello","2","1","1","2","duplicados_agrupados","",""
"ss-es-d6d701a467a2","Mascarilla Repair 275 ml","Vegairoa","Belleza y cuidado | Cuidado del cabello","2","2","0","2","configurador","Color o diseño (visual)","Color o diseño: Diseño 1 / Diseño 2"
"vivien-5de63c40e31f","[150% High Density Upgrade] 13*13 Hair Topper Without Bangs (#8p/60)","Vivien Hair","Belleza y cuidado","7","6","1","7","configurador","Longitud (buttons)","Longitud: 10″ / 12″ / 14″ / 16″ / 18″ / 20″"
"vivien-16aa859affed","[150% High Density Upgrade] 13*13 Large Base Hair Topper Highlights Color (#18/613)","Vivien Hair","Belleza y cuidado","7","6","1","7","configurador","Longitud (buttons)","Longitud: 10″ / 12″ / 14″ / 16″ / 18″ / 20″"
"vivien-be7350afeeda","[150% High Density Upgrade] 13*13 Large Base Remy Clip in Hair Topper (#60)","Vivien Hair","Belleza y cuidado","7","6","1","7","configurador","Longitud (buttons)","Longitud: 10″ / 12″ / 14″ / 16″ / 18″ / 20″"
"vivien-1416956ff55d","[150% High Density Upgrade] 13*13 Remy Large Hair Topper Without Bangs (#3/8/22)","Vivien Hair","Belleza y cuidado","7","7","0","7","configurador","Longitud (buttons)","Longitud: 10″ / 12″ / 14″ / 16″ / 18″ / 20″ (preventa)"
"vivien-628721b74f8b","[150% High Density Upgrade] Clip in Crown Medium Hair Topper Platinum Blonde Hair (#60)","Vivien Hair","Belleza y cuidado","7","6","1","7","configurador","Longitud (buttons)","Longitud: 10″ / 12″ / 14″ / 16″ / 18″ / 20″"
"vivien-a1519ad274a1","[150% High Density Upgrade] Clip in Medium Crown and Front Hairline Hairpieces(#18/613)","Vivien Hair","Belleza y cuidado","7","6","1","7","configurador","Longitud (buttons)","Longitud: 10″ / 12″ / 14″ / 16″ / 18″ / 20″"
"vivien-0234dc3adff4","[150% High Density Upgrade] Real Remy Clip in Crown Medium Hair Topper Off Black (#1b)","Vivien Hair","Belleza y cuidado","7","7","0","7","configurador","Longitud (buttons)","Longitud: 10″ / 12″ / 14″ / 16″ / 18″ / 20″"
"vivien-3512ca484e5b","[150% High Density Upgrade] Remy 13*13 Large Hair Topper Darkest Brown Hair (#2)","Vivien Hair","Belleza y cuidado","7","7","0","7","configurador","Longitud (buttons)","Longitud: 10″ / 12″ / 14″ / 16″ / 18″ / 20″ (preventa)"
"vivien-743ff6c21018","[150% High Density Upgrade] Remy 13*13 Large Hair Topper Off Black (#1b)","Vivien Hair","Belleza y cuidado","7","7","0","7","configurador","Longitud (buttons)","Longitud: 10″ / 12″ / 14″ / 16″ / 18″ / 20″ (preventa)"
"vivien-c36536e9762e","[150% High Density Upgrade] Remy Clip in Medium Hair Topper Without Bangs (#10T/613)","Vivien Hair","Belleza y cuidado","7","7","0","7","configurador","Longitud (buttons)","Longitud: 10″ / 12″ / 14″ / 16″ / 18″ / 20″"
"vivien-cbf1fdf4ee3e","[150% High Density Upgrade] Remy Hair 13*13 Large Hair Topper (#4/27/4)","Vivien Hair","Belleza y cuidado","7","7","0","7","configurador","Longitud (buttons)","Longitud: 10″ / 12″ / 14″ / 16″ / 18″ / 20″ (preventa)"
"vivien-cdd89a52d593","[150% High Density Upgrade] Remy Medium Hair Topper Darkest Brown for Thinning Hair (#2)","Vivien Hair","Belleza y cuidado","7","6","1","7","configurador","Longitud (buttons)","Longitud: 10″ / 12″ / 14″ / 16″ / 18″ / 20″"
"vivien-07f899602f95","[150% High Density Upgrade] Remy Medium Hair Topper Hairpieces without Bangs (#4/27/4)","Vivien Hair","Belleza y cuidado","7","6","1","7","configurador","Longitud (buttons)","Longitud: 10″ / 12″ / 14″ / 16″ / 18″ / 20″"
"vivien-7c9b976f4554","[150% High Density Upgrade] Remy Medium Hairpieces Breathable Hair Topper (#3/8/22)","Vivien Hair","Belleza y cuidado","7","6","1","7","configurador","Longitud (buttons)","Longitud: 10″ / 12″ / 14″ / 16″ / 18″ / 20″"
"vivien-0bef7c87f9a3","[150% High Density Upgrade] Remy Mono Base Medium Hair Toppers No Bangs (#8p60)","Vivien Hair","Belleza y cuidado","7","6","1","7","configurador","Longitud (buttons)","Longitud: 10″ / 12″ / 14″ / 16″ / 18″ / 20″"
"vivien-7680fc368e52","[150% High Density Upgrade]13*13 Large Hair Topper Ombre Blonde (#T10/613)","Vivien Hair","Belleza y cuidado","7","6","1","7","configurador","Longitud (buttons)","Longitud: 10″ / 12″ / 14″ / 16″ / 18″ / 20″"
"vivien-046ad3bdda18","[Final Sale] Highlight Brown with Blonde High Quality BOB Wig #2/27/613","Vivien Hair","Belleza y cuidado","3","3","0","3","configurador","Longitud (buttons)","Longitud: 12″ / 14″"
"vivien-45e58d77f779","[Pre Sale] Inject Seamless Clip in Blonde #60 7Pcs 18-22In 135G/150G","Vivien Hair","Belleza y cuidado","4","3","1","4","configurador","Configuración (buttons)","Configuración: 18 IN / 20 IN / 22 IN"
"vivien-021629189a6e","[Pre Sale] PU Genius Seamless Clip in Balayage Brown #3/8/22 7Pcs 14-24In 135G/150G","Vivien Hair","Belleza y cuidado","7","7","0","7","configurador","Configuración (buttons)","Configuración: 14 IN / 16 IN / 18 IN / 20 IN / 22 IN / 24 IN"
"vivien-d8f11c90cebd","[Pre Sale] Ultra Volume Seamless Clip-In Hair Extensions Balayage Blonde #3/8/22","Vivien Hair","Belleza y cuidado","6","6","0","6","configurador","Configuración (buttons)","Configuración: 16 IN / 18 IN / 20 IN / 22 IN / 24 IN"
"vivien-5c48d385ae73","[Pre Sale] Virgin Fishnet Topper 100% Human Hair Topper 6×6 inches Balayage Blonde #8C60","Vivien Hair","Belleza y cuidado","5","5","0","5","configurador","Longitud (buttons)","Longitud: 12″ / 14″ / 16″ / 18″"
"vivien-94eb271502db","[Pre Sale] Virgin Fishnet Topper 100% Human Hair Topper 6×6 inches Blonde #60","Vivien Hair","Belleza y cuidado","5","4","1","5","configurador","Longitud (buttons)","Longitud: 12″ / 14″ / 16″ / 18″"
"vivien-115d89f1bf14","[Pre Sale] Virgin Fishnet Topper 100% Human Hair Topper 6×6 inches Darkest Brown #2","Vivien Hair","Belleza y cuidado","5","5","0","5","configurador","Longitud (buttons)","Longitud: 12″ / 14″ / 16″ / 18″"
"vivien-d368fbcd349a","[Pre Sale] Virgin Fishnet Topper 100% Human Hair Topper 6×6 inches Highlight Blonde #16/22","Vivien Hair","Belleza y cuidado","5","4","1","5","configurador","Longitud (buttons)","Longitud: 12″ / 14″ / 16″ / 18″"
"vivien-8297fe5e0340","[Pre Sale] Virgin Fishnet Topper 100% Human Hair Topper 6×6 inches Loss Balayage #4/4/27","Vivien Hair","Belleza y cuidado","5","5","0","5","configurador","Longitud (buttons)","Longitud: 12″ / 14″ / 16″ / 18″"
"vivien-c537edcf0dba","[Pre Sale] Virgin Fishnet Topper 100% Human Hair Topper 6×6 inches Thinning crown #2/8/2","Vivien Hair","Belleza y cuidado","5","5","0","5","configurador","Longitud (buttons)","Longitud: 12″ / 14″ / 16″ / 18″"
"vivien-0e8dd57d7b6b","[virgin+]100% virgin+ Weft Human Hair Bundle Invisible Genius Weft Extensions Jet Black #1","Vivien Hair","Belleza y cuidado","8","8","0","8","configurador","Longitud (buttons) | Configuración (buttons)","Longitud: 16″ / 18″ / 20″ / 22″ / 24″ | Configuración: 1 bundle / 2 bundles"
"vivien-e548b1cc369d","[virgin+]Vivien Double Weft Human Hair Thick Bundle virgin+ Genius Weft Extensions Platinum Blonde #60","Vivien Hair","Belleza y cuidado","8","7","1","8","configurador","Longitud (buttons) | Configuración (buttons)","Longitud: 16″ / 18″ / 20″ / 22″ / 24″ | Configuración: 1 bundle / 2 bundles"
"vivien-b0c3c883dfbb","100% Virgin Hair Bundle Invisible Genius Weft Extensions Jet Black #1","Vivien Hair","Belleza y cuidado","12","12","0","12","configurador","Longitud (buttons) | Configuración (buttons)","Longitud: 16″ / 18″ / 20″ / 22″ / 24″ | Configuración: 1 bundle / 2 bundles / 4 bundles"
"vivien-f88125a37707","Balayage Color Real Human Virgin Hair Extensions Tape in Hair #18/22/60","Vivien Hair","Belleza y cuidado","12","12","0","12","configurador","Longitud (buttons) | Configuración (buttons)","Longitud: 14″ / 16″ / 18″ / 20″ / 22″ / 24″ | Configuración: 10PCS 25g + Free Tapes / 20PCS 50g + Free Tapes"
"vivien-4615a33f3a0e","Balayage Ombre Brown to Blonde Virgin Real Hair Extensions Skin Tape in Hair #3/8/22","Vivien Hair","Belleza y cuidado","12","12","0","12","configurador","Longitud (buttons) | Configuración (buttons)","Longitud: 14″ / 16″ / 18″ / 20″ / 22″ / 24″ | Configuración: 25g + Free Tapes / 50g + Free Tapes"
"vivien-9f99104570c8","Clip in Crown Medium Virgin Hair Topper Hand-Made Hair Piece Platinum Blonde (#60)","Vivien Hair","Belleza y cuidado","6","5","1","6","configurador","Longitud (buttons)","Longitud: 12″ / 14″ / 16″ / 18″ / 20″"
"vivien-09b92650394c","Flat Silk Weft PU Sew In Virgin Hair Balayage Blonde Double Weft Hair Extensions For Women #18/22/60","Vivien Hair","Belleza y cuidado","12","11","1","12","configurador","Longitud (buttons) | Configuración (buttons)","Longitud: 14″ / 16″ / 18″ / 20″ / 22″ / 24″ | Configuración: 50g / 100g"
"vivien-da818764ef98","Flat Silk Weft PU Sew In Virgin Hair Balayage Brown Mixed Blonde Double Weft Hair #3/8/22","Vivien Hair","Belleza y cuidado","12","11","1","12","configurador","Longitud (buttons) | Configuración (buttons)","Longitud: 14″ / 16″ / 18″ / 20″ / 22″ / 24″ | Configuración: 50g / 100g"
"vivien-fcf750b470f6","Flat Silk Weft PU Sew In Virgin Hair Balayage Color Brown Mixed Blonde Double Weft Hair #8/60","Vivien Hair","Belleza y cuidado","12","11","1","12","configurador","Longitud (buttons) | Configuración (buttons)","Longitud: 14″ / 16″ / 18″ / 20″ / 22″ / 24″ | Configuración: 50g / 100g"
"vivien-e29ca7b816a6","Invisible Injection Tape in Hair Extensions Balayage Brown 100% Real Human Hair #DU","Vivien Hair","Belleza y cuidado","12","12","0","12","configurador","Longitud (buttons) | Configuración (buttons)","Longitud: 14″ / 16″ / 18″ / 20″ / 22″ / 24″ | Configuración: 5PCS + Free Tapes / 10PCS + Free Tapes"
"vivien-9d2316cd51ab","K-Tip Hair Extensions Jet Black Human Virgin Hair Keratin Hair Nail Tip Hair Extensions #1","Vivien Hair","Belleza y cuidado","12","12","0","12","configurador","Longitud (buttons) | Configuración (buttons)","Longitud: 16″ / 18″ / 20″ / 22″ / 24″ | Configuración: 25g / 50g / 100g"
"vivien-3c2a8a1d0f99","K-Tip Virgin Hair Extensions Keratin Brown Human Nail Tip Hair Extensions #4","Vivien Hair","Belleza y cuidado","12","11","1","12","configurador","Longitud (buttons) | Configuración (buttons)","Longitud: 16″ / 18″ / 20″ / 22″ / 24″ | Configuración: 25g / 50g / 100g"
"vivien-0fa97701ecc9","Real Virgin Clip in Crown Medium Hair Topper Hand-Made Hair Off Black (#1b)","Vivien Hair","Belleza y cuidado","6","6","0","6","configurador","Longitud (buttons)","Longitud: 12″ / 14″ / 16″ / 18″ / 20″"
"vivien-59e732102b2c","Regular Virgin Tape in Hair Extensions 100% Real Human Hair Off Black #1B","Vivien Hair","Belleza y cuidado","12","12","0","12","configurador","Longitud (buttons) | Configuración (buttons)","Longitud: 14″ / 16″ / 18″ / 20″ / 22″ / 24″ / 26″ / 28″ | Configuración: 10PCS 25g + Free Tapes / 20PCS 50g + Free Tapes"
"vivien-3abf58cf8529","Sew in Hair Extensions Brown Virgin Weft Real Human Hair For Women #4","Vivien Hair","Belleza y cuidado","11","11","0","11","configurador","Longitud (buttons) | Configuración (buttons)","Longitud: 16″ / 18″ / 20″ / 22″ / 24″ | Configuración: 50g / 100g"
"vivien-a342a41b8e24","Sew in Hair Extensions Darkest Brown Virgin Hair Weft Human Hair #2","Vivien Hair","Belleza y cuidado","11","11","0","11","configurador","Longitud (buttons) | Configuración (buttons)","Longitud: 16″ / 18″ / 20″ / 22″ / 24″ | Configuración: 50g / 100g"
"vivien-b812007c3366","Tape in Hair Extensions Balayage Ombre Brown to Platinum Blonde #8/60","Vivien Hair","Belleza y cuidado","12","12","0","12","configurador","Longitud (buttons) | Configuración (buttons)","Longitud: 14″ / 16″ / 18″ / 20″ / 22″ / 24″ | Configuración: 10PCS 25g + Free Tapes / 20PCS 50g + Free Tapes"
"vivien-9f054fc62268","Virgin Crown Topper 100% Human Hair Topper Large Base Darkest Brown #2","Vivien Hair","Belleza y cuidado","6","6","0","6","configurador","Longitud (buttons)","Longitud: 12″ / 14″ / 16″ / 18″ / 20″"
"vivien-6b25efa620ef","Virgin Genius Weft Extensions 100% Real Human Hair Solid Brown #4","Vivien Hair","Belleza y cuidado","12","12","0","12","configurador","Longitud (buttons) | Configuración (buttons)","Longitud: 16″ / 18″ / 20″ / 22″ / 24″ | Configuración: 1 bundle / 2 bundles / 4 bundles"
"vivien-4f96711f7af3","Virgin Genius Weft Hair High Quality Extensions Darkest Brown #2","Vivien Hair","Belleza y cuidado","12","12","0","12","configurador","Longitud (buttons) | Configuración (buttons)","Longitud: 16″ / 18″ / 20″ / 22″ / 24″ | Configuración: 1 bundle / 2 bundles / 4 bundles"
"vivien-13f2441680bb","Virgin Hand Tied Human Hair Weft Balayage Brown with Blonde #4/27/4","Vivien Hair","Belleza y cuidado","12","11","1","12","configurador","Longitud (buttons) | Configuración (buttons)","Longitud: 14″ / 16″ / 18″ / 20″ | Configuración: 1 Bundle / 3 Bundles / 5 Bundles"
"vivien-b3123b18f1dd","Virgin Hand Tied Weft Balayage Ash Blonde with Platinum Blonde Real Hair Extensions #8/60","Vivien Hair","Belleza y cuidado","12","11","1","12","configurador","Longitud (buttons) | Configuración (buttons)","Longitud: 14″ / 16″ / 18″ / 20″ / 22″ / 24″ | Configuración: 1 Bundle / 3 Bundles"
"vivien-4bad2f2b8b37","Virgin Injection Tape in Hair Extensions Balayage Ombre Brown with Blonde #4/8/27/4","Vivien Hair","Belleza y cuidado","12","12","0","12","configurador","Longitud (buttons) | Configuración (buttons)","Longitud: 14″ / 16″ / 18″ / 20″ / 22″ / 24″ | Configuración: 5PCS + Free Tapes / 10PCS + Free Tapes"
"vivien-24ab16af9bea","Virgin Invisible Injection Tape in Hair Extensions Balayage Color for Women #3/8/22","Vivien Hair","Belleza y cuidado","12","12","0","12","configurador","Longitud (buttons) | Configuración (buttons)","Longitud: 14″ / 16″ / 18″ / 20″ / 22″ / 24″ | Configuración: 5PCS + Free Tapes / 10PCS + Free Tapes"
"vivien-f123b974848c","Virgin Large Base Mono Hair Topper Toupee With Clips For Women Brown #4","Vivien Hair","Belleza y cuidado","6","6","0","6","configurador","Longitud (buttons)","Longitud: 12″ / 14″ / 16″ / 18″ / 20″"
"vivien-9ae599a7823d","Virgin Large Mono Base Toppers Real Crown For Women Top Hair Pieces Blonde #60","Vivien Hair","Belleza y cuidado","5","5","0","5","configurador","Longitud (buttons)","Longitud: 12″ / 14″ / 16″ / 18″"
"vivien-9f1a11f08db4","Virgin Medium Base Hair Toppers No Bangs Hair Darkest Brown for Thinning Hair #2","Vivien Hair","Belleza y cuidado","6","6","0","6","configurador","Longitud (buttons)","Longitud: 12″ / 14″ / 16″ / 18″ / 20″"
"vivien-75e3faa30312","Virgin Medium Hair Virgin Topper Hairpieces without Bangs Breathable Hair Topper (#4/27/4)","Vivien Hair","Belleza y cuidado","6","6","0","6","configurador","Longitud (buttons)","Longitud: 12″ / 14″ / 16″ / 18″ / 20″"
"vivien-0cf91be0b027","Virgin Medium Hair Virgin Topper Hairpieces without Bangs Hair Topper Soft Hair (#3/8/22)","Vivien Hair","Belleza y cuidado","6","5","1","6","configurador","Longitud (buttons)","Longitud: 12″ / 14″ / 16″ / 18″ / 20″"
"vivien-8e62e6c4052b","Virgin Sew in Hair Weft Bundle Weave Real Hair For Women Off Black #1b","Vivien Hair","Belleza y cuidado","11","11","0","11","configurador","Longitud (buttons) | Configuración (buttons)","Longitud: 16″ / 18″ / 20″ / 22″ / 24″ | Configuración: 50g / 100g"
"vivien-1adc97654d4a","Virgin Toppers Large Base 100% Real Human Hair Pieces For Women Natural Black #1B","Vivien Hair","Belleza y cuidado","6","6","0","6","configurador","Longitud (buttons)","Longitud: 12″ / 14″ / 16″ / 18″ / 20″"
"vivien-c6dfb2cf071f","Virgin Weft Hair Extension Invisible Injected Flat Weft With Hole Darkest Brown #2","Vivien Hair","Belleza y cuidado","6","6","0","6","configurador","Longitud (buttons)","Longitud: 16″ / 18″ / 20″ / 22″ / 24″"
"vivien-c5f6b8c0629a","Virgin Weft Hair Extension Invisible Injected Flat Weft With Hole Jet Black #1","Vivien Hair","Belleza y cuidado","6","6","0","6","configurador","Longitud (buttons)","Longitud: 16″ / 18″ / 20″ / 22″ / 24″"
"vivien-7a9fddd4dbc1","Virgin Weft Hair Extension Invisible Injected Flat Weft With Hole off Black #1B","Vivien Hair","Belleza y cuidado","6","6","0","6","configurador","Longitud (buttons)","Longitud: 16″ / 18″ / 20″ / 22″ / 24″"
"vivien-ad6deadbbfb5","Virgin+ Injection Tape Hair Extensions Natural Balayage Hair #8/27/60","Vivien Hair","Belleza y cuidado","12","11","1","12","configurador","Longitud (buttons) | Configuración (buttons)","Longitud: 14″ / 16″ / 18″ / 20″ / 22″ / 24″ | Configuración: 5PCS + Free Tapes / 10PCS + Free Tapes"
"vivien-0dd2835d63c2","Virgin+ Injection Tape Hair Extensions Natural Hair Platinum Blonde #60","Vivien Hair","Belleza y cuidado","12","11","1","12","configurador","Longitud (buttons) | Configuración (buttons)","Longitud: 14″ / 16″ / 18″ / 20″ / 22″ / 24″ | Configuración: 5PCS + Free Tapes / 10PCS + Free Tapes"
"vivien-f42eca51ad8e","Virgin+ Injection Tape Hair Extensions Seamless Hair #4/8/27/4","Vivien Hair","Belleza y cuidado","12","11","1","12","configurador","Longitud (buttons) | Configuración (buttons)","Longitud: 14″ / 16″ / 18″ / 20″ / 22″ / 24″ | Configuración: 5PCS + Free Tapes / 10PCS + Free Tapes"
"vivien-6808b3c2d2a5","Vivien Satin sleep cap for women – Protect Your Hair Extensions & Wake Up Tangle-Free!","Vivien Hair","Belleza y cuidado","5","5","0","1","configurador","Color (visual) | Color o diseño (visual)","Color: Rosa / Random / Negro / Blanco | Color o diseño: Diseño 1 / Diseño 2"
"vivien-a7b0a80cc458","Vivien Virgin Clip in Medium Hair Toppers Crown and Front Hairline Hairpieces Without Bangs (#18/613)","Vivien Hair","Belleza y cuidado","6","6","0","6","configurador","Longitud (buttons)","Longitud: 12″ / 14″ / 16″ / 18″ / 20″"
"vivien-4dad4a2818d6","Vivien Virgin Mono Base Medium Hair Toppers No Bangs Silky Straight Hair (#8p60)","Vivien Hair","Belleza y cuidado","6","5","1","6","configurador","Longitud (buttons)","Longitud: 12″ / 14″ / 16″ / 18″ / 20″"
"vivien-33b08135c2bd","Vivien Virgin+ Hand-tied Natural Real Human Hair Weft Extensions Jet Black #1","Vivien Hair","Belleza y cuidado","11","10","1","11","configurador","Longitud (buttons) | Configuración (buttons)","Longitud: 14″ / 16″ / 18″ / 20″ / 22″ / 24″ | Configuración: 1 Bundle(10g) / 1 Bundle(15g) / 3 Bundles(30g) / 5 Bundles(50g)"
"vivien-fc02406131fd","Vivien Virgin+ Hand-tied Real 100% Human Hair Weft Highlithed Shine Hair 18/613","Vivien Hair","Belleza y cuidado","11","10","1","11","configurador","Longitud (buttons) | Configuración (buttons)","Longitud: 14″ / 16″ / 18″ / 20″ / 22″ / 24″ | Configuración: 1 Bundle(10g) / 1 Bundle(15g) / 3 Bundles(30g) / 5 Bundles(50g)"
"vivien-d2b4de27f5f6","Vivien Virgin+ Hand-tied Real Human Hair Weft Extensions Medium Brown #4","Vivien Hair","Belleza y cuidado","11","10","1","11","configurador","Longitud (buttons) | Configuración (buttons)","Longitud: 14″ / 16″ / 18″ / 20″ / 22″ / 24″ | Configuración: 1 Bundle(10g) / 1 Bundle(15g) / 3 Bundles(30g) / 5 Bundles(50g)"
"vivien-7485a35bc461","VIVIEN Weft Hair Extension Tool Kit for Sew-In & Micro Ring Installs","Vivien Hair","Belleza y cuidado","4","3","1","1","configurador","Configuración (buttons)","Configuración: Complete Kit (Sew-In + Micro Ring) / Sew-In Needle and Thread Kit / Micro Ring Tool Kit"
"xteink-a17c6eab1fbc","eReader Adhesive Metal Ring","Xteink","Tecnología","3","1","2","3","duplicados_agrupados","",""
"xteink-4341b8d91788","eReader Magnetic Reading Light","Xteink","Tecnología","3","2","1","3","configurador","Configuración (buttons)","Configuración: Single Pack / Dual Pack"
"xteink-1aadb1aea94e","X3 Magnetic Case","Xteink","Tecnología","7","6","1","1","configurador","Color (visual)","Color: Space Black / Cloud Grey / Forest Green / Verde menta / Blossom Pink / Raspberry Red"
"xteink-6d44d238817d","X3 Matte Screen Protector","Xteink","Tecnología","4","1","3","4","duplicados_agrupados","",""
"xteink-41a2306af087","X3 Protective Case","Xteink","Tecnología","3","2","1","1","configurador","Color (visual)","Color: Forest Black / Mist White"
"xteink-cbf80e22f55c","X3 Tempered Glass Screen Protector","Xteink","Tecnología","4","3","1","4","configurador","Configuración (buttons)","Configuración: Single Pack / Dual Pack / Triple Pack"
"xteink-4014042de2df","X4 Magnetic Case","Xteink","Tecnología","5","4","1","1","configurador","Color (visual)","Color: Forest Green / Verde menta / Blossom Pink / Raspberry Red"
"xteink-9ac5c54964c6","X4 Pro Magnetic Case - Multiple Colors","Xteink","Tecnología","7","6","1","1","configurador","Color (visual)","Color: Forest Green / Verde menta / Blossom Pink / Raspberry Red / Space Black / Cloud Grey"
"xteink-703ebefdb714","X4 Pro Matte Screen Protector","Xteink","Tecnología","4","1","3","4","duplicados_agrupados","",""
"xteink-77abad39ba18","X4 Pro Protective Case","Xteink","Tecnología","3","2","1","1","configurador","Color (visual)","Color: Mist White / Gris niebla"
"xteink-1f38a8d9c901","X4 Pro Tempered Glass Screen Protector","Xteink","Tecnología","4","3","1","4","configurador","Configuración (buttons)","Configuración: Single Pack / Dual Pack / Triple Pack"
"xteink-8dd534e13474","X4 Protective Case","Xteink","Tecnología","2","1","1","1","duplicados_agrupados","",""
"xteink-ecb20a28de0b","X4 Tempered Glass Screen Protector","Xteink","Tecnología","4","3","1","4","configurador","Configuración (buttons)","Configuración: Single Pack / Dual Pack / Triple Pack"
"xteink-8171c40a60dc","Xteink X3 Pocket eReader","Xteink","Tecnología","3","2","1","3","configurador","Color (visual)","Color: Negro / Gris niebla"
"xteink-7361cab18f5d","Xteink X4 Pocket eReader","Xteink","Tecnología","3","2","1","3","configurador","Color (visual)","Color: Negro / Gris niebla"
